ID,resname,resid,x_1,y_1,z_1,x_2,y_2,z_2,x_3,y_3,z_3,x_4,y_4,z_4,x_5,y_5,z_5
R1107_1,G,1,1.22265625,-1.9013671875,0.58056640625,1.37890625,-1.81640625,0.3955078125,1.8876953125,-2.134765625,0.7607421875,1.23046875,-1.8134765625,0.0081634521484375,1.0263671875,-1.0322265625,1.064453125
R1107_2,G,2,1.59375,-1.5380859375,0.4375,1.306640625,-1.6279296875,0.279296875,1.48046875,-1.171875,0.39013671875,1.3564453125,-1.4912109375,1.068359375,1.314453125,-1.2412109375,0.012542724609375
R1107_3,G,3,1.5712890625,-1.4677734375,0.3232421875,2.068359375,-1.0576171875,0.0296173095703125,1.25390625,-1.0791015625,-0.1444091796875,1.708984375,-1.044921875,0.4716796875,1.80078125,-0.99609375,-0.268310546875
R1107_4,G,4,2.03125,-1.2431640625,-0.5419921875,1.1708984375,-1.3974609375,-0.66845703125,1.7177734375,-1.09375,-0.2247314453125,1.5498046875,-1.7783203125,-0.130126953125,2.08984375,-1.33984375,0.10369873046875
R1107_5,G,5,1.95703125,-1.93359375,0.23095703125,2.203125,-2.21875,0.79833984375,2.435546875,-1.478515625,-0.2083740234375,2.197265625,-1.5947265625,0.058074951171875,1.5205078125,-1.9853515625,0.309814453125
R1107_6,C,6,3.77734375,-2.716796875,1.2060546875,3.439453125,-2.3203125,2.62109375,3.103515625,-2.14453125,1.896484375,2.9609375,-2.669921875,2.080078125,3.3984375,-2.193359375,1.728515625
R1107_7,C,7,4.03125,-2.732421875,2.712890625,3.95703125,-2.720703125,2.478515625,3.0546875,-1.8017578125,2.93359375,4.30859375,-2.953125,2.400390625,3.09765625,-2.330078125,2.228515625
R1107_8,A,8,1.5908203125,-2.2578125,0.63720703125,1.6171875,-2.541015625,0.8720703125,1.875,-2.30859375,1.208984375,1.103515625,-1.63671875,-0.00670623779296875,0.74755859375,-2.197265625,0.0138702392578125
R1107_9,C,9,3.03515625,-2.1171875,2.345703125,3.248046875,-2.6796875,2.046875,3.443359375,-3.0625,2.19921875,2.67578125,-2.4765625,1.7841796875,3.109375,-2.34765625,2.84765625
R1107_10,A,10,1.2060546875,-3.638671875,1.271484375,0.96435546875,-3.9375,1.2490234375,1.3056640625,-3.89453125,0.69287109375,1.9208984375,-3.748046875,1.0556640625,1.4091796875,-3.546875,1.0849609375
R1107_11,G,11,1.72265625,-2.65625,0.86865234375,1.552734375,-3.046875,1.0869140625,1.5537109375,-2.869140625,0.58837890625,1.4423828125,-2.72265625,0.72705078125,2.005859375,-2.732421875,-0.359619140625
R1107_12,C,12,2.224609375,-3.470703125,1.4150390625,2.77734375,-2.83203125,1.8935546875,3.248046875,-3.35546875,2.2109375,2.783203125,-3.017578125,1.2509765625,3.599609375,-2.89453125,2.4375
R1107_13,A,13,2.001953125,-3.3203125,0.399658203125,1.4599609375,-3.205078125,-0.45556640625,2.640625,-3.34765625,0.076904296875,2.373046875,-2.748046875,0.58935546875,1.6904296875,-2.7890625,0.173095703125
R1107_14,G,14,3.083984375,-3.447265625,0.416015625,2.6328125,-2.796875,-0.1219482421875,2.6484375,-2.87890625,-0.47607421875,2.779296875,-2.314453125,0.09588623046875,2.71484375,-2.728515625,0.60009765625
R1107_15,A,15,1.4892578125,-2.046875,-1.107421875,1.8349609375,-2.755859375,0.7529296875,1.927734375,-2.34765625,-0.68359375,1.779296875,-2.47265625,0.265869140625,1.3876953125,-2.494140625,0.2305908203125
R1107_16,A,16,2.236328125,-3.080078125,0.8876953125,1.30859375,-2.638671875,0.452392578125,1.4560546875,-2.515625,-0.63037109375,1.5771484375,-2.818359375,0.47265625,1.6796875,-2.1484375,-0.1693115234375
R1107_17,G,17,1.8515625,-2.951171875,-0.366455078125,2.37109375,-2.75390625,0.2900390625,2.5078125,-2.265625,-0.1195068359375,2.134765625,-2.1953125,-0.05743408203125,1.4248046875,-2.546875,-0.06793212890625
R1107_18,C,18,3.6015625,-3.44921875,2.533203125,3.62890625,-3.044921875,2.236328125,3.638671875,-3.552734375,2.125,3.810546875,-2.962890625,2.029296875,3.892578125,-3.30078125,1.88671875
R1107_19,G,19,2.9921875,-2.87109375,-0.763671875,2.66015625,-2.951171875,-0.1995849609375,2.794921875,-2.814453125,-0.671875,3.455078125,-2.962890625,-0.66943359375,3.134765625,-2.9765625,-0.01654052734375
R1107_20,U,20,3.005859375,-3.189453125,0.78759765625,2.728515625,-2.36328125,0.794921875,3.126953125,-2.869140625,0.5615234375,3.34765625,-3.28125,1.0029296875,2.83203125,-2.859375,0.89599609375
R1107_21,U,21,2.744140625,-2.34765625,0.689453125,2.66796875,-2.80078125,-0.2548828125,2.59375,-2.5859375,-0.1611328125,2.921875,-3.23828125,0.689453125,2.75,-2.798828125,0.451171875
R1107_22,C,22,3.2109375,-1.0146484375,0.09356689453125,3.6953125,-1.3388671875,0.62744140625,3.697265625,-1.5751953125,1.306640625,3.724609375,-1.21484375,0.94091796875,3.16015625,-1.408203125,1.35546875
R1107_23,A,23,1.3876953125,-1.5615234375,-0.408935546875,2.099609375,-1.470703125,0.048919677734375,1.8369140625,-1.5361328125,0.11181640625,1.98828125,-1.5537109375,-0.156494140625,1.8359375,-1.076171875,-0.21337890625
R1107_24,C,24,2.916015625,-1.8466796875,2.880859375,3.6796875,-1.625,2.435546875,2.77734375,-1.7451171875,2.126953125,2.70703125,-1.93359375,1.4423828125,3.603515625,-1.69140625,2.53515625
R1107_25,G,25,2.8984375,-1.70703125,1.77734375,2.923828125,-1.28515625,0.43798828125,2.373046875,-1.37890625,1.0029296875,2.6875,-0.8662109375,0.97021484375,2.55078125,-1.5341796875,1.3505859375
R1107_26,U,26,2.888671875,-3.470703125,1.5361328125,2.771484375,-3.369140625,1.9833984375,2.853515625,-2.3046875,2.029296875,2.14453125,-2.302734375,2.7421875,2.166015625,-2.8984375,1.65625
R1107_27,C,27,3.029296875,-2.50390625,2.09765625,3.078125,-2.48828125,1.9375,4.13671875,-2.19140625,2.849609375,3.5625,-2.13671875,2.3125,3.0390625,-2.3984375,1.3486328125
R1107_28,G,28,2.6015625,-1.376953125,-0.1658935546875,2.662109375,-1.626953125,0.491455078125,2.666015625,-1.25,0.425537109375,2.28125,-1.69140625,-0.306396484375,3.265625,-1.9521484375,0.218017578125
R1107_29,C,29,2.3984375,-2.220703125,1.904296875,2.572265625,-2.51953125,2.11328125,2.453125,-2.64453125,1.8818359375,1.9287109375,-2.78125,1.337890625,2.474609375,-2.2265625,1.7734375
R1107_30,A,30,1.7587890625,-2.447265625,0.28515625,1.1650390625,-1.6884765625,0.7939453125,0.87109375,-2.072265625,-0.258544921875,1.212890625,-2.353515625,1.279296875,2.033203125,-3.0390625,0.33544921875
R1107_31,G,31,2.177734375,-1.91796875,0.626953125,2.13671875,-1.7412109375,0.36083984375,1.986328125,-2.1640625,-0.2415771484375,1.732421875,-1.77734375,0.1446533203125,1.6865234375,-1.6845703125,0.50390625
R1107_32,C,32,3.201171875,-1.935546875,1.9951171875,2.759765625,-2.08203125,2.076171875,2.966796875,-1.8076171875,1.8369140625,3.177734375,-1.80078125,1.7802734375,2.4375,-2.46484375,1.171875
R1107_33,C,33,2.380859375,-2.580078125,1.53515625,2.345703125,-2.4609375,1.62890625,2.103515625,-2.759765625,1.9111328125,2.46484375,-2.61328125,1.171875,3.076171875,-2.439453125,1.2060546875
R1107_34,C,34,2.822265625,-1.5029296875,0.7822265625,2.603515625,-1.73828125,0.95263671875,2.638671875,-2.359375,1.4580078125,2.634765625,-2.09375,1.6630859375,3.150390625,-1.8515625,0.86962890625
R1107_35,C,35,2.7734375,-2.037109375,0.64013671875,2.76171875,-1.80859375,0.379638671875,2.587890625,-2.015625,1.0234375,1.751953125,-1.822265625,0.56640625,3.1015625,-2.060546875,1.21484375
R1107_36,U,36,1.2841796875,-2.7578125,0.98974609375,2.482421875,-2.873046875,1.6904296875,1.978515625,-2.544921875,1.107421875,1.95703125,-3.126953125,1.4384765625,1.896484375,-2.798828125,1.0712890625
R1107_37,G,37,1.8056640625,-0.86083984375,0.65673828125,1.5947265625,-1.0966796875,1.5048828125,1.5517578125,-1.234375,0.63720703125,1.3232421875,-0.67138671875,0.7587890625,2.283203125,-1.484375,0.65625
R1107_38,U,38,1.3583984375,-2.8515625,2.224609375,1.36328125,-2.474609375,2.2734375,1.1494140625,-2.8203125,1.974609375,1.115234375,-2.91796875,2.318359375,1.0771484375,-2.412109375,2.779296875
R1107_39,C,39,2.513671875,-1.373046875,2.2734375,2.353515625,-1.744140625,1.869140625,2.287109375,-1.7353515625,2.37890625,2.353515625,-2.060546875,2.396484375,2.830078125,-2.396484375,1.8310546875
R1107_40,A,40,0.77490234375,-1.1669921875,0.83447265625,1.2265625,-0.8935546875,-0.029815673828125,1.4599609375,-1.3212890625,-0.1231689453125,0.8115234375,-1.3271484375,0.397216796875,1.2255859375,-1.4814453125,-0.7294921875
R1107_41,G,41,2.111328125,-1.0263671875,-1.0859375,1.6845703125,-1.1865234375,-1.0498046875,2.42578125,-1.3193359375,0.42431640625,2.060546875,-1.3212890625,0.2744140625,2.40625,-0.95947265625,-0.72900390625
R1107_42,C,42,3.203125,-2.11328125,0.52001953125,2.4140625,-1.9140625,0.349365234375,2.3984375,-1.9794921875,1.1328125,3.255859375,-1.6064453125,0.60888671875,2.380859375,-1.666015625,0.4638671875
R1107_43,C,43,2.482421875,-1.6259765625,0.389892578125,2.748046875,-1.314453125,0.669921875,2.931640625,-1.693359375,0.65283203125,2.595703125,-1.8916015625,0.55859375,2.611328125,-1.7314453125,0.07830810546875
R1107_44,A,44,1.47265625,-0.53515625,-0.3359375,0.453125,-1.1328125,-0.175537109375,0.397705078125,-0.611328125,-1.2900390625,0.51220703125,-0.78173828125,-0.8896484375,0.65673828125,-0.87060546875,-1.537109375
R1107_45,U,45,1.462890625,-2.103515625,0.58740234375,1.568359375,-2.25390625,0.2344970703125,1.728515625,-1.8681640625,-0.1068115234375,1.685546875,-2.2578125,0.09747314453125,1.9345703125,-2.279296875,0.0677490234375
R1107_46,U,46,1.3779296875,-2.724609375,0.58154296875,1.9521484375,-2.6328125,0.96826171875,1.435546875,-2.591796875,1.1689453125,1.7177734375,-2.416015625,1.3876953125,0.8486328125,-2.53515625,0.5810546875
R1107_47,G,47,1.46875,-0.9033203125,-0.9365234375,1.357421875,-1.6513671875,-0.7734375,1.09375,-1.126953125,-0.54541015625,1.2099609375,-0.9111328125,-0.61865234375,1.3681640625,-0.460205078125,-0.7509765625
R1107_48,C,48,2.630859375,-2.033203125,0.56884765625,2.732421875,-1.9384765625,0.400146484375,2.68359375,-1.8115234375,0.030120849609375,2.625,-2.22265625,0.193603515625,2.748046875,-2.369140625,-0.12176513671875
R1107_49,A,49,0.9990234375,-2.10546875,-0.055816650390625,0.76953125,-2.6015625,0.3212890625,0.324462890625,-2.017578125,-0.149658203125,-0.1314697265625,-2.3203125,0.1458740234375,0.6142578125,-2.400390625,-0.31884765625
R1107_50,C,50,3.294921875,-2.109375,1.873046875,3.30078125,-2.365234375,2.53125,2.7109375,-2.76171875,2.544921875,3.0703125,-2.49609375,2.083984375,3.0234375,-2.98828125,2.11328125
R1107_51,U,51,2.314453125,-3.44921875,1.4501953125,2.791015625,-2.701171875,1.6728515625,2.505859375,-3.404296875,1.5546875,2.455078125,-3.568359375,1.232421875,2.77734375,-3.181640625,2.072265625
R1107_52,C,52,3.21484375,-2.15625,2.447265625,3.712890625,-1.6962890625,2.80078125,3.0390625,-2.44140625,1.7158203125,3.77734375,-2.3828125,2.36328125,3.779296875,-1.943359375,1.6669921875
R1107_53,C,53,3.650390625,-2.115234375,1.484375,3.001953125,-2.16796875,1.525390625,3.5703125,-2.33203125,2.376953125,3.826171875,-2.298828125,2.4140625,2.697265625,-2.263671875,1.2998046875
R1107_54,G,54,1.1767578125,-1.9580078125,0.67822265625,1.548828125,-1.9541015625,0.392578125,1.099609375,-2.00390625,1.529296875,1.0048828125,-1.935546875,0.84619140625,0.966796875,-2.03515625,1.078125
R1107_55,G,55,1.287109375,-1.845703125,1.08984375,1.1962890625,-2.15234375,0.9404296875,1.2724609375,-1.9765625,1.3056640625,1.1826171875,-2.591796875,1.396484375,0.95947265625,-1.498046875,0.6181640625
R1107_56,C,56,2.328125,-2.578125,2.755859375,1.8798828125,-2.5703125,2.3515625,1.8115234375,-2.8671875,3.20703125,2.3671875,-2.24609375,2.8515625,2.2890625,-3.029296875,3.033203125
R1107_57,U,57,1.271484375,-2.876953125,1.8193359375,1.3837890625,-3.28125,2.134765625,1.5849609375,-3.314453125,2.404296875,0.958984375,-3.529296875,1.8984375,1.787109375,-3.654296875,3.029296875
R1107_58,G,58,0.91259765625,-2.326171875,0.368408203125,0.55810546875,-2.15625,1.2265625,0.448486328125,-1.3837890625,0.51123046875,0.398193359375,-2.16796875,0.1864013671875,0.9775390625,-2.1640625,0.810546875
R1107_59,C,59,1.3515625,-1.8935546875,2.515625,2.359375,-2.228515625,2.90234375,1.3037109375,-2.181640625,1.92578125,1.9501953125,-2.4375,2.74609375,1.861328125,-2.212890625,2.728515625
R1107_60,G,60,0.70361328125,-1.953125,0.263427734375,1.115234375,-1.798828125,0.087158203125,0.73046875,-1.3701171875,0.433349609375,0.84814453125,-1.4765625,0.83251953125,0.6025390625,-1.6103515625,0.266845703125
R1107_61,A,61,0.0008902549743652344,-2.193359375,0.802734375,0.04425048828125,-1.4599609375,0.6826171875,0.4208984375,-3.501953125,1.5361328125,0.46484375,-2.87890625,1.154296875,0.387451171875,-2.021484375,0.896484375
R1107_62,A,62,0.197509765625,-2.30078125,0.8876953125,0.1854248046875,-2.39453125,1.3486328125,0.5205078125,-2.240234375,1.42578125,0.591796875,-2.06640625,1.203125,0.11358642578125,-2.08984375,0.7939453125
R1107_63,U,63,1.0693359375,-3.2421875,1.560546875,1.0224609375,-3.615234375,1.2197265625,0.455810546875,-3.642578125,1.94921875,1.27734375,-4.03125,2.380859375,0.52392578125,-2.943359375,1.6083984375
R1107_64,U,64,1.3662109375,-3.158203125,2.02734375,1.240234375,-3.564453125,2.26953125,1.947265625,-3.544921875,2.107421875,1.189453125,-2.99609375,2.677734375,1.421875,-3.150390625,2.373046875
R1107_65,C,65,1.9541015625,-2.658203125,3.0234375,1.6533203125,-2.92578125,2.625,1.6181640625,-2.5859375,3.18359375,1.62109375,-2.33984375,2.720703125,1.744140625,-2.328125,2.998046875
R1107_66,U,66,1.05859375,-3.712890625,2.7421875,0.951171875,-3.20703125,2.55859375,0.87841796875,-3.74609375,3.05859375,1.3291015625,-3.185546875,2.640625,1.3828125,-3.162109375,3.005859375
R1107_67,G,67,1.0341796875,-2.4375,1.1640625,0.9853515625,-2.462890625,1.28125,0.7783203125,-2.009765625,1.3369140625,1.1044921875,-1.876953125,1.130859375,0.77197265625,-1.615234375,1.640625
R1107_68,C,68,1.658203125,-2.482421875,2.458984375,1.41015625,-2.216796875,2.431640625,1.8544921875,-1.787109375,2.873046875,1.9267578125,-2.11328125,2.90234375,1.9912109375,-1.7138671875,2.642578125
R1107_69,U,69,0.66259765625,-2.857421875,1.4755859375,1.0546875,-3.197265625,1.568359375,1.5654296875,-2.806640625,3.025390625,1.2861328125,-3.734375,1.9765625,1.236328125,-3.390625,1.8056640625
R1108_1,G,1,1.3095703125,-1.470703125,0.55029296875,1.544921875,-1.708984375,1.240234375,1.2294921875,-1.3251953125,1.228515625,1.75390625,-1.8310546875,1.5029296875,1.3310546875,-1.9150390625,0.892578125
R1108_2,G,2,1.4228515625,-1.857421875,0.97265625,1.0673828125,-1.037109375,0.84423828125,1.990234375,-1.4384765625,0.69140625,1.6474609375,-0.95703125,0.410400390625,1.4541015625,-1.38671875,0.95166015625
R1108_3,G,3,1.4892578125,-1.251953125,0.480224609375,1.6826171875,-0.880859375,0.59375,1.470703125,-1.3671875,1.109375,1.8095703125,-1.44140625,0.41259765625,1.28515625,-1.1171875,0.50927734375
R1108_4,G,4,2.091796875,-2.0,1.0546875,1.87109375,-2.06640625,0.1434326171875,1.9521484375,-1.482421875,0.1781005859375,1.7822265625,-0.603515625,0.01343536376953125,1.7900390625,-0.62451171875,-0.355712890625
R1108_5,G,5,1.29296875,-2.119140625,0.1162109375,2.001953125,-2.314453125,0.349853515625,2.072265625,-1.447265625,0.94384765625,1.60546875,-1.4208984375,0.463623046875,2.23828125,-0.986328125,0.273681640625
R1108_6,C,6,2.80078125,-2.361328125,2.75390625,2.341796875,-1.5283203125,1.9306640625,3.224609375,-2.701171875,1.005859375,3.05859375,-2.564453125,2.75,2.841796875,-2.3515625,2.12109375
R1108_7,C,7,3.474609375,-2.1796875,3.01171875,3.302734375,-2.67578125,2.763671875,3.33203125,-2.8203125,2.466796875,2.865234375,-2.421875,2.462890625,3.486328125,-2.60546875,2.91015625
R1108_8,A,8,1.20703125,-2.44921875,1.0732421875,1.0615234375,-2.10546875,1.1455078125,1.5009765625,-2.07421875,2.0390625,1.412109375,-1.9453125,1.349609375,1.3173828125,-1.642578125,0.139892578125
R1108_9,C,9,2.638671875,-3.111328125,2.73046875,2.93359375,-2.302734375,2.658203125,2.951171875,-2.380859375,2.978515625,3.0234375,-2.5078125,2.42578125,2.935546875,-1.974609375,2.4765625
R1108_10,A,10,1.2353515625,-3.642578125,0.81591796875,1.4482421875,-3.65234375,0.387939453125,1.0859375,-2.568359375,0.391845703125,1.3115234375,-4.125,0.55517578125,0.95654296875,-3.197265625,0.04949951171875
R1108_11,G,11,1.45703125,-2.6484375,1.09765625,1.853515625,-2.919921875,0.89599609375,2.05078125,-2.04296875,1.1357421875,2.076171875,-2.95703125,0.93505859375,1.1044921875,-2.95703125,1.0361328125
R1108_12,C,12,3.3515625,-3.2421875,1.9951171875,2.365234375,-3.333984375,2.01171875,2.734375,-3.3984375,1.8212890625,2.771484375,-3.82421875,2.783203125,2.474609375,-3.0546875,1.775390625
R1108_13,A,13,2.498046875,-2.7734375,0.306396484375,2.080078125,-2.779296875,-0.3486328125,1.994140625,-2.982421875,-0.09417724609375,1.9482421875,-2.849609375,-0.70751953125,1.87890625,-2.46875,-0.67919921875
R1108_14,G,14,2.43359375,-2.857421875,-0.006702423095703125,2.654296875,-2.2578125,0.64892578125,2.37109375,-3.05078125,0.11712646484375,2.8046875,-2.908203125,-0.2005615234375,2.619140625,-2.609375,-0.62890625
R1108_15,A,15,1.4853515625,-1.8876953125,-0.7763671875,1.4501953125,-2.33203125,0.775390625,2.169921875,-3.638671875,1.509765625,1.494140625,-2.486328125,0.67529296875,1.6181640625,-2.51953125,0.48291015625
R1108_16,A,16,1.1240234375,-2.396484375,-0.1016845703125,0.513671875,-2.423828125,0.73681640625,1.4716796875,-2.662109375,-0.465576171875,1.4775390625,-2.380859375,-0.400390625,2.115234375,-2.806640625,0.50146484375
R1108_17,G,17,2.861328125,-2.2890625,-0.5107421875,2.4375,-2.0703125,-0.572265625,2.458984375,-2.55859375,-0.027069091796875,1.9541015625,-2.68359375,-0.9384765625,2.05078125,-2.498046875,0.10015869140625
R1108_18,C,18,3.748046875,-2.697265625,1.6435546875,4.25,-3.521484375,1.953125,3.978515625,-3.154296875,1.875,3.744140625,-2.82421875,1.8681640625,3.775390625,-3.380859375,1.669921875
R1108_19,G,19,3.56640625,-2.07421875,-0.52197265625,2.787109375,-2.55078125,-0.78125,3.61328125,-2.5859375,-0.966796875,3.40234375,-2.08203125,-1.5,3.267578125,-2.244140625,-0.86865234375
R1108_20,U,20,2.576171875,-3.353515625,1.71484375,2.3828125,-3.79296875,1.43359375,2.509765625,-3.568359375,1.8583984375,2.12890625,-3.955078125,1.7744140625,1.90625,-3.826171875,1.1494140625
R1108_21,U,21,2.07421875,-3.201171875,1.1240234375,2.447265625,-3.6171875,1.4755859375,2.189453125,-2.751953125,1.591796875,2.07421875,-3.552734375,0.99462890625,2.484375,-3.37890625,0.982421875
R1108_22,C,22,3.33984375,-1.6552734375,1.4326171875,3.541015625,-2.251953125,2.00390625,3.298828125,-2.37109375,1.4970703125,3.23828125,-1.4951171875,1.4853515625,3.02734375,-1.9482421875,1.693359375
R1108_23,A,23,2.28515625,-0.73876953125,-0.65380859375,1.0791015625,-1.201171875,0.043060302734375,2.271484375,-1.697265625,0.3720703125,1.28515625,-1.2724609375,-0.32763671875,1.923828125,-1.8134765625,0.6337890625
R1108_24,C,24,4.70703125,-1.451171875,2.43359375,4.26953125,-1.2109375,2.43359375,3.5859375,-1.4619140625,2.201171875,3.830078125,-1.15625,1.974609375,3.224609375,-1.9951171875,1.7783203125
R1108_25,G,25,3.193359375,-1.779296875,1.4052734375,3.587890625,-2.15625,1.447265625,2.57421875,-1.623046875,1.4189453125,2.763671875,-1.2958984375,0.45654296875,2.697265625,-1.0556640625,1.095703125
R1108_26,U,26,2.501953125,-3.03515625,1.6484375,2.599609375,-3.0,2.203125,2.578125,-3.37109375,1.154296875,3.001953125,-3.59765625,2.787109375,2.287109375,-2.859375,2.1484375
R1108_27,C,27,4.19921875,-1.9072265625,1.87109375,3.7578125,-2.0625,1.7861328125,3.453125,-2.24609375,1.580078125,3.49609375,-2.033203125,1.4990234375,3.3828125,-1.75,1.341796875
R1108_28,G,28,2.306640625,-1.6748046875,0.201416015625,2.216796875,-1.4072265625,-0.341552734375,2.3828125,-2.0625,-0.708984375,2.615234375,-2.1484375,-0.345458984375,2.6875,-2.154296875,-0.489990234375
R1108_29,C,29,3.259765625,-2.037109375,1.267578125,3.0859375,-2.666015625,1.2333984375,3.04296875,-3.072265625,2.0078125,2.92578125,-2.453125,1.1943359375,2.75,-2.95703125,1.0224609375
R1108_30,G,30,2.146484375,-1.26953125,-0.25830078125,2.642578125,-2.2578125,0.1651611328125,1.5078125,-1.427734375,0.217529296875,2.275390625,-2.291015625,-0.501953125,2.189453125,-2.119140625,-0.0662841796875
R1108_31,G,31,1.9287109375,-1.9150390625,-0.033843994140625,1.8291015625,-1.876953125,0.274658203125,2.236328125,-2.078125,0.3818359375,2.08984375,-1.2734375,0.127685546875,1.720703125,-1.6865234375,0.276123046875
R1108_32,C,32,2.4609375,-2.111328125,1.29296875,2.08203125,-2.083984375,0.63037109375,2.37109375,-2.19140625,1.7275390625,2.552734375,-2.4765625,1.787109375,2.4296875,-2.021484375,1.6845703125
R1108_33,C,33,2.177734375,-1.9501953125,1.14453125,2.87109375,-1.9111328125,1.9228515625,2.5625,-2.583984375,0.66162109375,3.318359375,-2.845703125,1.7548828125,2.857421875,-2.40234375,1.1123046875
R1108_34,C,34,3.04296875,-2.109375,1.3310546875,2.41015625,-2.33203125,1.2421875,2.650390625,-1.685546875,0.92822265625,2.34765625,-2.283203125,1.5947265625,2.265625,-1.869140625,1.052734375
R1108_35,C,35,1.9599609375,-2.287109375,1.37890625,2.34765625,-2.27734375,1.623046875,2.40625,-1.6142578125,0.1978759765625,2.439453125,-2.115234375,1.3681640625,2.2890625,-1.931640625,1.6396484375
R1108_36,U,36,1.3740234375,-2.7578125,1.5361328125,1.2783203125,-2.453125,2.361328125,1.32421875,-3.275390625,2.28125,1.0849609375,-2.623046875,2.5546875,1.662109375,-3.052734375,1.63671875
R1108_37,G,37,1.40625,-1.2001953125,1.2880859375,2.072265625,-1.6181640625,1.4462890625,1.83984375,-1.5166015625,1.2412109375,1.7958984375,-0.62451171875,0.4912109375,1.76953125,-1.662109375,0.93603515625
R1108_38,U,38,1.8662109375,-2.556640625,1.9560546875,2.0859375,-2.091796875,2.099609375,1.59375,-2.640625,1.48828125,1.94140625,-2.302734375,2.78515625,1.99609375,-2.763671875,1.2744140625
R1108_39,C,39,2.349609375,-1.4853515625,2.02734375,2.546875,-2.205078125,2.4609375,2.56640625,-1.62890625,1.6376953125,2.861328125,-2.173828125,2.10546875,2.052734375,-1.6494140625,2.287109375
R1108_40,A,40,1.154296875,-0.720703125,0.421630859375,1.41796875,-1.2626953125,0.53369140625,1.548828125,-2.103515625,0.69873046875,1.216796875,-1.142578125,-0.513671875,1.2861328125,-1.4658203125,0.325439453125
R1108_41,G,41,2.333984375,-1.2783203125,0.378662109375,1.7158203125,-0.83740234375,-0.28271484375,1.734375,-1.263671875,-0.6669921875,1.779296875,-0.693359375,-0.00787353515625,1.8916015625,-1.3935546875,0.241455078125
R1108_42,C,42,2.67578125,-1.8408203125,1.4453125,2.615234375,-1.6240234375,1.16796875,2.681640625,-1.359375,1.7265625,2.7265625,-2.12109375,1.4248046875,2.853515625,-1.865234375,1.302734375
R1108_43,C,43,2.341796875,-1.7099609375,1.1669921875,2.4453125,-1.6787109375,0.74169921875,1.7392578125,-1.3291015625,1.0361328125,2.27734375,-2.013671875,1.220703125,1.8779296875,-1.63671875,0.7177734375
R1108_44,A,44,0.65673828125,-0.16259765625,-0.391845703125,0.689453125,-0.5830078125,-0.98828125,0.72607421875,-0.66015625,-0.56591796875,0.4345703125,0.007694244384765625,-0.8583984375,0.2237548828125,-0.8544921875,-0.60986328125
R1108_45,U,45,1.59765625,-2.212890625,0.39208984375,1.5322265625,-1.7861328125,0.384521484375,1.1708984375,-1.818359375,0.3017578125,1.6796875,-1.6494140625,0.32275390625,1.865234375,-2.23828125,0.623046875
R1108_46,U,46,1.7216796875,-2.544921875,0.08221435546875,1.8125,-1.8369140625,0.76123046875,2.318359375,-2.05859375,0.0238189697265625,1.5,-2.103515625,0.5322265625,1.15625,-2.474609375,0.252685546875
R1108_47,G,47,1.6259765625,0.27734375,-1.1796875,1.7890625,-0.31005859375,-1.3359375,1.4326171875,-0.347900390625,-0.708984375,1.923828125,-0.1092529296875,-1.1123046875,1.353515625,-0.457763671875,-1.0322265625
R1108_48,C,48,2.572265625,-1.748046875,0.1451416015625,2.916015625,-1.3056640625,0.34375,3.4609375,-1.5361328125,1.220703125,2.927734375,-1.7470703125,0.50439453125,2.45703125,-1.587890625,0.476318359375
R1108_49,A,49,1.5634765625,-2.0390625,0.295166015625,0.8427734375,-1.9501953125,0.384765625,1.7109375,-2.287109375,0.5859375,1.359375,-2.470703125,-0.9130859375,0.921875,-2.31640625,-0.033843994140625
R1108_50,C,50,3.494140625,-2.5078125,1.46484375,3.73828125,-2.921875,1.9580078125,3.41015625,-2.83203125,1.359375,3.84765625,-2.3125,1.3974609375,3.646484375,-2.908203125,1.4580078125
R1108_51,U,51,2.419921875,-3.068359375,1.7685546875,2.48828125,-4.12109375,2.271484375,3.10546875,-3.478515625,1.6875,2.201171875,-3.341796875,1.54296875,2.654296875,-3.21484375,1.5537109375
R1108_52,C,52,3.720703125,-2.908203125,3.05859375,3.431640625,-1.74609375,2.068359375,4.12109375,-2.11328125,2.20703125,3.3515625,-1.7001953125,2.0546875,3.541015625,-2.25390625,1.84375
R1108_53,C,53,3.234375,-2.603515625,2.197265625,2.451171875,-1.7314453125,2.060546875,3.30078125,-2.279296875,2.3203125,3.099609375,-2.2734375,2.3671875,3.103515625,-1.8935546875,1.734375
R1108_54,G,54,1.61328125,-1.78515625,0.8447265625,1.1650390625,-2.208984375,1.140625,1.6533203125,-2.47265625,1.04296875,1.2822265625,-1.8544921875,1.2158203125,1.337890625,-1.7978515625,0.5087890625
R1108_55,G,55,0.89892578125,-1.958984375,1.259765625,1.7978515625,-2.224609375,1.037109375,1.4501953125,-2.142578125,1.1376953125,1.2568359375,-2.802734375,0.78564453125,0.79150390625,-2.3984375,1.0302734375
R1108_56,C,56,2.677734375,-2.142578125,2.859375,1.9560546875,-2.748046875,2.361328125,2.46875,-2.4296875,1.990234375,2.365234375,-3.017578125,2.150390625,2.11328125,-2.501953125,2.96875
R1108_57,U,57,1.6142578125,-3.51953125,2.103515625,1.310546875,-3.142578125,2.32421875,1.3369140625,-3.673828125,2.181640625,1.4482421875,-3.64453125,1.8955078125,1.48046875,-3.849609375,2.62109375
R1108_58,G,58,1.328125,-2.001953125,0.0168304443359375,1.5908203125,-1.91015625,-0.1876220703125,1.2646484375,-2.248046875,0.9560546875,1.3125,-1.8017578125,0.9228515625,0.677734375,-1.9853515625,0.445068359375
R1108_59,C,59,2.33203125,-1.8330078125,2.763671875,1.9296875,-2.171875,2.5859375,2.2265625,-1.921875,2.44921875,2.3125,-1.8857421875,2.37109375,1.5654296875,-1.8369140625,2.03515625
R1108_60,G,60,0.8486328125,-2.052734375,0.75634765625,1.130859375,-1.8701171875,0.194580078125,1.0283203125,-1.2607421875,0.33984375,0.9267578125,-1.68359375,0.78271484375,1.1123046875,-1.720703125,-0.105224609375
R1108_61,A,61,0.318115234375,-1.732421875,1.06640625,-0.2176513671875,-2.091796875,0.8623046875,0.482421875,-2.279296875,1.2666015625,0.007396697998046875,-2.388671875,0.94287109375,0.267333984375,-2.025390625,0.7890625
R1108_62,A,62,0.5185546875,-2.794921875,1.2568359375,0.2071533203125,-2.501953125,0.84765625,0.6533203125,-2.205078125,1.236328125,0.1639404296875,-2.873046875,1.212890625,0.274169921875,-2.3984375,1.1396484375
R1108_63,U,63,1.5966796875,-3.8046875,2.755859375,1.345703125,-3.490234375,1.208984375,1.296875,-3.693359375,1.87890625,1.2900390625,-3.455078125,2.421875,1.1630859375,-3.22265625,2.025390625
R1108_64,U,64,1.609375,-3.376953125,1.1748046875,2.25,-3.873046875,2.779296875,1.78125,-3.541015625,2.76171875,1.123046875,-2.65234375,1.7919921875,1.4853515625,-3.150390625,1.3935546875
R1108_65,C,65,1.84765625,-2.119140625,2.990234375,1.5703125,-3.017578125,2.91015625,1.890625,-2.572265625,3.1328125,1.2373046875,-2.435546875,2.84375,1.4580078125,-2.119140625,2.228515625
R1108_66,U,66,0.501953125,-3.1875,2.96484375,1.3515625,-2.6953125,2.12890625,1.6357421875,-3.38671875,3.244140625,1.2216796875,-2.7109375,1.7607421875,1.97265625,-3.931640625,2.83203125
R1108_67,G,67,1.1025390625,-1.9111328125,1.298828125,0.85791015625,-1.6240234375,1.892578125,0.412109375,-2.744140625,1.4365234375,0.49609375,-2.08984375,1.265625,0.58154296875,-2.23828125,1.275390625
R1108_68,C,68,2.080078125,-2.123046875,2.455078125,2.05078125,-1.9716796875,2.63671875,1.9169921875,-2.208984375,2.6484375,2.396484375,-1.9033203125,2.974609375,2.173828125,-2.384765625,2.908203125
R1108_69,U,69,1.623046875,-3.5859375,3.21484375,1.2587890625,-3.26171875,2.015625,1.53515625,-3.71875,2.32421875,1.5009765625,-3.587890625,2.2265625,1.0908203125,-2.892578125,1.5810546875
R1116_1,C,1,1.88671875,-1.8427734375,1.748046875,1.953125,-1.8349609375,1.955078125,1.935546875,-2.451171875,2.55078125,1.66796875,-1.837890625,1.1396484375,1.52734375,-1.490234375,1.857421875
R1116_2,G,2,1.3623046875,-1.685546875,0.005046844482421875,1.625,-1.2490234375,0.677734375,1.119140625,-1.326171875,0.0161590576171875,1.4326171875,-1.6943359375,0.2218017578125,1.740234375,-1.6787109375,0.728515625
R1116_3,C,3,1.7705078125,-2.353515625,1.8369140625,1.322265625,-1.6318359375,1.798828125,1.17578125,-2.150390625,2.287109375,1.9384765625,-1.8154296875,1.8369140625,1.1181640625,-1.859375,1.1435546875
R1116_4,C,4,1.33203125,-1.4541015625,1.96484375,2.16015625,-1.5927734375,1.6513671875,1.7158203125,-1.5888671875,1.1044921875,1.716796875,-1.6982421875,1.255859375,1.8994140625,-2.130859375,1.5458984375
R1116_5,C,5,2.359375,-1.7373046875,1.12109375,2.54296875,-2.15625,1.5380859375,2.125,-2.134765625,1.2060546875,2.455078125,-2.34375,2.33203125,2.158203125,-2.470703125,1.3896484375
R1116_6,G,6,2.310546875,-1.9140625,-0.03363037109375,2.283203125,-2.259765625,0.2442626953125,1.8837890625,-1.4345703125,0.111328125,2.296875,-2.060546875,0.0261993408203125,2.203125,-2.392578125,-0.1021728515625
R1116_7,G,7,2.025390625,-2.888671875,0.92041015625,2.2578125,-2.353515625,0.09112548828125,1.6845703125,-1.7041015625,-0.31884765625,2.2265625,-2.431640625,0.54248046875,2.58203125,-2.607421875,0.462890625
R1116_8,A,8,1.3974609375,-3.623046875,0.70703125,1.1328125,-2.171875,0.58154296875,1.263671875,-2.734375,0.1875,0.295654296875,-2.947265625,1.0498046875,0.93994140625,-3.2734375,1.2197265625
R1116_9,U,9,2.09765625,-3.361328125,1.9501953125,1.876953125,-3.66796875,1.373046875,1.5205078125,-3.78125,1.26171875,1.7353515625,-3.447265625,1.8720703125,1.4423828125,-3.228515625,1.5322265625
R1116_10,A,10,0.74951171875,-3.578125,-0.7744140625,1.541015625,-3.2734375,0.1549072265625,0.89990234375,-3.03125,0.59716796875,0.52978515625,-3.091796875,-0.45361328125,1.412109375,-3.18359375,0.38232421875
R1116_11,G,11,1.37109375,-3.142578125,-0.46142578125,1.6171875,-2.6171875,-0.4912109375,1.6650390625,-1.9951171875,-0.380126953125,1.822265625,-2.818359375,-0.8623046875,1.4228515625,-3.400390625,0.047637939453125
R1116_12,C,12,2.58203125,-3.173828125,0.75537109375,2.46875,-2.490234375,1.2158203125,2.275390625,-3.470703125,1.060546875,2.0390625,-3.392578125,1.5009765625,2.27734375,-3.162109375,1.0361328125
R1116_13,U,13,2.404296875,-4.2578125,0.8984375,1.8701171875,-4.296875,0.94287109375,1.5498046875,-3.87890625,1.5205078125,1.595703125,-3.677734375,0.301513671875,1.3857421875,-3.767578125,0.9580078125
R1116_14,C,14,2.58984375,-3.36328125,2.0390625,2.7734375,-3.078125,1.998046875,3.001953125,-2.890625,1.314453125,3.333984375,-3.10546875,1.3896484375,2.591796875,-3.244140625,1.1845703125
R1116_15,A,15,1.7412109375,-2.52734375,-0.9765625,1.3203125,-2.572265625,-0.95703125,1.341796875,-2.234375,-0.94287109375,1.2255859375,-2.146484375,-1.283203125,0.98046875,-1.75,-0.86669921875
R1116_16,G,16,1.7763671875,-2.40625,-1.04296875,1.7783203125,-3.091796875,-0.84326171875,2.232421875,-2.533203125,-1.4345703125,2.26171875,-2.08984375,-1.4326171875,2.13671875,-2.12109375,-0.76611328125
R1116_17,U,17,2.70703125,-3.6171875,1.15234375,2.111328125,-3.69921875,0.3271484375,1.6298828125,-3.5546875,0.44970703125,1.8740234375,-3.41796875,0.1923828125,2.232421875,-3.53125,0.6826171875
R1116_18,C,18,3.3359375,-2.90234375,1.0146484375,3.609375,-2.662109375,1.578125,3.64453125,-2.244140625,1.23046875,3.853515625,-3.201171875,1.0859375,3.171875,-2.77734375,0.74560546875
R1116_19,G,19,3.2578125,-2.419921875,-1.3984375,2.759765625,-3.109375,-0.52587890625,3.2734375,-2.28125,-1.701171875,2.943359375,-2.83203125,-1.0,2.552734375,-2.66015625,-1.1923828125
R1116_20,G,20,2.408203125,-2.09375,-1.6064453125,2.783203125,-2.583984375,-1.17578125,3.298828125,-2.3046875,-1.1962890625,2.599609375,-2.388671875,-1.3310546875,2.814453125,-2.482421875,-1.7529296875
R1116_21,U,21,2.2421875,-3.505859375,0.496337890625,2.466796875,-2.80078125,0.044830322265625,2.337890625,-3.10546875,-0.236572265625,2.001953125,-2.998046875,0.45947265625,2.20703125,-2.94140625,-0.1405029296875
R1116_22,A,22,1.5361328125,-1.6962890625,-1.509765625,1.12890625,-1.1806640625,-1.2431640625,2.18359375,-2.423828125,-0.205322265625,1.5234375,-0.90234375,-1.1181640625,1.35546875,-1.908203125,-0.8583984375
R1116_23,G,23,2.134765625,-1.4375,-0.1016845703125,2.052734375,-2.109375,0.4404296875,2.79296875,-2.390625,0.52880859375,2.583984375,-1.671875,0.03521728515625,2.099609375,-1.87890625,0.329345703125
R1116_24,A,24,1.67578125,-2.60546875,0.0225830078125,1.8623046875,-2.3125,0.81494140625,2.619140625,-2.615234375,1.158203125,1.578125,-2.73046875,0.96240234375,2.12109375,-2.083984375,0.433837890625
R1116_25,G,25,2.37109375,-1.595703125,0.426025390625,2.4453125,-1.748046875,-0.34326171875,2.236328125,-0.25048828125,0.5205078125,2.416015625,-1.90234375,0.5595703125,2.625,-1.7880859375,0.4599609375
R1116_26,C,26,3.234375,-1.8740234375,2.66796875,2.208984375,-2.310546875,1.8076171875,2.291015625,-1.6376953125,2.265625,2.828125,-1.92578125,1.517578125,2.8515625,-2.541015625,1.7900390625
R1116_27,A,27,2.3125,-2.21484375,-0.580078125,2.134765625,-2.025390625,-0.9345703125,1.5576171875,-1.8203125,-0.9052734375,2.078125,-1.6552734375,-0.5517578125,1.705078125,-1.9287109375,-0.837890625
R1116_28,G,28,2.037109375,-1.99609375,-0.57275390625,2.091796875,-1.5869140625,-0.39990234375,2.443359375,-1.5166015625,-0.284912109375,2.3359375,-1.7490234375,-0.71826171875,1.76171875,-1.40234375,-0.90380859375
R1116_29,C,29,1.8037109375,-1.724609375,1.12890625,1.7568359375,-2.16796875,0.8408203125,2.00390625,-2.533203125,1.392578125,2.373046875,-2.328125,0.5908203125,1.916015625,-2.240234375,1.634765625
R1116_30,G,30,1.263671875,-1.8427734375,-0.203369140625,1.47265625,-1.4619140625,0.25732421875,1.2783203125,-2.357421875,-0.2371826171875,1.1640625,-1.3681640625,-0.2171630859375,1.63671875,-1.9375,0.384765625
R1116_31,G,31,1.2421875,-1.837890625,0.122314453125,1.4541015625,-1.7724609375,0.18408203125,1.822265625,-1.6875,0.429931640625,1.4755859375,-1.5009765625,0.2763671875,1.8740234375,-2.291015625,-0.493408203125
R1116_32,C,32,1.8623046875,-2.54296875,1.0849609375,1.9755859375,-2.5625,1.5947265625,1.8427734375,-2.083984375,0.76220703125,2.5546875,-1.68359375,1.5791015625,2.251953125,-2.224609375,1.9013671875
R1116_33,U,33,0.99658203125,-3.546875,0.63330078125,0.56982421875,-2.517578125,0.62744140625,0.7392578125,-2.978515625,0.361083984375,0.755859375,-3.13671875,0.375244140625,0.8359375,-3.33203125,0.46435546875
R1116_34,A,34,0.11968994140625,-1.99609375,-0.94140625,0.278564453125,-1.0986328125,-0.8544921875,0.0709228515625,-2.20703125,-0.53076171875,0.6826171875,-2.083984375,-0.483154296875,0.11614990234375,-1.5166015625,-0.415283203125
R1116_35,A,35,0.8994140625,-1.3984375,-0.0732421875,0.438720703125,-2.14453125,0.39208984375,0.317138671875,-1.646484375,-0.70263671875,0.456787109375,-1.2607421875,-0.55419921875,0.245849609375,-1.15234375,-1.23828125
R1116_36,A,36,0.82275390625,-1.7685546875,0.42529296875,0.650390625,-1.4228515625,0.48779296875,0.70703125,-1.4384765625,0.376953125,0.260986328125,-1.619140625,0.1663818359375,0.72705078125,-2.376953125,0.62109375
R1116_37,A,37,0.89306640625,-1.7373046875,1.724609375,0.62744140625,-1.53515625,1.0439453125,0.29345703125,-1.380859375,0.83740234375,0.63623046875,-1.638671875,0.72705078125,0.595703125,-1.2255859375,0.515625
R1116_38,C,38,1.9033203125,-1.205078125,2.439453125,1.337890625,-1.1884765625,1.6826171875,1.8544921875,-1.8427734375,2.044921875,1.951171875,-0.734375,1.93359375,1.59765625,-1.9140625,1.5595703125
R1116_39,A,39,1.44921875,-1.1552734375,1.2744140625,0.73779296875,-1.361328125,1.02734375,1.2578125,-1.474609375,0.25146484375,0.18310546875,-1.482421875,-0.10504150390625,1.1103515625,-1.908203125,0.80126953125
R1116_40,G,40,1.642578125,-0.57666015625,-0.57421875,1.3427734375,-0.84716796875,-0.1895751953125,1.3232421875,-1.67578125,-0.4462890625,1.1513671875,-0.81689453125,-0.281005859375,1.5380859375,-0.91650390625,-0.3505859375
R1116_41,C,41,0.97705078125,-1.154296875,0.7490234375,2.099609375,-1.4716796875,0.88330078125,1.6142578125,-2.13671875,1.0263671875,1.5986328125,-1.1044921875,0.67822265625,1.5556640625,-1.1650390625,0.595703125
R1116_42,U,42,1.0791015625,-2.849609375,0.7841796875,0.73681640625,-2.5234375,0.84423828125,0.64306640625,-2.935546875,1.0517578125,1.24609375,-2.900390625,0.71435546875,0.5361328125,-2.62890625,0.619140625
R1116_43,C,43,1.6953125,-1.68359375,0.446533203125,1.388671875,-1.458984375,0.475830078125,1.388671875,-1.14453125,0.3369140625,1.353515625,-1.328125,0.396728515625,2.626953125,-1.6435546875,0.76953125
R1116_44,U,44,0.489501953125,-2.357421875,0.2017822265625,0.210693359375,-2.27734375,-0.064697265625,0.91650390625,-2.349609375,0.2069091796875,0.447265625,-2.509765625,0.99853515625,0.10736083984375,-2.45703125,0.353271484375
R1116_45,G,45,1.568359375,-0.921875,-1.3154296875,1.0263671875,-1.0087890625,-0.389892578125,0.697265625,-0.8828125,-1.5703125,1.236328125,-1.2060546875,-1.001953125,0.921875,-1.392578125,-0.27880859375
R1116_46,G,46,0.6865234375,-1.451171875,-1.283203125,0.9150390625,-0.88671875,-1.5576171875,1.224609375,-0.54052734375,-1.3017578125,1.0439453125,-1.05859375,-1.185546875,0.70458984375,-0.341552734375,-1.8330078125
R1116_47,G,47,0.306396484375,-0.4140625,-0.90283203125,0.7001953125,-0.8173828125,-1.310546875,0.89599609375,-0.8564453125,-0.77294921875,1.03125,-1.162109375,-1.10546875,0.751953125,-0.8994140625,-1.181640625
R1116_48,G,48,0.93212890625,-0.86767578125,-1.392578125,0.405029296875,-1.654296875,-1.2294921875,0.7041015625,-1.552734375,-0.92333984375,0.62890625,-0.7294921875,-1.7861328125,1.369140625,-1.625,-1.47265625
R1116_49,U,49,0.72021484375,-3.11328125,0.7265625,1.052734375,-2.7578125,0.0303192138671875,0.42724609375,-3.15625,0.6064453125,1.09375,-2.380859375,-0.395263671875,0.68017578125,-3.287109375,0.408935546875
R1116_50,U,50,2.087890625,-2.94921875,1.0439453125,1.73828125,-2.9375,0.99658203125,2.115234375,-3.517578125,1.3037109375,1.8564453125,-3.623046875,0.52587890625,1.7001953125,-3.740234375,0.96728515625
R1116_51,G,51,1.5693359375,-2.044921875,0.395263671875,2.015625,-1.6123046875,-0.42431640625,1.8349609375,-2.0234375,0.1231689453125,2.826171875,-2.3671875,0.005344390869140625,1.9736328125,-1.9599609375,-0.876953125
R1116_52,U,52,2.0078125,-3.48828125,1.16796875,1.62109375,-3.197265625,0.8408203125,1.966796875,-3.28125,1.3134765625,1.458984375,-3.02734375,0.9208984375,2.287109375,-3.1015625,0.7080078125
R1116_53,A,53,0.08502197265625,-2.07421875,0.194580078125,0.2685546875,-2.275390625,-0.1368408203125,0.861328125,-2.095703125,0.003406524658203125,0.6142578125,-1.951171875,0.32177734375,0.2271728515625,-1.6640625,0.11712646484375
R1116_54,C,54,1.828125,-1.7626953125,1.876953125,2.099609375,-2.109375,1.2470703125,2.201171875,-2.3046875,1.6455078125,2.458984375,-1.9697265625,1.3759765625,2.087890625,-2.142578125,1.6474609375
R1116_55,C,55,2.03515625,-2.240234375,1.5341796875,2.25,-2.11328125,0.8759765625,1.9765625,-2.1796875,1.2060546875,2.32421875,-2.4609375,1.3974609375,2.25390625,-2.37109375,1.7314453125
R1116_56,C,56,2.04296875,-1.9072265625,1.451171875,2.2421875,-2.248046875,1.4501953125,2.509765625,-2.1171875,1.939453125,2.240234375,-1.8544921875,1.6083984375,2.150390625,-1.4677734375,1.72265625
R1116_57,A,57,-0.0014324188232421875,-2.43359375,0.15869140625,0.313720703125,-2.95703125,0.7294921875,0.226318359375,-2.806640625,0.36181640625,0.54150390625,-2.91015625,0.298828125,0.54150390625,-3.248046875,0.95703125
R1116_58,C,58,1.3740234375,-2.2421875,2.212890625,1.859375,-1.5498046875,2.484375,1.5908203125,-1.59375,2.08984375,1.5830078125,-2.052734375,1.744140625,2.080078125,-2.255859375,2.271484375
R1116_59,C,59,1.4853515625,-1.572265625,2.09375,1.2021484375,-2.046875,1.984375,1.2734375,-2.17578125,1.98828125,1.650390625,-1.900390625,1.80078125,1.62109375,-2.65625,1.9033203125
R1116_60,C,60,1.328125,-1.755859375,2.583984375,0.5703125,-2.001953125,1.9833984375,1.7177734375,-1.8642578125,2.4296875,1.1279296875,-1.7236328125,2.5234375,1.0732421875,-1.98046875,1.7236328125
R1116_61,C,61,1.4208984375,-2.341796875,2.310546875,1.341796875,-1.7314453125,1.91796875,0.9150390625,-2.70703125,2.62109375,1.474609375,-2.140625,1.7265625,1.0283203125,-2.3046875,2.0625
R1116_62,A,62,0.99462890625,-2.91015625,0.25830078125,0.1942138671875,-2.734375,0.5673828125,-0.0640869140625,-2.19921875,0.58154296875,0.87109375,-3.087890625,1.1650390625,0.33544921875,-3.1484375,0.306640625
R1116_63,G,63,0.8203125,-2.162109375,0.264404296875,0.8359375,-2.87890625,0.015411376953125,1.279296875,-2.533203125,0.296630859375,1.0263671875,-2.525390625,0.5986328125,1.0673828125,-1.9091796875,0.0246124267578125
R1116_64,A,64,0.67431640625,-2.447265625,0.1357421875,0.583984375,-2.943359375,0.442138671875,0.6982421875,-2.095703125,1.048828125,0.57568359375,-2.572265625,0.1534423828125,0.356689453125,-2.90234375,0.4794921875
R1116_65,G,65,1.5146484375,-1.7626953125,0.2176513671875,1.029296875,-2.037109375,0.11029052734375,0.91845703125,-2.0078125,0.4765625,0.87890625,-2.373046875,0.382568359375,0.814453125,-1.5029296875,0.1461181640625
R1116_66,G,66,0.89892578125,-1.4052734375,0.187255859375,0.8388671875,-1.4775390625,-0.206298828125,0.73779296875,-1.5634765625,1.23046875,0.875,-2.037109375,0.349609375,0.7763671875,-2.236328125,0.487548828125
R1116_67,C,67,1.3056640625,-2.474609375,1.9765625,0.802734375,-2.56640625,2.296875,1.255859375,-1.884765625,1.935546875,1.3291015625,-1.9111328125,2.232421875,1.5048828125,-1.537109375,2.2890625
R1116_68,C,68,1.4775390625,-2.66796875,1.7373046875,1.578125,-2.115234375,1.8984375,1.0712890625,-2.197265625,1.8154296875,1.5458984375,-2.576171875,2.06640625,1.443359375,-2.419921875,1.7998046875
R1116_69,C,69,1.671875,-2.087890625,1.4365234375,1.4970703125,-2.65625,0.85791015625,2.38671875,-1.9228515625,1.3251953125,1.712890625,-1.91015625,1.1806640625,2.076171875,-2.5234375,1.2314453125
R1116_70,A,70,0.238525390625,-1.4677734375,-0.544921875,0.2509765625,-1.8076171875,-0.560546875,0.39892578125,-1.9365234375,-0.275146484375,0.0592041015625,-1.689453125,-0.97900390625,-0.143798828125,-2.173828125,-0.45068359375
R1116_71,C,71,1.419921875,-1.6083984375,0.5283203125,1.8017578125,-1.880859375,1.1416015625,1.2041015625,-1.4326171875,0.56689453125,1.9765625,-1.21875,0.2208251953125,1.185546875,-1.6484375,0.316162109375
R1116_72,G,72,1.1240234375,-1.0009765625,-1.2744140625,1.33203125,-1.19140625,-1.1982421875,0.92236328125,-1.1201171875,-0.9853515625,1.18359375,-0.88134765625,-1.3095703125,1.3017578125,-0.921875,-1.037109375
R1116_73,U,73,1.4423828125,-2.1328125,1.154296875,1.1591796875,-2.19921875,0.72119140625,1.80078125,-2.943359375,1.3798828125,0.83349609375,-2.091796875,1.607421875,0.923828125,-1.400390625,0.556640625
R1116_74,G,74,1.1318359375,-0.70947265625,0.00766754150390625,0.75146484375,-0.94921875,0.38818359375,1.0625,-1.0009765625,0.476806640625,0.97265625,-0.363037109375,0.58349609375,0.95556640625,-1.0546875,-0.06976318359375
R1116_75,G,75,0.78759765625,-1.5,-0.11724853515625,1.267578125,-0.9365234375,0.720703125,0.90576171875,-1.6279296875,0.2044677734375,1.2138671875,-1.1025390625,-0.410400390625,1.25,-1.0078125,0.3173828125
R1116_76,C,76,1.5126953125,-1.7734375,0.9228515625,2.052734375,-1.865234375,1.6298828125,1.6240234375,-1.302734375,0.8017578125,2.029296875,-1.7451171875,1.53125,1.5234375,-1.904296875,0.82568359375
R1116_77,G,77,0.89990234375,-1.515625,-0.28955078125,0.751953125,-0.96826171875,-0.460205078125,1.2587890625,-1.681640625,-0.6796875,1.53515625,-1.3154296875,0.1617431640625,0.8515625,-1.5673828125,-0.810546875
R1116_78,G,78,0.85302734375,-0.751953125,-0.361083984375,1.27734375,-1.775390625,0.04815673828125,1.125,-1.650390625,-0.59765625,0.9541015625,-1.3837890625,-0.716796875,0.548828125,-1.3037109375,-0.6904296875
R1116_79,C,79,1.2109375,-1.5908203125,1.2666015625,0.7880859375,-2.05859375,0.88720703125,1.62109375,-1.50390625,0.97119140625,1.357421875,-1.65234375,0.9794921875,1.095703125,-0.7080078125,0.25244140625
R1116_80,U,80,1.5986328125,-1.7568359375,0.8125,1.7197265625,-2.142578125,0.7373046875,1.583984375,-2.537109375,0.8798828125,1.08203125,-2.369140625,0.73095703125,2.08203125,-2.572265625,1.1904296875
R1116_81,A,81,0.62744140625,-0.79833984375,-0.029876708984375,0.495849609375,-0.578125,-0.0362548828125,0.48876953125,-1.2509765625,-0.1004638671875,0.72216796875,-1.5244140625,-0.11968994140625,0.50830078125,-0.427490234375,0.244140625
R1116_82,G,82,1.859375,-1.12890625,0.859375,1.908203125,-1.4609375,0.623046875,1.7919921875,-1.0791015625,0.609375,1.8583984375,-1.30078125,0.377685546875,1.55078125,-0.99560546875,0.6689453125
R1116_83,U,83,1.7314453125,-3.04296875,1.0146484375,1.8359375,-2.533203125,1.408203125,1.90625,-2.64453125,1.447265625,2.109375,-3.095703125,1.4130859375,2.55859375,-2.73828125,1.8369140625
R1116_84,A,84,0.54931640625,-2.259765625,0.412841796875,0.78857421875,-1.740234375,0.29345703125,0.9521484375,-1.4013671875,1.068359375,0.8583984375,-1.6669921875,0.365966796875,1.1767578125,-2.173828125,0.82470703125
R1116_85,C,85,2.689453125,-2.0234375,1.7373046875,2.564453125,-2.3515625,1.7060546875,1.7353515625,-1.9775390625,1.875,3.052734375,-2.50390625,1.3935546875,2.25,-2.111328125,1.3837890625
R1116_86,U,86,1.908203125,-2.630859375,1.4755859375,2.189453125,-2.28125,1.2998046875,1.9228515625,-3.021484375,1.2705078125,1.880859375,-2.453125,1.287109375,2.060546875,-3.849609375,1.45703125
R1116_87,C,87,2.5078125,-1.1298828125,2.44140625,2.478515625,-1.9775390625,1.61328125,2.943359375,-1.7587890625,0.98583984375,2.57421875,-2.33203125,1.55859375,2.21484375,-2.20703125,1.2080078125
R1116_88,C,88,2.076171875,-1.8935546875,1.474609375,2.0078125,-2.572265625,2.080078125,1.62109375,-2.357421875,1.623046875,1.802734375,-1.6044921875,1.259765625,2.25,-1.8251953125,1.1025390625
R1116_89,G,89,1.44921875,-1.6787109375,0.95263671875,1.4677734375,-2.162109375,1.373046875,1.025390625,-1.66796875,0.7734375,1.080078125,-2.03125,0.732421875,0.64453125,-1.66796875,0.88037109375
R1116_90,G,90,0.884765625,-1.4794921875,0.8857421875,1.0380859375,-1.60546875,0.18798828125,1.0478515625,-1.625,0.8408203125,1.3076171875,-1.5380859375,0.685546875,1.548828125,-1.7099609375,0.794921875
R1116_91,U,91,0.8466796875,-2.9609375,2.861328125,0.86376953125,-3.244140625,1.9775390625,1.1103515625,-2.955078125,2.8828125,0.83984375,-2.87890625,1.458984375,1.3271484375,-3.140625,2.431640625
R1116_92,A,92,0.80224609375,-2.576171875,1.0400390625,0.275390625,-1.826171875,1.0380859375,0.2015380859375,-2.0625,0.78271484375,0.6005859375,-2.275390625,1.087890625,0.496826171875,-2.189453125,0.75634765625
R1116_93,U,93,1.140625,-3.0390625,2.75,1.3154296875,-3.005859375,2.630859375,1.26953125,-3.25390625,2.83203125,0.99365234375,-3.154296875,2.86328125,1.259765625,-2.732421875,2.056640625
R1116_94,U,94,1.6259765625,-2.6171875,1.9365234375,1.51171875,-2.779296875,2.267578125,1.8671875,-2.64453125,2.220703125,1.9423828125,-2.296875,2.3984375,1.76171875,-2.958984375,2.677734375
R1116_95,G,95,1.1064453125,-1.3095703125,0.54638671875,1.4677734375,-0.83447265625,0.21923828125,1.376953125,-0.875,0.7587890625,1.0361328125,-0.6572265625,0.5556640625,1.4365234375,-0.60107421875,0.3603515625
R1116_96,C,96,1.779296875,-0.91796875,2.017578125,1.5068359375,-1.2529296875,1.7890625,1.6279296875,-0.493896484375,2.22265625,1.91796875,-1.1064453125,1.1015625,1.587890625,-0.9873046875,2.22265625
R1116_97,G,97,0.225830078125,-0.6015625,-0.489990234375,0.61865234375,-0.4287109375,0.09564208984375,0.452392578125,-1.2412109375,-0.346923828125,1.318359375,-1.1044921875,0.1611328125,0.446533203125,-0.18408203125,0.284912109375
R1116_98,G,98,0.9560546875,-1.2919921875,0.99365234375,1.33984375,-1.5322265625,1.0615234375,0.422607421875,-0.701171875,0.397216796875,1.1083984375,-1.21484375,0.53173828125,1.4599609375,-1.51171875,0.8955078125
R1116_99,U,99,0.93798828125,-3.4375,2.259765625,0.57666015625,-2.8515625,1.498046875,0.34521484375,-3.498046875,2.5859375,0.69921875,-3.517578125,2.31640625,0.5771484375,-2.921875,1.3427734375
R1116_100,A,100,0.041046142578125,-2.173828125,0.49853515625,0.004596710205078125,-2.259765625,0.5966796875,0.501953125,-2.001953125,0.431640625,0.027435302734375,-2.97265625,0.40673828125,0.68017578125,-3.28515625,-0.0325927734375
R1116_101,C,101,1.2998046875,-1.6435546875,2.12109375,1.515625,-1.8408203125,1.8984375,1.7060546875,-1.8818359375,1.7607421875,1.498046875,-1.8857421875,2.220703125,1.4453125,-2.333984375,2.017578125
R1116_102,C,102,1.6845703125,-1.69140625,2.3515625,0.9541015625,-2.00390625,2.44921875,1.8251953125,-2.166015625,2.3359375,1.6123046875,-2.17578125,1.4697265625,1.5185546875,-2.296875,1.94140625
R1116_103,C,103,1.4482421875,-1.740234375,1.5859375,1.0068359375,-2.060546875,1.8134765625,1.0810546875,-1.9638671875,1.318359375,1.560546875,-2.078125,1.4638671875,1.4833984375,-1.548828125,1.6650390625
R1116_104,U,104,1.2373046875,-2.57421875,2.23046875,0.96826171875,-3.234375,1.4306640625,1.4423828125,-2.732421875,2.177734375,1.4140625,-3.419921875,2.341796875,1.150390625,-3.068359375,1.974609375
R1116_105,U,105,1.5068359375,-2.650390625,2.162109375,0.8388671875,-3.0546875,1.2998046875,1.17578125,-2.998046875,1.9404296875,1.5224609375,-2.85546875,1.4384765625,1.61328125,-3.04296875,1.8076171875
R1116_106,G,106,1.0654296875,-0.71728515625,0.75830078125,0.6640625,-0.340576171875,-0.2431640625,0.8525390625,-1.1962890625,0.4619140625,0.4638671875,-1.0810546875,0.25,1.0947265625,-1.1796875,0.30322265625
R1116_107,U,107,1.125,-3.296875,2.140625,0.8291015625,-3.146484375,2.119140625,0.958984375,-2.953125,1.6357421875,0.93896484375,-2.875,2.771484375,0.947265625,-3.294921875,2.064453125
R1116_108,A,108,0.57763671875,-2.23828125,0.430419921875,0.68408203125,-2.10546875,0.91015625,0.1826171875,-1.6640625,0.40625,0.3828125,-2.359375,0.6279296875,-0.08038330078125,-2.28125,0.38330078125
R1116_109,C,109,1.384765625,-0.92431640625,1.83203125,2.13671875,-1.2392578125,1.38671875,1.7041015625,-1.1845703125,1.98828125,2.328125,-1.529296875,1.7158203125,1.3984375,-0.935546875,2.01953125
R1116_110,G,110,0.5068359375,-0.75732421875,1.0498046875,0.389404296875,-0.69873046875,1.2529296875,0.82568359375,-0.87255859375,0.407470703125,0.681640625,-0.64599609375,0.480712890625,0.8603515625,-1.166015625,1.19921875
R1116_111,C,111,1.060546875,-0.8017578125,1.6982421875,1.3232421875,-1.0517578125,2.15234375,1.404296875,-0.79052734375,2.283203125,1.3076171875,-1.07421875,2.1328125,1.4345703125,-0.734375,1.7421875
R1116_112,C,112,1.5302734375,-1.08984375,1.4912109375,1.0498046875,-1.0888671875,1.27734375,1.5908203125,-0.84423828125,1.5634765625,1.525390625,-0.99267578125,2.349609375,1.90234375,-0.97412109375,1.98828125
R1116_113,U,113,0.95849609375,-3.533203125,2.1953125,0.94091796875,-2.734375,2.205078125,1.2763671875,-2.603515625,1.67578125,1.19921875,-2.4296875,2.501953125,0.9560546875,-2.421875,2.21484375
R1116_114,G,114,1.2783203125,-0.95703125,0.2890625,0.88916015625,-0.2010498046875,1.0380859375,1.1953125,-0.46923828125,0.673828125,0.515625,-1.1318359375,0.67578125,1.3994140625,-1.1748046875,0.55908203125
R1116_115,U,115,1.3564453125,-2.54296875,1.2275390625,1.095703125,-2.94921875,1.58984375,1.5224609375,-2.482421875,1.6240234375,1.4169921875,-3.123046875,1.5361328125,1.7001953125,-2.716796875,1.3818359375
R1116_116,U,116,1.625,-3.05078125,1.71484375,0.646484375,-2.603515625,1.2275390625,1.6318359375,-2.9375,1.9130859375,1.0625,-3.26953125,2.27734375,1.1455078125,-2.6171875,1.5283203125
R1116_117,U,117,0.63330078125,-2.853515625,1.8095703125,0.6201171875,-2.943359375,1.4033203125,1.0771484375,-3.013671875,2.56640625,0.8984375,-2.5625,2.044921875,1.375,-3.05859375,2.134765625
R1116_118,U,118,1.201171875,-3.32421875,1.6318359375,1.3818359375,-3.185546875,2.373046875,0.8115234375,-3.619140625,2.693359375,0.9248046875,-3.693359375,2.34375,0.89990234375,-2.908203125,1.96484375
R1116_119,A,119,0.182373046875,-0.83251953125,0.283447265625,1.412109375,-1.966796875,1.0068359375,0.435546875,-1.0751953125,0.5712890625,0.0916748046875,-1.4462890625,0.6943359375,0.128173828125,-1.8046875,0.155517578125
R1116_120,G,120,0.98681640625,-1.0322265625,0.69970703125,0.364990234375,-0.6572265625,-0.95751953125,0.3828125,-0.78662109375,-0.343994140625,0.50732421875,-1.123046875,0.0247802734375,0.85009765625,-1.3642578125,0.12493896484375
R1116_121,C,121,1.580078125,-1.0771484375,0.5380859375,2.130859375,-1.212890625,1.2158203125,1.7568359375,-1.3544921875,1.0546875,1.9033203125,-1.462890625,1.0712890625,2.302734375,-1.2958984375,1.18359375
R1116_122,C,122,1.494140625,-1.58984375,0.806640625,2.06640625,-1.080078125,1.06640625,1.83984375,-1.0205078125,0.99072265625,1.51171875,-1.1611328125,2.044921875,2.162109375,-1.2470703125,0.62548828125
R1116_123,G,123,0.1859130859375,-0.560546875,-0.48828125,0.09698486328125,-0.9638671875,0.412109375,0.1903076171875,-0.2734375,-0.52099609375,0.12176513671875,-0.41015625,-0.8388671875,0.223388671875,-0.7236328125,-0.0950927734375
R1116_124,C,124,1.4873046875,-0.8818359375,1.373046875,1.1181640625,-1.517578125,0.837890625,1.583984375,-0.5810546875,0.67041015625,1.1337890625,-1.154296875,0.89306640625,1.4775390625,-1.4267578125,0.896484375
R1116_125,G,125,0.413330078125,-0.275146484375,-0.55810546875,0.463623046875,-0.6171875,-0.275390625,-0.01389312744140625,-0.482666015625,-0.4306640625,-0.5478515625,-0.6533203125,-0.31494140625,0.474609375,-0.028289794921875,-0.76806640625
R1116_126,G,126,0.1668701171875,-0.43115234375,-1.1044921875,0.521484375,-0.994140625,-0.54052734375,-0.07763671875,-0.428466796875,-1.099609375,0.437255859375,-0.771484375,-0.93798828125,0.08331298828125,-0.7744140625,-1.029296875
R1116_127,G,127,0.72607421875,-0.64306640625,-0.767578125,0.35595703125,-0.8232421875,-0.8017578125,0.48974609375,-0.796875,-0.556640625,0.0195159912109375,-0.67626953125,-0.65771484375,0.8349609375,-0.84521484375,-0.339599609375
R1116_128,U,128,1.458984375,-3.18359375,0.9853515625,1.47265625,-3.189453125,1.5009765625,1.0029296875,-3.619140625,0.7568359375,1.40234375,-3.02734375,0.94873046875,1.5615234375,-2.578125,-0.005359649658203125
R1116_129,C,129,2.2890625,-1.078125,1.232421875,1.4462890625,-1.525390625,0.44921875,2.119140625,-1.740234375,0.9375,2.0546875,-1.3408203125,0.47021484375,1.1220703125,-1.4560546875,0.093505859375
R1116_130,C,130,1.5498046875,-1.41015625,1.12109375,1.3876953125,-1.783203125,0.66748046875,1.353515625,-1.388671875,1.298828125,1.3271484375,-1.7392578125,1.0146484375,1.654296875,-1.9560546875,0.708984375
R1116_131,A,131,-0.16845703125,-0.95556640625,-0.06341552734375,-0.280517578125,-1.2412109375,-0.328857421875,0.28369140625,-0.8857421875,0.42822265625,0.480224609375,-2.13671875,1.099609375,-0.312744140625,-1.6328125,-0.129638671875
R1116_132,G,132,-0.237548828125,-1.328125,-0.44775390625,1.12109375,-1.638671875,0.2379150390625,0.019561767578125,-1.052734375,-0.251953125,0.6943359375,-1.2841796875,0.321533203125,0.178955078125,-1.673828125,-0.004512786865234375
R1116_133,G,133,0.54638671875,-1.8798828125,-0.64697265625,0.91357421875,-1.556640625,-0.14111328125,0.35498046875,-2.130859375,-0.41015625,0.145751953125,-1.5234375,-0.201904296875,-0.043548583984375,-1.208984375,0.1837158203125
R1116_134,G,134,0.1422119140625,-1.8876953125,-0.916015625,0.394775390625,-1.888671875,-0.478515625,0.45068359375,-2.12890625,-0.6142578125,-0.191650390625,-1.6240234375,-0.349853515625,-0.07989501953125,-1.5146484375,-0.85009765625
R1116_135,U,135,0.42919921875,-3.498046875,0.51806640625,0.57666015625,-3.591796875,0.1876220703125,0.2440185546875,-2.830078125,-0.13427734375,0.048004150390625,-3.048828125,0.33349609375,0.98388671875,-4.02734375,1.05859375
R1116_136,U,136,0.12451171875,-2.921875,-0.30712890625,0.1793212890625,-3.1171875,-0.1656494140625,0.0280609130859375,-3.544921875,0.57275390625,0.51904296875,-3.02734375,0.11883544921875,0.3564453125,-2.841796875,-0.054534912109375
R1116_137,C,137,1.396484375,-1.9521484375,-0.144775390625,1.6416015625,-1.548828125,-0.1712646484375,1.880859375,-1.6533203125,0.08673095703125,1.5224609375,-1.634765625,-0.36865234375,1.392578125,-1.80859375,-0.59228515625
R1116_138,A,138,-0.90869140625,-0.6552734375,-1.1171875,-0.35791015625,-0.049285888671875,-0.73388671875,-0.48876953125,-1.12890625,-0.52978515625,-0.66357421875,-0.44677734375,-1.3115234375,-0.7744140625,-0.413330078125,-1.30859375
R1116_139,A,139,0.1138916015625,-0.4384765625,0.5029296875,-0.1937255859375,0.028900146484375,-0.253662109375,-0.2271728515625,-0.1746826171875,-0.268310546875,-0.49560546875,-0.389404296875,-0.2176513671875,0.06097412109375,-0.1973876953125,-0.61181640625
R1116_140,G,140,0.2406005859375,-0.149169921875,-0.2459716796875,0.3076171875,-0.459228515625,-0.339599609375,0.283447265625,-0.37109375,-0.496337890625,1.3125,-0.408447265625,-0.53857421875,0.9853515625,-0.5029296875,-0.287841796875
R1116_141,U,141,1.6064453125,-2.6875,1.984375,1.4814453125,-1.85546875,1.1474609375,1.564453125,-2.9453125,1.357421875,1.0595703125,-2.5625,1.4560546875,1.7939453125,-2.025390625,1.6650390625
R1116_142,C,142,2.12109375,-1.189453125,1.6806640625,2.21875,-2.09765625,2.259765625,2.4765625,-1.314453125,2.8515625,1.94140625,-1.4765625,2.138671875,2.072265625,-1.64453125,2.279296875
R1116_143,C,143,2.1640625,-1.8505859375,1.904296875,2.201171875,-1.5546875,2.32421875,1.919921875,-1.580078125,1.685546875,1.759765625,-1.6611328125,1.9228515625,1.8408203125,-1.7783203125,1.9013671875
R1116_144,C,144,2.318359375,-2.03125,2.1796875,2.0703125,-1.8564453125,1.7216796875,2.060546875,-2.201171875,2.3515625,1.8994140625,-1.6533203125,2.025390625,1.83984375,-1.7744140625,1.97265625
R1116_145,U,145,0.93603515625,-2.19921875,2.01953125,0.89794921875,-2.775390625,2.419921875,0.68701171875,-2.751953125,2.35546875,0.6962890625,-2.14453125,1.662109375,0.525390625,-2.99609375,2.044921875
R1116_146,G,146,0.13671875,-1.25390625,0.8974609375,0.708984375,-1.642578125,1.3046875,0.9970703125,-1.3740234375,0.43798828125,0.462158203125,-1.2900390625,0.90966796875,0.68212890625,-1.6904296875,0.8037109375
R1116_147,U,147,0.73681640625,-2.416015625,1.619140625,-0.09246826171875,-1.970703125,2.052734375,0.2127685546875,-3.0390625,1.85546875,0.56494140625,-2.05859375,2.279296875,0.5634765625,-1.8271484375,1.908203125
R1116_148,U,148,0.7177734375,-2.26171875,2.107421875,0.953125,-2.248046875,1.611328125,0.58935546875,-2.787109375,1.609375,-0.2052001953125,-1.8955078125,1.4052734375,0.267333984375,-2.638671875,2.376953125
R1116_149,C,149,1.6337890625,-1.7744140625,2.25390625,2.306640625,-1.279296875,2.421875,1.4052734375,-1.712890625,2.314453125,1.392578125,-1.21484375,2.146484375,1.189453125,-1.4169921875,1.34765625
R1116_150,G,150,0.90625,-1.2216796875,0.32568359375,0.94189453125,-0.63427734375,0.90869140625,0.63671875,-1.3935546875,1.1552734375,0.8779296875,-0.86572265625,0.11956787109375,1.154296875,-1.58984375,0.10821533203125
R1116_151,G,151,0.962890625,-1.0771484375,1.181640625,0.8935546875,-1.2041015625,0.3994140625,0.96240234375,-1.123046875,1.072265625,1.4775390625,-1.767578125,1.2841796875,0.7890625,-1.65234375,1.697265625
R1116_152,G,152,0.8515625,-1.6298828125,0.81005859375,1.033203125,-1.4892578125,1.1650390625,0.7841796875,-1.9970703125,1.4287109375,0.50732421875,-1.88671875,1.2099609375,0.91455078125,-1.8193359375,1.822265625
R1116_153,C,153,1.55859375,-1.7802734375,1.9931640625,2.05859375,-1.8291015625,2.611328125,2.150390625,-1.380859375,2.5390625,1.716796875,-2.4765625,2.494140625,1.791015625,-1.9228515625,2.6875
R1116_154,G,154,0.75146484375,-1.5810546875,2.376953125,0.366943359375,-1.4287109375,1.7158203125,0.7158203125,-1.7841796875,2.14453125,0.73388671875,-2.09375,1.4541015625,0.79443359375,-1.7109375,1.8681640625
R1116_155,C,155,1.8505859375,-1.4248046875,2.337890625,0.9375,-1.833984375,1.9462890625,1.5576171875,-1.8017578125,1.6767578125,1.5263671875,-1.6962890625,2.419921875,1.84765625,-1.681640625,2.447265625
R1116_156,C,156,1.6953125,-2.314453125,2.29296875,1.9072265625,-1.8974609375,2.412109375,2.4921875,-2.84375,2.876953125,2.126953125,-1.6298828125,1.59765625,2.697265625,-2.154296875,2.5859375
R1116_157,A,157,1.8564453125,-2.072265625,1.333984375,1.3212890625,-2.05859375,1.7705078125,1.93359375,-1.6767578125,1.9306640625,1.5029296875,-2.607421875,1.5791015625,1.474609375,-2.26953125,2.27734375
R1117v2_1,U,1,1.689453125,-3.693359375,3.0625,2.681640625,-3.630859375,2.88671875,2.087890625,-3.087890625,2.51953125,2.46875,-3.115234375,1.6376953125,1.9580078125,-2.66796875,1.9296875
R1117v2_2,U,2,1.9970703125,-2.572265625,2.384765625,1.5859375,-3.333984375,2.318359375,1.8896484375,-2.59765625,2.208984375,2.47265625,-3.49609375,2.7578125,1.3603515625,-2.86328125,2.09765625
R1117v2_3,G,3,2.056640625,-1.7060546875,1.4248046875,1.8193359375,-2.001953125,0.40234375,2.38671875,-1.75,1.01953125,2.37109375,-1.1240234375,0.52587890625,2.51953125,-0.55322265625,0.9638671875
R1117v2_4,G,4,2.041015625,-1.05078125,0.1312255859375,2.06640625,-1.53125,0.318603515625,2.32421875,-1.671875,0.7734375,1.71875,-1.197265625,0.986328125,2.001953125,-1.3056640625,0.748046875
R1117v2_5,G,5,2.4453125,-1.708984375,0.2861328125,2.265625,-1.216796875,0.1905517578125,2.505859375,-1.2763671875,-0.25927734375,2.470703125,-1.8271484375,0.9365234375,2.8359375,-1.921875,0.277099609375
R1117v2_6,U,6,2.623046875,-3.33984375,1.6689453125,2.654296875,-4.14453125,2.720703125,2.2109375,-2.5703125,1.9775390625,2.548828125,-3.548828125,2.48046875,2.427734375,-2.982421875,2.29296875
R1117v2_7,U,7,3.15625,-3.01953125,2.35546875,3.0546875,-3.48828125,2.291015625,2.4453125,-2.556640625,1.8720703125,2.978515625,-3.34375,2.248046875,2.6015625,-3.078125,2.45703125
R1117v2_8,C,8,3.76171875,-2.533203125,2.908203125,3.2109375,-2.130859375,3.095703125,3.638671875,-1.9814453125,2.609375,3.02734375,-2.654296875,2.408203125,2.826171875,-1.83203125,2.408203125
R1117v2_9,C,9,2.568359375,-2.30078125,2.76953125,3.666015625,-2.4375,3.013671875,3.162109375,-2.7578125,2.330078125,3.326171875,-2.876953125,2.671875,2.158203125,-2.61328125,2.513671875
R1117v2_10,C,10,2.447265625,-2.2265625,2.578125,2.845703125,-2.826171875,1.83984375,3.240234375,-2.548828125,2.380859375,2.48828125,-3.1328125,2.736328125,2.97265625,-2.88671875,2.8125
R1117v2_11,U,11,3.06640625,-3.318359375,2.177734375,2.1640625,-4.0625,1.1455078125,1.55078125,-3.1640625,1.650390625,2.353515625,-3.56640625,1.736328125,2.25390625,-3.888671875,2.150390625
R1117v2_12,C,12,3.705078125,-3.087890625,1.3828125,3.470703125,-2.9921875,2.130859375,3.08984375,-2.96484375,1.9453125,3.43359375,-3.12109375,1.814453125,2.638671875,-3.099609375,1.5498046875
R1117v2_13,A,13,3.03125,-2.572265625,0.467529296875,2.765625,-2.5390625,0.78564453125,2.322265625,-2.53125,-0.475341796875,2.080078125,-2.62109375,0.10076904296875,2.3984375,-3.16015625,1.2080078125
R1117v2_14,C,14,3.955078125,-2.6796875,1.2607421875,4.671875,-3.263671875,2.091796875,3.935546875,-3.513671875,1.5947265625,4.734375,-2.52734375,1.1318359375,3.685546875,-2.755859375,2.599609375
R1117v2_15,C,15,4.125,-3.109375,2.322265625,3.939453125,-3.080078125,2.353515625,4.3828125,-3.052734375,2.1015625,3.748046875,-2.4296875,1.5576171875,3.57421875,-3.01953125,2.349609375
R1117v2_16,C,16,3.5859375,-2.607421875,2.431640625,3.521484375,-2.89453125,1.9345703125,4.1796875,-3.2578125,2.37890625,4.3515625,-2.7421875,2.642578125,3.859375,-3.107421875,2.296875
R1117v2_17,C,17,3.83984375,-2.53515625,1.95703125,4.31640625,-2.408203125,2.80859375,4.078125,-2.91796875,2.37109375,3.853515625,-2.783203125,2.248046875,4.48828125,-2.87109375,1.67578125
R1117v2_18,A,18,2.384765625,-2.5,-0.119140625,2.189453125,-2.484375,-0.52783203125,2.1875,-2.283203125,-0.9013671875,2.56640625,-2.0,-0.489013671875,3.033203125,-3.095703125,0.44873046875
R1117v2_19,A,19,2.662109375,-2.970703125,-0.02642822265625,3.40234375,-2.03125,-0.9931640625,2.41015625,-1.837890625,-0.470947265625,2.8203125,-1.75,-0.39697265625,2.595703125,-1.3310546875,-0.85107421875
R1117v2_20,U,20,3.314453125,-3.205078125,0.247802734375,3.060546875,-2.8671875,0.4521484375,3.359375,-3.595703125,0.51416015625,3.3828125,-3.1328125,-0.1151123046875,3.8984375,-3.265625,0.623046875
R1117v2_21,C,21,4.14453125,-1.91015625,1.25,4.359375,-2.201171875,1.2041015625,3.98828125,-2.00390625,1.1923828125,3.55859375,-2.22265625,1.8984375,4.16796875,-2.416015625,2.17578125
R1117v2_22,A,22,3.271484375,-1.0205078125,0.492431640625,1.76171875,-1.33984375,0.0924072265625,2.30859375,-1.85546875,-0.191162109375,1.869140625,-1.458984375,-0.5888671875,2.326171875,-2.16796875,0.62841796875
R1117v2_23,U,23,2.935546875,-2.580078125,1.2666015625,2.458984375,-1.8173828125,1.8994140625,2.34765625,-2.6484375,1.8828125,1.884765625,-1.646484375,1.4619140625,3.38671875,-2.2734375,1.1005859375
R1117v2_24,A,24,2.705078125,-0.89990234375,1.373046875,3.060546875,-1.4423828125,0.8466796875,2.5859375,-1.1748046875,0.66455078125,2.263671875,-1.4208984375,1.5986328125,2.837890625,-1.0556640625,1.1689453125
R1117v2_25,A,25,2.419921875,-1.447265625,1.068359375,2.427734375,-2.599609375,0.73779296875,2.296875,-2.00390625,0.7197265625,2.341796875,-1.197265625,0.443603515625,2.080078125,-1.0048828125,0.9521484375
R1117v2_26,A,26,3.013671875,-1.0087890625,1.009765625,2.908203125,-0.96240234375,1.5986328125,2.583984375,-1.416015625,0.58203125,2.443359375,-1.1435546875,0.7431640625,2.912109375,-1.794921875,0.82275390625
R1117v2_27,A,27,2.30859375,-1.6455078125,0.432373046875,3.08203125,-2.1875,-0.0230255126953125,2.76953125,-2.455078125,0.55517578125,2.478515625,-1.537109375,-0.51025390625,2.501953125,-1.544921875,0.70263671875
R1117v2_28,A,28,2.26171875,-1.0654296875,0.04486083984375,1.69921875,-1.330078125,-0.138916015625,1.8076171875,-1.5947265625,0.73974609375,2.4375,-2.7421875,0.2158203125,2.337890625,-1.5732421875,0.3759765625
R1117v2_29,G,29,2.7578125,-2.12890625,-0.7041015625,2.59765625,-2.232421875,0.1351318359375,3.29296875,-1.5166015625,0.10040283203125,2.451171875,-1.01171875,-0.27587890625,3.03125,-1.5732421875,0.35546875
R1117v2_30,G,30,3.0078125,-1.6328125,0.841796875,2.29296875,-2.4375,-0.533203125,3.087890625,-1.3896484375,0.2374267578125,2.63671875,-2.11328125,-0.1099853515625,2.91015625,-1.140625,0.074951171875
R1126_1,G,1,1.5625,-1.6328125,0.59130859375,1.5869140625,-1.626953125,0.0450439453125,1.3583984375,-1.5498046875,0.170166015625,1.587890625,-1.57421875,0.393310546875,1.3017578125,-1.4091796875,0.21044921875
R1126_2,G,2,1.2060546875,-1.455078125,0.54150390625,1.3955078125,-1.0302734375,0.85791015625,1.392578125,-1.71875,0.6767578125,1.5009765625,-1.6171875,0.159423828125,1.4921875,-1.8193359375,0.4560546875
R1126_3,A,3,1.17578125,-1.978515625,1.1259765625,0.78955078125,-1.484375,0.4365234375,1.0576171875,-1.1484375,1.1552734375,1.619140625,-1.775390625,0.89501953125,1.0,-1.8828125,0.39501953125
R1126_4,A,4,1.2197265625,-1.2763671875,0.5400390625,1.32421875,-1.953125,1.3759765625,1.1337890625,-2.060546875,1.2607421875,1.1630859375,-1.6904296875,0.74267578125,0.794921875,-1.23828125,0.55322265625
R1126_5,U,5,1.4248046875,-3.1953125,1.8232421875,0.91259765625,-2.544921875,1.705078125,1.197265625,-2.73828125,1.4423828125,1.4248046875,-3.173828125,1.79296875,1.2705078125,-3.171875,1.6943359375
R1126_6,C,6,2.76171875,-1.9287109375,1.7734375,2.6953125,-2.458984375,1.7255859375,2.541015625,-1.384765625,1.2294921875,2.494140625,-2.19921875,1.7763671875,2.642578125,-2.26953125,1.6123046875
R1126_7,U,7,2.0703125,-3.1875,2.166015625,1.8896484375,-2.83984375,1.8359375,2.294921875,-3.6171875,1.9267578125,1.9814453125,-2.55859375,1.693359375,1.2861328125,-3.083984375,1.837890625
R1126_8,C,8,2.607421875,-2.6796875,1.9423828125,2.17578125,-2.50390625,1.4365234375,2.828125,-2.3515625,2.388671875,3.11328125,-2.296875,1.5244140625,2.537109375,-2.623046875,2.46875
R1126_9,G,9,1.1875,-3.318359375,0.92529296875,1.7705078125,-2.15625,0.440185546875,1.3740234375,-2.1875,0.97265625,1.591796875,-2.890625,0.55126953125,1.4169921875,-2.34765625,0.6953125
R1126_10,C,10,1.498046875,-2.625,1.5986328125,1.556640625,-2.919921875,2.025390625,1.2412109375,-3.30859375,1.4248046875,1.8291015625,-2.908203125,1.630859375,2.0625,-2.7734375,1.97265625
R1126_11,C,11,1.728515625,-3.130859375,1.7646484375,1.875,-2.658203125,1.490234375,1.5693359375,-2.447265625,1.5107421875,1.7314453125,-3.3046875,1.5224609375,1.626953125,-3.7890625,1.5078125
R1126_12,C,12,1.111328125,-2.22265625,1.2314453125,1.70703125,-2.5625,1.1650390625,1.791015625,-3.259765625,1.30078125,2.30859375,-3.064453125,1.306640625,2.0703125,-2.943359375,1.287109375
R1126_13,G,13,2.130859375,-2.912109375,0.99169921875,1.8251953125,-2.8984375,-0.452880859375,2.06640625,-2.76953125,-0.68896484375,1.890625,-2.8203125,-0.193359375,2.072265625,-2.951171875,0.5068359375
R1126_14,A,14,0.939453125,-3.162109375,0.06268310546875,0.78466796875,-2.916015625,0.037994384765625,1.4560546875,-2.798828125,0.505859375,1.1865234375,-2.98828125,-0.69140625,1.3916015625,-3.103515625,0.1839599609375
R1126_15,U,15,1.21875,-3.01171875,-0.11590576171875,1.669921875,-3.6875,0.44677734375,1.4345703125,-3.572265625,0.755859375,1.6005859375,-3.50390625,0.97021484375,1.5029296875,-2.923828125,0.480712890625
R1126_16,G,16,1.6259765625,-2.32421875,-0.145263671875,1.76953125,-1.890625,-0.210693359375,1.5751953125,-1.953125,-0.1204833984375,1.775390625,-2.6328125,-0.0311279296875,2.14453125,-2.654296875,-0.1328125
R1126_17,U,17,1.6298828125,-3.390625,1.4794921875,1.6015625,-3.177734375,0.46484375,1.5458984375,-3.923828125,0.92724609375,1.5537109375,-2.80078125,1.5390625,1.8291015625,-3.4921875,0.83349609375
R1126_18,U,18,2.0625,-3.376953125,0.30224609375,1.6962890625,-3.64453125,0.6298828125,2.08984375,-3.302734375,0.409912109375,2.111328125,-4.0,0.513671875,1.9580078125,-3.109375,0.32958984375
R1126_19,C,19,3.6796875,-2.927734375,1.1591796875,3.8515625,-2.701171875,0.68798828125,3.884765625,-3.0234375,1.103515625,3.11328125,-2.853515625,0.9375,3.623046875,-2.509765625,1.2626953125
R1126_20,G,20,2.150390625,-1.4541015625,-1.861328125,2.46875,-1.765625,-1.701171875,3.009765625,-1.9951171875,-0.94775390625,2.458984375,-2.482421875,-1.7099609375,3.01953125,-2.74609375,-1.19140625
R1126_21,C,21,1.7939453125,-3.060546875,1.8408203125,2.32421875,-2.69921875,0.4453125,2.599609375,-2.265625,0.6748046875,2.517578125,-2.96875,1.4169921875,2.037109375,-2.482421875,0.51904296875
R1126_22,A,22,1.6611328125,-2.830078125,0.468017578125,0.69140625,-1.77734375,-0.91455078125,0.75634765625,-2.296875,-0.6015625,1.3232421875,-3.103515625,0.225830078125,1.0380859375,-1.9072265625,-0.61767578125
R1126_23,U,23,1.255859375,-2.453125,1.447265625,0.8759765625,-2.462890625,1.046875,0.7099609375,-3.7265625,0.415771484375,0.52783203125,-2.287109375,1.1259765625,1.7138671875,-2.515625,0.51513671875
R1126_24,C,24,2.15234375,-1.48828125,1.7685546875,2.287109375,-1.462890625,1.77734375,2.08203125,-2.12109375,2.275390625,2.015625,-1.6044921875,1.66015625,2.232421875,-1.4638671875,1.7265625
R1126_25,G,25,2.091796875,-0.84765625,0.61474609375,1.8515625,-0.8544921875,-0.313232421875,2.193359375,-1.775390625,0.1951904296875,2.078125,-1.9365234375,0.9326171875,1.8828125,-1.8349609375,0.386474609375
R1126_26,G,26,2.572265625,-1.298828125,0.9716796875,2.37109375,-2.03515625,0.56982421875,2.158203125,-1.6708984375,0.358154296875,2.1875,-1.8544921875,-0.1343994140625,1.45703125,-1.7099609375,0.317626953125
R1126_27,G,27,2.12109375,-1.953125,-0.47265625,2.466796875,-1.47265625,-0.490234375,2.1640625,-2.0234375,-0.97900390625,1.697265625,-2.48828125,-0.486572265625,1.978515625,-1.427734375,-0.04266357421875
R1126_28,A,28,1.4052734375,-1.9306640625,-1.0888671875,0.95263671875,-2.220703125,-0.60107421875,1.619140625,-2.330078125,-0.1973876953125,0.368896484375,-2.5,-0.39501953125,1.201171875,-2.09375,-0.425048828125
R1126_29,U,29,1.103515625,-3.49609375,0.30810546875,0.6640625,-2.91015625,0.6748046875,0.806640625,-3.521484375,0.6259765625,0.416015625,-2.990234375,0.90966796875,0.11602783203125,-3.078125,0.625
R1126_30,U,30,0.1312255859375,-3.287109375,1.0419921875,0.30322265625,-2.978515625,1.173828125,0.779296875,-3.0703125,1.5810546875,0.477783203125,-2.875,0.2237548828125,0.8037109375,-2.984375,0.75146484375
R1126_31,U,31,0.97412109375,-2.98828125,0.72314453125,0.271484375,-2.6484375,0.9267578125,0.10888671875,-2.611328125,0.66552734375,0.7763671875,-2.650390625,1.1728515625,0.779296875,-3.005859375,0.56689453125
R1126_32,G,32,1.353515625,-2.21875,0.62841796875,1.5830078125,-2.708984375,0.1903076171875,1.1416015625,-1.6337890625,-0.95068359375,1.6552734375,-1.6884765625,-0.1357421875,1.6337890625,-1.5380859375,-0.0364990234375
R1126_33,C,33,1.6103515625,-2.37109375,0.8037109375,1.796875,-2.55078125,1.1865234375,1.939453125,-2.248046875,0.802734375,1.974609375,-2.068359375,1.4091796875,1.62890625,-2.46875,0.4150390625
R1126_34,A,34,0.155517578125,-1.9296875,-0.49267578125,0.5390625,-1.833984375,0.042266845703125,-0.0648193359375,-1.3173828125,-0.8037109375,-0.012481689453125,-2.2890625,-0.4990234375,-0.08441162109375,-1.3369140625,-0.77392578125
R1126_35,G,35,0.78857421875,-1.486328125,-0.541015625,0.9599609375,-1.4375,-0.48828125,0.83984375,-1.5576171875,-0.1788330078125,1.1328125,-1.0458984375,-0.1700439453125,0.98291015625,-1.3818359375,0.876953125
R1126_36,G,36,1.3251953125,-1.1572265625,0.68603515625,1.0458984375,-0.469970703125,0.60400390625,1.3291015625,-0.9228515625,0.08416748046875,0.830078125,-1.544921875,0.13232421875,0.50146484375,-1.31640625,0.08001708984375
R1126_37,U,37,0.8525390625,-2.16796875,1.8515625,0.63232421875,-2.78515625,2.033203125,1.171875,-3.19140625,1.9619140625,0.493408203125,-3.046875,1.58203125,0.396728515625,-2.6875,1.869140625
R1126_38,C,38,1.2265625,-1.251953125,0.9267578125,1.390625,-0.892578125,1.3076171875,1.4287109375,-1.181640625,2.0859375,1.234375,-1.216796875,1.693359375,1.501953125,-1.4462890625,2.166015625
R1126_39,C,39,1.35546875,-0.96142578125,1.408203125,1.5927734375,-0.78564453125,2.19140625,1.4296875,-1.7373046875,1.73046875,1.806640625,-1.3740234375,1.763671875,1.2783203125,-1.3818359375,1.0771484375
R1126_40,A,40,0.85693359375,-1.208984375,0.27734375,1.529296875,-0.919921875,-0.03485107421875,0.828125,-0.90625,0.372314453125,1.4599609375,-1.7568359375,0.34912109375,1.2841796875,-1.275390625,-0.3779296875
R1126_41,U,41,0.8857421875,-2.228515625,0.7705078125,0.67724609375,-2.8515625,0.75341796875,0.84130859375,-2.5546875,0.2626953125,0.3349609375,-1.4873046875,-0.103271484375,1.01171875,-2.154296875,0.422119140625
R1126_42,G,42,1.2548828125,-1.0908203125,-0.5986328125,0.77880859375,-1.203125,-0.287109375,1.0439453125,-1.330078125,0.337158203125,0.8525390625,-0.90771484375,-0.4306640625,0.91796875,-1.0302734375,-0.97900390625
R1126_43,G,43,0.876953125,-1.1181640625,-0.40185546875,1.29296875,-1.068359375,-0.78662109375,1.435546875,-0.9091796875,-0.6318359375,0.98291015625,-1.015625,-0.2476806640625,1.0751953125,-1.0537109375,-1.0107421875
R1126_44,A,44,0.2266845703125,-0.56982421875,-1.2998046875,0.442138671875,-0.316162109375,-1.314453125,0.10400390625,-0.68505859375,-1.5791015625,0.30126953125,-0.84423828125,-1.751953125,0.381103515625,-0.59326171875,-1.3203125
R1126_45,U,45,1.1796875,-2.2109375,-0.62060546875,0.86083984375,-1.0869140625,-0.61572265625,1.0166015625,-1.4755859375,-0.45166015625,0.4951171875,-1.7421875,-0.73291015625,0.9833984375,-1.6826171875,0.08489990234375
R1126_46,U,46,1.15234375,-1.27734375,-0.55419921875,0.485595703125,-1.8193359375,-0.491455078125,1.48828125,-1.642578125,-0.61376953125,0.9560546875,-1.6484375,0.0199737548828125,0.6123046875,-1.3994140625,-0.87939453125
R1126_47,A,47,0.1600341796875,-1.2314453125,-1.6181640625,-0.19091796875,-1.0498046875,-1.5126953125,-0.042694091796875,-0.1943359375,-1.6640625,-0.436767578125,-0.35400390625,-1.9287109375,-0.8388671875,-0.332763671875,-1.8173828125
R1126_48,C,48,1.6943359375,-1.328125,-0.53125,1.28515625,-1.115234375,-0.343994140625,1.7041015625,-1.416015625,-0.299560546875,1.4462890625,-1.525390625,-0.52978515625,1.771484375,-1.34375,-0.373046875
R1126_49,A,49,0.0596923828125,-1.3603515625,-0.95947265625,-0.23046875,-1.4609375,-0.77294921875,-0.36572265625,-1.349609375,-1.87109375,-0.474365234375,-1.6943359375,-1.3134765625,0.66259765625,-2.31640625,-0.79150390625
R1126_50,C,50,2.642578125,-2.658203125,0.876953125,1.865234375,-2.123046875,0.7763671875,2.083984375,-1.8212890625,1.4833984375,2.462890625,-2.36328125,1.130859375,1.3271484375,-2.1171875,0.89990234375
R1126_51,C,51,2.283203125,-2.384765625,0.9541015625,2.197265625,-1.828125,1.3857421875,1.970703125,-2.185546875,1.0625,2.19921875,-2.037109375,1.1787109375,2.2265625,-1.814453125,1.376953125
R1126_52,A,52,-0.371337890625,-1.6064453125,0.461181640625,0.26416015625,-1.9873046875,0.732421875,0.2462158203125,-1.65625,0.62353515625,-0.17724609375,-1.8427734375,0.7646484375,0.036041259765625,-1.634765625,-0.0025272369384765625
R1126_53,U,53,0.7646484375,-2.8515625,1.3291015625,0.97216796875,-2.74609375,1.2021484375,0.90625,-2.78515625,1.2802734375,1.376953125,-2.49609375,1.6328125,1.4033203125,-2.904296875,1.4677734375
R1126_54,G,54,0.427001953125,-1.96875,1.0205078125,0.45166015625,-1.6943359375,0.489013671875,0.8662109375,-2.109375,0.86572265625,0.927734375,-1.7744140625,0.6806640625,1.2509765625,-1.466796875,0.77099609375
R1126_55,C,55,1.6396484375,-1.873046875,1.0224609375,1.3623046875,-1.943359375,0.92529296875,1.517578125,-1.6513671875,0.83056640625,1.669921875,-2.142578125,0.89697265625,2.052734375,-1.4931640625,1.0419921875
R1126_56,A,56,0.4951171875,-1.6220703125,0.2529296875,0.029266357421875,-2.265625,-0.292724609375,0.2010498046875,-2.42578125,0.468505859375,0.1842041015625,-1.9326171875,-0.449462890625,0.81640625,-2.064453125,-0.1419677734375
R1126_57,A,57,0.1387939453125,-1.5830078125,-0.420654296875,-0.10125732421875,-1.857421875,-0.63232421875,-0.59326171875,-1.3125,-0.91845703125,0.10015869140625,-2.0859375,-0.367431640625,-0.2218017578125,-1.7001953125,-0.62255859375
R1126_58,C,58,1.6748046875,-1.7548828125,1.3154296875,1.87890625,-1.9853515625,1.1884765625,1.6064453125,-1.8955078125,1.375,1.7783203125,-1.7861328125,1.56640625,1.1953125,-1.404296875,0.935546875
R1126_59,G,59,0.51171875,-1.189453125,-0.16064453125,0.416748046875,-0.9873046875,-0.214599609375,0.7421875,-1.3720703125,0.14453125,0.283447265625,-1.0537109375,-0.3662109375,0.63916015625,-1.140625,-0.2286376953125
R1126_60,C,60,1.5,-1.408203125,1.2138671875,0.98388671875,-1.0615234375,1.2021484375,1.3681640625,-1.3994140625,1.61328125,1.08984375,-1.884765625,1.2412109375,1.64453125,-1.27734375,1.5
R1126_61,A,61,-1.2822265625,-1.4052734375,-0.215576171875,-0.2117919921875,-1.998046875,-0.27978515625,-0.4794921875,-1.7451171875,-0.1041259765625,-0.255615234375,-2.0,0.21630859375,-0.1361083984375,-1.6015625,0.06365966796875
R1126_62,G,62,0.2310791015625,-2.39453125,0.036163330078125,0.7236328125,-1.6376953125,0.037689208984375,0.9345703125,-2.763671875,-0.0333251953125,0.79150390625,-1.8251953125,-0.06231689453125,0.2276611328125,-1.861328125,-0.01434326171875
R1126_63,A,63,0.4609375,-3.072265625,0.32080078125,0.176025390625,-3.478515625,0.53173828125,0.52099609375,-2.052734375,0.1888427734375,0.475830078125,-2.91015625,0.70361328125,0.54833984375,-2.94921875,0.7958984375
R1126_64,C,64,1.5771484375,-2.625,2.291015625,1.29296875,-2.126953125,2.44140625,1.4609375,-2.46484375,1.9853515625,1.22265625,-2.76953125,1.865234375,1.4033203125,-2.76953125,2.0234375
R1126_65,C,65,1.1083984375,-2.619140625,2.0234375,1.3115234375,-2.623046875,2.13671875,1.3046875,-2.76171875,2.544921875,1.4814453125,-2.876953125,2.521484375,1.4326171875,-2.5078125,2.23828125
R1126_66,U,66,0.2117919921875,-2.869140625,1.5263671875,0.97607421875,-2.50390625,1.572265625,0.01953125,-3.099609375,1.095703125,0.2939453125,-2.166015625,1.2099609375,0.31982421875,-2.755859375,1.580078125
R1126_67,G,67,0.480224609375,-2.376953125,0.43994140625,0.52294921875,-1.974609375,0.2193603515625,0.64453125,-1.6123046875,0.751953125,0.34521484375,-1.7978515625,0.5986328125,0.1246337890625,-1.9716796875,0.433349609375
R1126_68,U,68,0.427978515625,-3.80078125,1.2333984375,0.53857421875,-3.037109375,1.126953125,0.8837890625,-3.154296875,1.1591796875,0.69775390625,-3.15625,1.544921875,0.638671875,-2.623046875,1.2958984375
R1126_69,A,69,-0.1162109375,-2.748046875,0.05780029296875,-0.06561279296875,-3.033203125,0.17724609375,0.257080078125,-2.650390625,0.036407470703125,0.323486328125,-2.068359375,0.355224609375,0.02142333984375,-2.271484375,0.384033203125
R1126_70,G,70,0.427490234375,-1.576171875,-0.77392578125,0.326904296875,-1.5146484375,-0.57763671875,0.75537109375,-1.5517578125,-0.08203125,0.9541015625,-2.046875,-0.264404296875,0.7734375,-2.291015625,0.25244140625
R1126_71,A,71,-0.344970703125,-2.365234375,-0.314208984375,-0.36376953125,-2.162109375,-0.8662109375,-0.48681640625,-2.357421875,0.36279296875,-0.234130859375,-1.4287109375,-0.299072265625,0.20703125,-1.51953125,-0.65576171875
R1126_72,U,72,0.384033203125,-2.177734375,1.12109375,0.485595703125,-1.7392578125,0.6748046875,0.25146484375,-1.8828125,0.304443359375,0.97216796875,-2.0,0.6337890625,0.281494140625,-2.455078125,1.412109375
R1126_73,G,73,0.9208984375,-0.9052734375,-0.8388671875,1.2578125,-0.171630859375,-0.51123046875,1.17578125,-0.322998046875,-0.51171875,1.3671875,-0.5341796875,-0.25341796875,0.7783203125,-0.9521484375,-0.67041015625
R1126_74,C,74,1.2783203125,-0.54248046875,0.6884765625,0.9541015625,-0.50341796875,0.034332275390625,1.8095703125,-1.0009765625,0.9619140625,1.6201171875,-0.87890625,1.0703125,1.4951171875,-0.431640625,0.61474609375
R1126_75,C,75,1.5791015625,-1.5478515625,1.1083984375,1.173828125,-1.2568359375,1.134765625,1.826171875,-1.01953125,1.29296875,1.3173828125,-1.998046875,1.3544921875,1.5859375,-1.6201171875,1.9033203125
R1126_76,A,76,0.47265625,-2.44921875,0.59228515625,0.564453125,-1.4453125,0.356689453125,0.5771484375,-2.408203125,0.865234375,0.66552734375,-2.462890625,-0.11077880859375,0.59228515625,-2.7578125,0.2783203125
R1126_77,C,77,1.6318359375,-2.0625,1.2587890625,1.296875,-1.7744140625,0.2144775390625,1.150390625,-2.10546875,0.390380859375,1.052734375,-2.654296875,1.1015625,1.34765625,-2.0859375,1.34765625
R1126_78,G,78,1.5,-1.572265625,-0.11474609375,1.1572265625,-1.75390625,-0.14208984375,0.849609375,-1.318359375,-0.67431640625,0.87890625,-1.2578125,-0.3056640625,0.92724609375,-1.2841796875,-0.4853515625
R1126_79,C,79,1.7041015625,-1.9287109375,0.52734375,1.22265625,-1.259765625,0.7353515625,0.7421875,-1.59765625,0.548828125,1.068359375,-1.65234375,1.1748046875,0.876953125,-1.701171875,1.033203125
R1126_80,U,80,1.5517578125,-1.8857421875,1.904296875,1.0693359375,-2.595703125,1.5634765625,1.03515625,-2.96484375,2.169921875,0.79296875,-2.26171875,1.0703125,1.23046875,-2.306640625,1.3896484375
R1126_81,A,81,0.370849609375,-2.2109375,0.50390625,0.68408203125,-1.9970703125,0.2232666015625,0.34814453125,-1.6328125,0.6513671875,1.119140625,-1.73046875,1.392578125,1.25,-1.5576171875,1.3828125
R1126_82,G,82,1.814453125,-1.6484375,0.89697265625,1.7109375,-2.0,0.316650390625,1.642578125,-1.17578125,1.1240234375,1.751953125,-1.412109375,0.80615234375,1.4599609375,-1.236328125,0.62548828125
R1126_83,C,83,2.8203125,-2.384765625,2.142578125,2.3671875,-1.9150390625,2.080078125,2.017578125,-2.07421875,1.3544921875,2.921875,-1.4521484375,2.46875,2.15234375,-1.6513671875,2.228515625
R1126_84,C,84,2.76953125,-1.5078125,1.1376953125,2.5390625,-2.216796875,1.1572265625,1.76171875,-2.0546875,1.234375,2.46484375,-1.9892578125,1.7529296875,2.310546875,-1.716796875,1.3408203125
R1126_85,G,85,1.642578125,-0.93896484375,-0.5078125,1.2275390625,-1.7578125,0.66064453125,1.68359375,-1.3125,0.5478515625,1.4443359375,-1.775390625,0.53271484375,1.7744140625,-1.2646484375,0.344970703125
R1126_86,U,86,1.5341796875,-3.107421875,1.5859375,0.7900390625,-2.30859375,1.0888671875,1.251953125,-2.4765625,1.1455078125,1.4169921875,-2.40625,1.19140625,0.94287109375,-2.78125,1.6064453125
R1126_87,G,87,1.083984375,-2.236328125,0.5810546875,1.1640625,-1.591796875,1.0986328125,1.12890625,-1.798828125,0.7509765625,1.126953125,-1.8701171875,1.0166015625,1.5341796875,-2.115234375,0.35693359375
R1126_88,G,88,1.0830078125,-2.40625,0.8662109375,1.4189453125,-1.9541015625,0.6787109375,1.2646484375,-1.275390625,0.685546875,0.96826171875,-2.01171875,1.90625,0.95458984375,-1.3720703125,0.33447265625
R1126_89,U,89,0.7763671875,-3.337890625,1.947265625,0.6796875,-2.65625,2.259765625,1.166015625,-3.013671875,2.1875,0.418212890625,-3.083984375,2.224609375,1.013671875,-2.974609375,1.9794921875
R1126_90,G,90,0.87353515625,-1.3837890625,0.7568359375,1.6123046875,-1.4462890625,0.246826171875,0.71240234375,-0.80908203125,0.396240234375,1.927734375,-1.4990234375,1.076171875,0.8076171875,-1.51171875,1.0361328125
R1126_91,A,91,0.55908203125,-2.3359375,0.8623046875,0.4169921875,-2.53515625,1.083984375,0.65380859375,-2.921875,1.248046875,0.434326171875,-2.798828125,1.4423828125,0.77978515625,-2.6171875,1.38671875
R1126_92,G,92,1.388671875,-1.3154296875,0.6083984375,1.0947265625,-0.88916015625,-0.09454345703125,1.6826171875,-1.2978515625,0.45654296875,1.30859375,-1.0380859375,0.4892578125,1.1572265625,-0.79833984375,-0.1246337890625
R1126_93,G,93,1.0849609375,-1.55859375,1.3828125,1.357421875,-1.7763671875,2.0078125,1.0625,-1.6201171875,0.8369140625,1.3447265625,-1.240234375,1.490234375,1.1162109375,-1.1875,1.4189453125
R1126_94,G,94,1.4267578125,-0.54248046875,0.429931640625,1.4453125,-1.1005859375,0.5712890625,1.037109375,-0.572265625,0.242431640625,1.3427734375,-0.55615234375,0.892578125,1.51171875,-0.96875,0.8232421875
R1126_95,U,95,0.79443359375,-1.87890625,1.6806640625,0.99365234375,-2.369140625,1.8359375,0.9404296875,-2.017578125,2.189453125,0.93359375,-2.12890625,1.8828125,1.4560546875,-1.92578125,2.533203125
R1126_96,C,96,1.4638671875,-1.4140625,2.095703125,1.5546875,-0.6962890625,2.1015625,1.876953125,-1.3896484375,1.7783203125,1.5615234375,-1.5439453125,2.134765625,1.814453125,-1.1337890625,2.26953125
R1126_97,G,97,0.56103515625,-0.68017578125,0.07965087890625,0.299072265625,-0.16162109375,0.228515625,0.9541015625,-0.255859375,0.01155853271484375,0.285400390625,-0.52294921875,0.033233642578125,1.09375,-0.8076171875,0.17431640625
R1126_98,G,98,0.87255859375,-1.787109375,0.99462890625,0.73193359375,-1.4375,0.576171875,1.3125,-1.333984375,1.2705078125,0.2413330078125,-1.28515625,0.64404296875,1.1875,-2.12890625,1.6533203125
R1126_99,G,99,0.86669921875,-1.59765625,0.33447265625,0.95556640625,-1.3828125,0.60595703125,1.4375,-1.8857421875,0.401123046875,1.009765625,-1.3740234375,0.54541015625,0.69384765625,-1.0732421875,0.3154296875
R1126_100,U,100,0.52001953125,-3.072265625,1.48828125,0.4267578125,-2.880859375,1.595703125,0.4384765625,-3.3203125,2.126953125,0.9111328125,-3.484375,1.8388671875,0.9921875,-4.07421875,1.7431640625
R1126_101,C,101,1.0478515625,-2.060546875,1.6494140625,1.25,-2.3125,1.6181640625,1.466796875,-1.978515625,1.912109375,1.130859375,-1.892578125,1.541015625,1.7470703125,-2.046875,2.203125
R1126_102,C,102,1.208984375,-1.5185546875,1.841796875,0.81689453125,-1.3544921875,1.04296875,1.21484375,-1.5634765625,1.916015625,1.1484375,-1.9140625,1.2431640625,1.490234375,-1.7421875,1.9267578125
R1126_103,A,103,1.103515625,-2.15234375,0.5048828125,0.734375,-1.8984375,0.8251953125,0.017059326171875,-1.509765625,0.6044921875,0.205322265625,-1.4599609375,0.94482421875,0.3681640625,-1.388671875,1.13671875
R1126_104,G,104,0.0941162109375,-1.27734375,0.65283203125,1.0087890625,-1.0185546875,1.1845703125,0.99267578125,-1.482421875,0.787109375,0.1143798828125,-0.701171875,0.2115478515625,0.71630859375,-0.8408203125,1.1513671875
R1126_105,A,105,0.98779296875,-2.375,1.017578125,0.2396240234375,-2.37109375,1.0322265625,-0.51904296875,-1.5205078125,0.330322265625,0.316650390625,-2.068359375,0.54541015625,0.138671875,-2.2265625,0.72119140625
R1126_106,U,106,1.21484375,-2.720703125,1.2021484375,1.490234375,-3.04296875,0.921875,0.81494140625,-2.15234375,0.94970703125,1.0732421875,-2.279296875,1.2353515625,1.177734375,-2.71484375,1.333984375
R1126_107,G,107,1.369140625,-1.5107421875,-0.1190185546875,1.1494140625,-1.4697265625,0.319580078125,0.51513671875,-1.5576171875,0.333740234375,0.81201171875,-0.51123046875,0.1700439453125,0.79296875,-0.9677734375,0.6162109375
R1126_108,U,108,0.70556640625,-2.486328125,1.8916015625,0.43798828125,-2.234375,1.494140625,0.1981201171875,-2.54296875,2.021484375,0.7890625,-2.712890625,2.072265625,0.6494140625,-2.498046875,1.75390625
R1126_109,C,109,0.888671875,-0.61669921875,1.080078125,1.771484375,-1.216796875,2.390625,1.7861328125,-1.5146484375,2.166015625,1.6728515625,-1.08203125,1.7626953125,1.177734375,-1.0625,1.5361328125
R1126_110,A,110,-0.580078125,-1.4658203125,1.4697265625,0.443115234375,-1.861328125,0.86474609375,-0.038543701171875,-1.5888671875,0.3427734375,-0.420654296875,-1.2861328125,0.8935546875,-0.446533203125,-0.66259765625,1.0625
R1126_111,U,111,0.10430908203125,-2.2734375,1.884765625,0.427490234375,-1.7275390625,2.10546875,-0.1827392578125,-1.9140625,2.318359375,0.693359375,-2.28125,2.958984375,1.0712890625,-1.9287109375,2.666015625
R1126_112,U,112,0.307373046875,-2.236328125,1.8154296875,0.300537109375,-2.63671875,2.677734375,0.5498046875,-2.28125,2.5234375,0.5498046875,-1.904296875,1.8017578125,-0.408935546875,-2.9609375,2.484375
R1126_113,C,113,1.1689453125,-0.78759765625,1.7724609375,1.5,-1.2275390625,2.13671875,1.908203125,-1.09375,1.908203125,1.10546875,-1.03125,1.72265625,1.1474609375,-0.8662109375,1.66015625
R1126_114,G,114,0.96728515625,-1.1240234375,0.42724609375,0.330322265625,-0.2208251953125,0.2000732421875,0.96728515625,-0.259521484375,0.63427734375,0.61279296875,-1.0556640625,1.1962890625,0.38427734375,-1.1767578125,0.6171875
R1126_115,A,115,-0.264404296875,-0.94140625,0.414794921875,0.70361328125,-1.34765625,0.36572265625,0.66552734375,-1.796875,0.1724853515625,0.39990234375,-0.646484375,-0.282470703125,0.027313232421875,-0.6484375,0.28466796875
R1126_116,C,116,2.15625,-1.7919921875,1.7373046875,1.4970703125,-2.0390625,2.650390625,1.79296875,-1.9208984375,1.7041015625,1.310546875,-0.943359375,1.4423828125,1.265625,-0.8759765625,1.9833984375
R1126_117,U,117,0.931640625,-2.708984375,1.9306640625,0.085693359375,-2.798828125,1.03515625,1.048828125,-3.076171875,2.005859375,1.03515625,-2.734375,1.9208984375,0.76611328125,-2.685546875,1.9228515625
R1126_118,U,118,0.65869140625,-2.412109375,1.8369140625,0.53173828125,-2.251953125,1.2822265625,1.2333984375,-3.18359375,1.279296875,0.60791015625,-2.033203125,1.4052734375,0.576171875,-2.6875,1.9345703125
R1126_119,U,119,0.73876953125,-2.638671875,0.98486328125,1.01953125,-2.142578125,1.126953125,0.85107421875,-2.8125,1.7333984375,0.69873046875,-3.13671875,1.400390625,0.94970703125,-2.88671875,1.951171875
R1126_120,A,120,0.30322265625,-0.865234375,0.73486328125,-0.10760498046875,-1.0146484375,0.1519775390625,-0.15966796875,-0.544921875,-0.1429443359375,-0.1497802734375,-1.234375,0.01021575927734375,0.36767578125,-0.98681640625,0.36572265625
R1126_121,A,121,0.1126708984375,-0.87353515625,-0.192626953125,-0.70751953125,-0.677734375,-0.0679931640625,0.5810546875,-1.07421875,-0.0232696533203125,0.37451171875,-1.2734375,0.49853515625,-0.153076171875,-0.92626953125,-0.5791015625
R1126_122,C,122,1.4541015625,-0.74658203125,1.1572265625,1.6796875,-1.1806640625,1.47265625,1.033203125,-0.83837890625,0.8603515625,1.009765625,-0.5302734375,0.57373046875,0.998046875,-0.8291015625,0.6884765625
R1126_123,G,123,0.423095703125,-0.81884765625,0.01006317138671875,0.615234375,-0.67041015625,-0.53466796875,0.1424560546875,-0.77294921875,-0.69384765625,0.73974609375,-0.59375,-0.421630859375,0.3759765625,-0.70654296875,-0.66064453125
R1126_124,C,124,1.5185546875,-0.984375,0.77001953125,0.955078125,-0.80908203125,0.66259765625,0.7451171875,-0.52978515625,0.6689453125,0.7431640625,-1.01171875,0.447509765625,1.5302734375,-0.9248046875,1.083984375
R1126_125,G,125,-0.09320068359375,-1.009765625,0.1539306640625,0.50244140625,-0.88134765625,0.336181640625,-0.69775390625,-0.6552734375,-0.2237548828125,0.189453125,-0.6328125,-0.6767578125,-0.76513671875,-0.63330078125,-0.22900390625
R1126_126,C,126,0.94677734375,-0.998046875,0.671875,1.4775390625,-1.2099609375,0.7607421875,1.19921875,-0.70947265625,0.1702880859375,1.623046875,-0.9931640625,0.724609375,1.7890625,-1.2109375,0.6083984375
R1126_127,C,127,1.8544921875,-1.720703125,1.73828125,1.8466796875,-1.74609375,0.76318359375,1.8935546875,-1.341796875,0.87646484375,1.49609375,-1.212890625,1.1640625,2.19140625,-1.2451171875,1.1083984375
R1126_128,U,128,0.86376953125,-3.796875,1.837890625,1.1884765625,-2.814453125,1.083984375,0.6220703125,-2.923828125,1.27734375,0.75390625,-3.033203125,1.080078125,0.90673828125,-2.427734375,1.017578125
R1126_129,A,129,0.03851318359375,-1.021484375,0.63232421875,-0.4921875,-0.70263671875,-0.908203125,-0.1993408203125,-0.8076171875,-0.383544921875,-0.302978515625,-1.478515625,-0.4560546875,-0.66064453125,-0.349365234375,-0.023712158203125
R1126_130,A,130,-0.572265625,-0.65380859375,-1.083984375,-0.2442626953125,-1.1376953125,-0.1666259765625,0.26220703125,-1.0966796875,-0.17138671875,-0.5546875,-1.2333984375,0.61962890625,-0.56640625,-0.47998046875,-0.33544921875
R1126_131,G,131,0.60302734375,-1.1767578125,-0.07073974609375,0.38232421875,-1.0732421875,-0.140625,0.38916015625,-0.60009765625,-0.7236328125,0.2666015625,-1.4052734375,-0.499267578125,0.86474609375,-1.3369140625,0.1668701171875
R1126_132,C,132,1.431640625,-1.849609375,0.3115234375,1.3994140625,-1.134765625,0.345458984375,1.9072265625,-1.115234375,1.185546875,1.5595703125,-1.2783203125,0.7705078125,1.0576171875,-1.392578125,0.427978515625
R1126_133,G,133,0.436279296875,-0.96337890625,-0.487548828125,0.50537109375,-0.9814453125,-0.67138671875,0.5498046875,-0.90576171875,-0.353759765625,0.263916015625,-0.9609375,-0.80322265625,0.50390625,-1.0703125,-0.66259765625
R1126_134,U,134,0.447265625,-2.849609375,0.481689453125,0.576171875,-3.037109375,-0.35791015625,0.580078125,-2.349609375,0.09423828125,0.8359375,-2.591796875,0.03863525390625,0.364990234375,-2.671875,0.099609375
R1126_135,U,135,0.1636962890625,-2.662109375,-0.74072265625,0.47705078125,-2.830078125,0.32421875,0.94775390625,-2.888671875,0.469482421875,0.313232421875,-2.9140625,-0.28369140625,0.2587890625,-2.458984375,-0.38916015625
R1126_136,G,136,0.11737060546875,-1.197265625,-0.3349609375,0.10308837890625,-0.90185546875,-0.98876953125,-0.16259765625,-1.201171875,-0.9384765625,0.149658203125,-0.86376953125,-1.39453125,0.46923828125,-0.94873046875,-1.2431640625
R1126_137,A,137,-1.34375,-0.5068359375,-1.6630859375,-0.708984375,-0.90478515625,-1.3486328125,-0.69189453125,-0.685546875,-1.6123046875,-1.5537109375,-0.46337890625,-1.3037109375,-0.8134765625,-0.994140625,-0.873046875
R1126_138,A,138,-0.38037109375,-0.60888671875,0.054290771484375,0.25830078125,-1.6708984375,0.6025390625,0.20703125,-1.240234375,0.21533203125,-0.86083984375,-0.755859375,-0.30712890625,-0.57568359375,-0.140380859375,0.4501953125
R1126_139,G,139,0.64599609375,-0.12213134765625,0.271484375,0.0556640625,-0.52685546875,0.9150390625,0.044891357421875,-0.5771484375,0.108642578125,0.06805419921875,-1.6220703125,0.634765625,0.38671875,-0.5068359375,1.0478515625
R1126_140,G,140,0.357421875,-1.2119140625,1.74609375,0.264892578125,-0.5,0.92138671875,0.7978515625,-0.98779296875,1.212890625,0.51513671875,-0.79931640625,0.97314453125,0.2646484375,-1.083984375,1.345703125
R1126_141,C,141,1.5615234375,-0.93408203125,1.544921875,1.1728515625,-0.91943359375,1.9052734375,1.744140625,-0.7958984375,1.8486328125,1.3046875,-1.24609375,2.669921875,1.7041015625,-1.0673828125,2.123046875
R1126_142,G,142,1.5224609375,-0.88671875,1.0390625,0.32421875,-0.8603515625,1.0107421875,1.1513671875,-1.1552734375,0.76904296875,1.5322265625,-1.3125,0.9853515625,0.88623046875,-1.0517578125,1.08203125
R1126_143,U,143,1.025390625,-2.615234375,2.873046875,0.970703125,-1.8095703125,1.810546875,0.716796875,-2.015625,1.7646484375,1.263671875,-2.515625,2.552734375,1.0556640625,-2.599609375,2.705078125
R1126_144,G,144,0.64697265625,-1.2646484375,1.2177734375,1.3056640625,-1.1533203125,1.291015625,0.9033203125,-1.2138671875,1.3974609375,0.90625,-1.4599609375,1.2333984375,0.9013671875,-1.453125,1.580078125
R1126_145,U,145,1.1923828125,-2.673828125,1.923828125,0.7236328125,-3.36328125,2.318359375,0.9140625,-2.654296875,1.81640625,0.2327880859375,-2.6953125,1.759765625,0.80810546875,-2.521484375,1.9013671875
R1126_146,U,146,0.1812744140625,-2.072265625,1.7724609375,-0.1551513671875,-1.7197265625,1.80859375,0.462158203125,-2.271484375,1.46875,-0.029998779296875,-3.005859375,2.349609375,0.49365234375,-2.326171875,1.9599609375
R1126_147,A,147,0.27685546875,-2.048828125,0.5009765625,0.336669921875,-2.0390625,0.81201171875,-0.45263671875,-1.2109375,0.84521484375,-0.42919921875,-1.5966796875,0.775390625,0.47900390625,-1.9560546875,1.1220703125
R1126_148,G,148,-0.0220184326171875,-0.7373046875,1.0322265625,0.5859375,-1.4248046875,0.693359375,0.3662109375,-0.8720703125,1.4931640625,0.57666015625,-1.130859375,0.873046875,0.2464599609375,-1.2451171875,1.224609375
R1126_149,A,149,0.0276336669921875,-1.6552734375,0.458740234375,-0.72216796875,-1.49609375,0.89453125,0.77490234375,-2.6015625,0.95361328125,0.37548828125,-2.298828125,1.3388671875,0.6513671875,-2.138671875,1.0693359375
R1126_150,G,150,0.533203125,-1.2939453125,1.7470703125,0.55078125,-1.701171875,1.0625,0.6826171875,-1.58203125,0.9697265625,0.693359375,-1.1337890625,0.86767578125,0.37841796875,-0.84521484375,0.666015625
R1126_151,C,151,2.046875,-1.693359375,1.9912109375,2.01953125,-1.59375,2.59765625,2.1953125,-1.73046875,1.919921875,2.224609375,-1.6416015625,1.8984375,2.109375,-1.74609375,2.236328125
R1126_152,A,152,0.14892578125,-1.7490234375,1.3681640625,0.08087158203125,-1.8935546875,1.6142578125,0.73779296875,-1.6611328125,1.4404296875,0.6591796875,-1.2939453125,1.8359375,0.56689453125,-2.453125,2.224609375
R1126_153,G,153,0.11749267578125,-1.474609375,1.740234375,0.70068359375,-1.591796875,1.5849609375,1.46484375,-1.681640625,1.9423828125,0.3671875,-1.8798828125,1.0966796875,0.456298828125,-2.0859375,2.390625
R1126_154,A,154,0.9912109375,-2.158203125,2.158203125,0.9873046875,-2.453125,2.8125,0.8291015625,-1.94921875,1.751953125,0.615234375,-2.38671875,1.7744140625,0.2003173828125,-2.126953125,1.4619140625
R1126_155,U,155,0.9775390625,-3.025390625,2.623046875,1.2998046875,-2.7734375,3.064453125,1.037109375,-2.7734375,2.552734375,0.8046875,-3.078125,2.130859375,0.90966796875,-3.15234375,2.3046875
R1126_156,A,156,0.85791015625,-2.712890625,2.224609375,1.4072265625,-2.98828125,2.3515625,1.6435546875,-2.712890625,2.494140625,1.798828125,-2.9296875,3.26953125,1.2890625,-2.98046875,2.669921875
R1126_157,G,157,0.78515625,-1.671875,2.134765625,1.1552734375,-1.69140625,2.046875,1.1767578125,-1.8154296875,2.380859375,1.29296875,-2.3515625,2.4453125,0.7568359375,-1.87109375,2.220703125
R1126_158,U,158,1.48828125,-1.6318359375,1.7998046875,1.490234375,-2.013671875,2.46484375,1.2666015625,-2.16015625,2.62890625,1.357421875,-2.51953125,2.365234375,1.2744140625,-2.15234375,1.6337890625
R1126_159,U,159,1.26953125,-1.166015625,2.01171875,1.435546875,-2.064453125,1.5478515625,1.5263671875,-1.5302734375,2.15234375,2.029296875,-1.482421875,1.98046875,1.8876953125,-1.783203125,1.935546875
R1126_160,C,160,2.533203125,-1.1865234375,1.45703125,1.6103515625,-0.66162109375,1.3349609375,2.365234375,-1.3837890625,1.4052734375,2.216796875,-0.80859375,1.6259765625,1.8125,-1.0869140625,1.4296875
R1126_161,G,161,1.873046875,-0.6142578125,1.529296875,1.279296875,0.06597900390625,1.0244140625,1.38671875,-0.317626953125,0.791015625,1.51171875,-0.78564453125,1.19921875,1.1806640625,0.072021484375,0.81201171875
R1126_162,C,162,2.572265625,-1.36328125,2.044921875,2.0390625,-1.6484375,2.095703125,2.2734375,-1.5615234375,2.375,2.025390625,-1.6123046875,2.4375,2.13671875,-1.630859375,1.9736328125
R1126_163,U,163,1.7392578125,-2.765625,2.1953125,0.8955078125,-2.8046875,2.37890625,1.3798828125,-3.0703125,2.140625,1.310546875,-2.69140625,2.69921875,1.484375,-3.048828125,2.95703125
R1126_164,A,164,1.330078125,-2.771484375,1.5947265625,0.62158203125,-2.455078125,0.8505859375,0.7470703125,-2.05078125,0.323486328125,1.837890625,-2.4765625,1.6328125,0.96337890625,-2.376953125,1.8544921875
R1126_165,U,165,0.96630859375,-3.330078125,2.89453125,1.6787109375,-3.59375,2.521484375,1.1142578125,-3.279296875,2.95703125,1.501953125,-3.69140625,2.802734375,1.123046875,-2.896484375,2.435546875
R1126_166,C,166,1.8974609375,-2.435546875,2.490234375,2.06640625,-2.330078125,2.396484375,2.19921875,-2.232421875,2.560546875,1.861328125,-3.087890625,2.2109375,1.2001953125,-2.51171875,2.021484375
R1126_167,U,167,1.001953125,-2.71875,2.728515625,1.68359375,-3.08984375,2.8828125,1.5634765625,-3.3046875,2.83984375,0.935546875,-3.044921875,3.33984375,0.8193359375,-3.181640625,2.6328125
R1126_168,G,168,1.140625,-1.5087890625,3.1015625,1.076171875,-2.046875,2.41796875,1.7177734375,-2.19921875,2.810546875,0.99951171875,-2.720703125,2.244140625,1.0498046875,-2.080078125,2.1640625
R1126_169,G,169,1.48046875,-1.5322265625,1.95703125,1.548828125,-1.9560546875,1.251953125,1.794921875,-1.279296875,1.8544921875,1.9150390625,-1.859375,1.6142578125,2.18359375,-1.5361328125,1.91015625
R1126_170,G,170,1.2900390625,-1.8310546875,1.546875,1.5947265625,-1.732421875,1.580078125,1.9775390625,-1.4072265625,1.837890625,2.029296875,-1.7568359375,2.294921875,1.6357421875,-2.0859375,1.5107421875
R1126_171,G,171,1.8642578125,-2.068359375,2.2578125,1.3408203125,-1.681640625,2.279296875,1.2216796875,-2.341796875,1.970703125,1.1240234375,-1.9658203125,1.486328125,1.4970703125,-2.10546875,2.66796875
R1126_172,A,172,0.5869140625,-2.451171875,1.6962890625,0.75830078125,-2.287109375,1.267578125,0.362548828125,-2.1953125,1.0,0.9697265625,-2.912109375,1.11328125,0.2430419921875,-2.14453125,0.442138671875
R1126_173,G,173,1.150390625,-1.53515625,0.39404296875,0.5859375,-1.927734375,0.440185546875,0.67431640625,-2.537109375,1.1396484375,0.92041015625,-2.384765625,1.4248046875,0.95458984375,-2.0078125,1.76953125
R1126_174,C,174,1.71484375,-2.61328125,1.5654296875,1.8310546875,-2.564453125,2.1640625,2.447265625,-2.390625,2.982421875,1.705078125,-2.75,2.28515625,2.298828125,-2.2578125,2.03515625
R1126_175,C,175,2.115234375,-2.505859375,2.1484375,1.900390625,-1.912109375,2.076171875,2.1953125,-2.421875,2.13671875,2.05859375,-2.236328125,2.419921875,1.7568359375,-2.193359375,2.1875
R1126_176,U,176,0.61376953125,-2.181640625,2.396484375,1.4931640625,-2.54296875,2.626953125,1.3935546875,-3.017578125,2.05859375,1.201171875,-2.7578125,2.71875,1.2685546875,-2.400390625,2.34765625
R1126_177,G,177,1.1103515625,-1.5859375,0.65966796875,1.3232421875,-2.296875,1.328125,1.7080078125,-1.4296875,0.79541015625,0.98095703125,-2.33203125,0.91748046875,1.3916015625,-1.94921875,1.57421875
R1126_178,U,178,1.162109375,-1.8583984375,1.2216796875,1.2822265625,-1.8408203125,1.138671875,1.3056640625,-1.8759765625,1.6689453125,0.73095703125,-1.4716796875,0.98681640625,1.4921875,-1.5244140625,1.4287109375
R1126_179,U,179,0.96923828125,-1.8125,0.86376953125,0.91259765625,-1.3505859375,0.8271484375,0.74365234375,-1.951171875,1.2412109375,0.7255859375,-1.607421875,1.2216796875,0.7197265625,-1.2197265625,0.63623046875
R1126_180,C,180,1.40234375,-0.89501953125,0.312255859375,1.3935546875,-0.64208984375,0.9208984375,0.95263671875,-1.2421875,0.71435546875,1.6669921875,-0.450927734375,0.70361328125,1.234375,-0.76806640625,0.7841796875
R1126_181,G,181,0.8037109375,0.277587890625,-0.18017578125,0.7021484375,0.21240234375,-0.370361328125,0.912109375,-0.1551513671875,0.1251220703125,0.65673828125,0.127685546875,-0.463623046875,0.465576171875,-0.465576171875,-0.4697265625
R1126_182,C,182,1.9619140625,-1.1796875,1.2685546875,1.8583984375,-1.017578125,1.564453125,1.8193359375,-1.1669921875,1.630859375,1.947265625,-1.0234375,1.677734375,1.7529296875,-1.0302734375,1.369140625
R1126_183,A,183,0.3701171875,-1.419921875,-0.420166015625,1.2041015625,-2.18359375,0.2388916015625,1.126953125,-2.005859375,0.8603515625,-0.2197265625,-1.587890625,0.2529296875,0.45947265625,-1.1513671875,-0.0002980232238769531
R1126_184,G,184,1.109375,-1.0205078125,0.0379638671875,1.3154296875,-0.361572265625,0.7724609375,1.2392578125,-0.64990234375,0.478271484375,1.400390625,-0.333984375,-0.396484375,0.90771484375,-0.658203125,1.0869140625
R1126_185,G,185,1.2333984375,-0.41455078125,0.283203125,1.298828125,-0.53125,0.389404296875,1.298828125,-1.2587890625,0.231201171875,0.98828125,-0.552734375,0.49072265625,1.02734375,-0.52490234375,0.9599609375
R1126_186,C,186,1.9541015625,-0.8125,1.3701171875,2.017578125,-0.8466796875,1.6572265625,1.4365234375,-0.88916015625,1.1640625,1.8046875,-0.9384765625,1.189453125,1.9111328125,-1.1123046875,1.4267578125
R1126_187,U,187,0.30859375,-1.6787109375,1.4599609375,0.74658203125,-1.66015625,1.240234375,0.50341796875,-1.08203125,0.708984375,0.765625,-1.544921875,1.2646484375,1.0078125,-1.4755859375,0.64306640625
R1126_188,C,188,1.62109375,-0.669921875,0.587890625,1.4755859375,-1.083984375,1.0908203125,2.296875,-1.1435546875,1.87109375,1.8359375,-0.9072265625,1.2587890625,1.939453125,-0.794921875,1.12890625
R1126_189,A,189,0.9677734375,-1.0751953125,0.76025390625,1.060546875,-1.7529296875,1.16796875,0.9365234375,-1.30078125,1.2177734375,0.90673828125,-2.521484375,1.068359375,0.9521484375,-1.0400390625,0.63525390625
R1126_190,G,190,1.22265625,0.0845947265625,0.6640625,1.240234375,-0.82421875,1.0732421875,1.7392578125,-1.1748046875,1.712890625,1.322265625,-0.69384765625,0.60888671875,1.216796875,-1.2333984375,1.587890625
R1126_191,G,191,0.99560546875,-0.763671875,1.01953125,0.74072265625,-0.47802734375,1.4296875,1.462890625,-0.35986328125,1.138671875,1.412109375,-1.5078125,1.3583984375,0.734375,-0.93896484375,1.3984375
R1126_192,A,192,1.6923828125,-2.68359375,1.5283203125,0.779296875,-1.4853515625,1.4951171875,1.140625,-2.244140625,1.0458984375,1.2314453125,-2.75390625,0.5732421875,1.0009765625,-2.22265625,1.31640625
R1126_193,G,193,1.482421875,-1.048828125,1.0732421875,1.177734375,-2.251953125,0.6962890625,1.1884765625,-1.3798828125,0.44140625,0.99462890625,-0.65673828125,0.9384765625,1.4091796875,-1.208984375,0.9736328125
R1126_194,C,194,1.3662109375,-1.0732421875,0.9736328125,2.583984375,-1.79296875,1.0810546875,1.8056640625,-1.87890625,1.2822265625,2.16796875,-1.517578125,1.4970703125,2.072265625,-1.77734375,1.447265625
R1126_195,C,195,2.8515625,-1.8896484375,0.98291015625,2.00390625,-1.365234375,1.615234375,1.900390625,-1.3095703125,1.197265625,2.119140625,-1.3466796875,1.578125,2.072265625,-1.490234375,1.3837890625
R1126_196,U,196,1.8994140625,-2.5078125,1.1484375,1.2919921875,-2.416015625,1.013671875,1.2666015625,-2.830078125,0.97900390625,0.9951171875,-2.908203125,0.8671875,1.16796875,-2.447265625,0.7353515625
R1126_197,U,197,1.982421875,-2.16796875,1.4609375,1.45703125,-2.5078125,1.6171875,1.37890625,-2.388671875,0.7861328125,1.5771484375,-2.28515625,0.544921875,0.962890625,-2.26953125,1.330078125
R1126_198,C,198,1.9736328125,-1.068359375,1.150390625,1.3818359375,-1.0478515625,1.0361328125,1.7666015625,-1.2685546875,0.84375,1.6591796875,-0.736328125,0.826171875,1.802734375,-1.0361328125,1.353515625
R1126_199,G,199,1.111328125,-0.73486328125,0.387451171875,1.4091796875,-0.744140625,-0.31591796875,1.556640625,-1.5654296875,0.4609375,1.40625,0.07598876953125,-0.173583984375,0.86328125,-0.64794921875,-1.013671875
R1126_200,G,200,1.357421875,-1.123046875,0.650390625,1.421875,-1.5107421875,2.224609375,1.8330078125,-1.5556640625,1.0556640625,1.2314453125,-1.6064453125,0.61767578125,1.7666015625,-1.3125,0.89697265625
R1126_201,G,201,1.6845703125,-2.087890625,1.0576171875,1.853515625,-2.326171875,1.0966796875,1.4833984375,-1.513671875,0.99072265625,1.740234375,-1.9375,1.1171875,1.0068359375,-1.814453125,0.6611328125
R1126_202,C,202,2.3046875,-2.224609375,1.47265625,3.041015625,-2.34765625,1.7626953125,3.033203125,-2.50390625,2.220703125,2.31640625,-2.076171875,1.7294921875,1.96484375,-2.033203125,1.765625
R1126_203,U,203,0.84912109375,-2.896484375,0.9990234375,1.03515625,-3.1875,2.365234375,0.72509765625,-2.572265625,1.9814453125,0.83837890625,-2.525390625,1.84765625,1.126953125,-2.671875,1.8583984375
R1126_204,C,204,1.2900390625,-1.2998046875,1.1279296875,1.482421875,-1.666015625,1.806640625,1.7197265625,-1.0771484375,1.6142578125,2.109375,-1.9716796875,2.00390625,1.126953125,-1.5771484375,1.4892578125
R1126_205,C,205,1.4267578125,-1.693359375,1.5888671875,1.5078125,-1.6044921875,2.421875,0.91455078125,-1.4365234375,1.25390625,1.564453125,-1.248046875,1.673828125,1.099609375,-1.494140625,1.3974609375
R1126_206,U,206,0.48583984375,-2.365234375,2.15234375,0.5849609375,-2.642578125,2.17578125,0.52734375,-3.06640625,1.9970703125,0.759765625,-2.404296875,1.849609375,0.52490234375,-2.228515625,2.025390625
R1126_207,A,207,0.5146484375,-1.5859375,1.4443359375,0.443603515625,-1.41015625,1.26171875,0.04461669921875,-1.35546875,0.60205078125,-0.0860595703125,-1.896484375,1.2734375,0.310302734375,-1.568359375,0.751953125
R1126_208,G,208,1.4775390625,-1.1787109375,1.376953125,1.40234375,-1.1796875,0.78369140625,1.5517578125,-1.357421875,0.560546875,0.50732421875,-0.5888671875,0.5439453125,1.3076171875,-1.765625,0.62158203125
R1126_209,C,209,2.236328125,-1.5,1.654296875,1.98046875,-1.2783203125,2.28125,2.07421875,-1.2978515625,1.7578125,2.203125,-2.009765625,2.375,1.791015625,-0.955078125,1.853515625
R1126_210,G,210,0.313232421875,-1.275390625,0.375732421875,0.44091796875,-0.9384765625,1.1396484375,0.62939453125,-1.28125,-0.06707763671875,0.68603515625,-0.6923828125,0.1484375,1.255859375,-0.63330078125,0.35791015625
R1126_211,C,211,0.93408203125,-1.478515625,0.7763671875,1.7705078125,-1.306640625,1.591796875,1.697265625,-1.240234375,1.62109375,1.5390625,-0.8779296875,1.060546875,1.1083984375,-0.73046875,1.3564453125
R1126_212,U,212,0.2374267578125,-2.01171875,1.455078125,0.5634765625,-1.2333984375,1.0322265625,0.87939453125,-1.599609375,1.291015625,0.25048828125,-1.86328125,0.6708984375,0.061676025390625,-1.7060546875,1.2578125
R1126_213,A,213,-0.069580078125,-1.5439453125,0.583984375,0.09161376953125,-2.67578125,0.60302734375,-1.2373046875,-1.880859375,-0.09429931640625,-0.6455078125,-1.44140625,0.251953125,0.65283203125,-1.4921875,0.97509765625
R1126_214,U,214,0.73779296875,-1.6572265625,1.3046875,0.56640625,-2.0234375,1.369140625,1.5068359375,-2.037109375,1.38671875,1.5361328125,-2.14453125,1.955078125,0.429443359375,-1.68359375,0.97705078125
R1126_215,U,215,0.92236328125,-2.302734375,1.5458984375,0.5927734375,-2.478515625,1.4931640625,0.9130859375,-2.4375,1.5927734375,0.85498046875,-2.1640625,1.34765625,1.501953125,-2.587890625,1.779296875
R1126_216,A,216,0.0982666015625,-1.1787109375,0.0338134765625,0.234130859375,-0.85888671875,0.404296875,0.50732421875,-0.42919921875,-0.060791015625,0.39453125,-1.09375,0.57470703125,0.38330078125,-1.1455078125,0.427978515625
R1126_217,C,217,2.244140625,-1.0361328125,2.1796875,2.216796875,-1.0146484375,1.66015625,2.69140625,-0.751953125,1.720703125,2.1640625,-0.89013671875,2.244140625,1.8935546875,-1.04296875,1.6103515625
R1126_218,C,218,2.408203125,-0.93701171875,1.8525390625,2.763671875,-1.3427734375,2.064453125,1.443359375,-1.1650390625,2.111328125,1.736328125,-0.92578125,1.6572265625,2.318359375,-1.400390625,1.9970703125
R1126_219,C,219,2.1015625,-1.8037109375,1.8857421875,2.697265625,-1.654296875,2.119140625,2.0078125,-1.7109375,2.1875,1.9091796875,-1.732421875,1.6650390625,2.173828125,-1.5,1.8671875
R1126_220,C,220,2.220703125,-1.640625,2.099609375,2.009765625,-1.7451171875,2.22265625,1.96875,-1.5087890625,1.7236328125,1.8173828125,-2.470703125,2.685546875,2.298828125,-1.4541015625,2.25390625
R1126_221,G,221,0.642578125,-0.91357421875,1.2109375,0.458740234375,-0.7724609375,0.53173828125,0.67919921875,-0.62451171875,0.75341796875,1.2705078125,-1.2802734375,1.1103515625,0.6357421875,-1.7294921875,0.96142578125
R1126_222,G,222,1.076171875,-1.56640625,0.4033203125,0.8046875,-1.369140625,0.54296875,0.90771484375,-1.32421875,0.18994140625,0.90478515625,-1.3369140625,1.369140625,0.6220703125,-1.3837890625,0.74365234375
R1126_223,A,223,-0.072021484375,-1.92578125,0.1990966796875,0.3369140625,-2.091796875,-0.2176513671875,-0.200927734375,-0.9580078125,-0.76123046875,0.1485595703125,-1.7890625,-0.14599609375,-0.397705078125,-1.55078125,-0.77734375
R1126_224,C,224,1.6904296875,-1.068359375,0.78955078125,1.755859375,-1.2529296875,0.875,1.681640625,-1.337890625,0.87109375,1.2041015625,-1.224609375,0.8095703125,1.6865234375,-1.44140625,0.96240234375
R1126_225,A,225,-0.03662109375,-0.939453125,-0.330078125,-0.66845703125,-0.7666015625,-1.0703125,-0.3837890625,-1.4375,-1.041015625,0.107666015625,-0.482666015625,-0.73486328125,-0.48486328125,-0.7255859375,-0.59130859375
R1126_226,C,226,2.076171875,-0.76513671875,0.6513671875,2.62109375,-1.0341796875,0.9697265625,1.900390625,-0.80224609375,0.247314453125,2.291015625,-1.0498046875,0.482177734375,2.41796875,-1.181640625,0.81982421875
R1126_227,C,227,2.3359375,-1.1171875,0.7158203125,2.44140625,-1.033203125,1.1171875,2.68359375,-1.0751953125,1.3125,2.904296875,-1.033203125,0.8525390625,3.05078125,-1.193359375,0.67236328125
R1126_228,A,228,0.56982421875,-0.43701171875,-0.11541748046875,0.92431640625,-0.374267578125,0.76318359375,0.8388671875,-1.435546875,0.459716796875,0.3857421875,-0.6552734375,-0.03759765625,0.33642578125,0.90771484375,-0.165283203125
R1126_229,C,229,2.470703125,-1.5146484375,1.33203125,2.587890625,-1.5078125,2.2578125,2.83203125,-1.5537109375,1.806640625,2.974609375,-1.68359375,2.07421875,2.595703125,-1.1240234375,1.716796875
R1126_230,C,230,2.447265625,-1.1728515625,2.076171875,2.72265625,-1.900390625,1.63671875,3.0234375,-1.08203125,2.1953125,3.0078125,-1.78125,2.1484375,2.59375,-1.236328125,2.1015625
R1126_231,G,231,2.193359375,-0.6650390625,1.7646484375,1.7900390625,-1.32421875,1.220703125,2.28515625,-0.70751953125,1.3212890625,1.8095703125,-1.17578125,0.88427734375,2.2734375,-0.96826171875,0.93505859375
R1126_232,G,232,2.009765625,-1.2822265625,0.89404296875,2.123046875,-1.6240234375,1.4794921875,2.58984375,-1.291015625,0.5439453125,1.9228515625,-1.4091796875,1.2333984375,1.69921875,-1.3994140625,1.8603515625
R1126_233,G,233,2.01953125,-1.564453125,0.78076171875,1.9033203125,-1.1962890625,1.60546875,1.4814453125,-1.4599609375,1.279296875,1.6396484375,-1.5185546875,1.005859375,1.912109375,-1.6845703125,0.89453125
R1126_234,C,234,3.41015625,-1.8115234375,0.93212890625,2.82421875,-0.99462890625,1.224609375,3.3828125,-0.81787109375,1.1689453125,2.755859375,-1.04296875,0.962890625,3.203125,-1.7578125,1.4482421875
R1126_235,A,235,0.2481689453125,-0.67822265625,0.412109375,0.35595703125,-0.440673828125,-0.314208984375,0.6494140625,-1.2216796875,0.2646484375,0.4775390625,-0.7392578125,0.31396484375,0.76318359375,-0.619140625,0.43212890625
R1126_236,G,236,1.416015625,-1.20703125,0.5654296875,1.1142578125,-0.384521484375,0.419677734375,1.7294921875,-0.5654296875,0.6376953125,1.5751953125,-0.96875,-0.04217529296875,1.595703125,-0.85498046875,0.47802734375
R1126_237,A,237,0.6884765625,-1.865234375,0.049652099609375,0.36376953125,-1.626953125,-0.197265625,0.46044921875,-1.4482421875,-0.0290374755859375,0.47265625,-1.3271484375,0.440185546875,0.10040283203125,-1.400390625,-0.205322265625
R1126_238,C,238,2.775390625,-1.728515625,0.7900390625,3.150390625,-1.552734375,0.74853515625,3.109375,-1.43359375,1.0029296875,2.580078125,-1.513671875,0.7080078125,2.98828125,-1.6337890625,0.326171875
R1126_239,A,239,-0.0266265869140625,-1.009765625,-0.453125,0.09881591796875,-0.8359375,-0.390380859375,0.23291015625,-0.8134765625,-0.2958984375,-0.46533203125,-0.67724609375,-1.212890625,0.1370849609375,-1.427734375,-0.25439453125
R1126_240,A,240,-0.335693359375,-0.89892578125,-0.796875,-0.0465087890625,-1.228515625,-0.44287109375,-0.07891845703125,-1.0947265625,-1.357421875,-0.4033203125,-0.92919921875,-1.0458984375,0.172119140625,-1.0869140625,-0.6259765625
R1126_241,G,241,1.5205078125,-1.4658203125,0.03326416015625,1.6630859375,-1.201171875,0.525390625,1.2197265625,-1.048828125,0.2861328125,0.9912109375,-1.2431640625,0.318359375,1.416015625,-0.900390625,-0.8125
R1126_242,U,242,2.001953125,-2.396484375,1.4130859375,0.826171875,-2.470703125,1.5458984375,0.8740234375,-2.728515625,2.00390625,1.412109375,-2.970703125,1.80859375,1.08984375,-2.396484375,1.7353515625
R1126_243,A,243,1.693359375,-1.974609375,0.626953125,1.14453125,-1.927734375,0.1541748046875,1.0654296875,-2.001953125,0.431396484375,0.86328125,-1.439453125,0.2939453125,0.61572265625,-1.83984375,0.1676025390625
R1126_244,A,244,1.517578125,-2.3515625,1.0009765625,0.74365234375,-2.046875,0.2357177734375,1.044921875,-2.314453125,0.9873046875,1.353515625,-2.765625,0.8447265625,1.2587890625,-2.23828125,1.337890625
R1126_245,U,245,1.7431640625,-2.53515625,2.158203125,1.8876953125,-3.15625,2.162109375,1.48828125,-3.583984375,2.5703125,1.5537109375,-2.826171875,2.80078125,1.9921875,-2.220703125,2.517578125
R1126_246,G,246,1.9423828125,-1.0791015625,1.109375,2.0546875,-1.0927734375,1.0517578125,1.6533203125,-1.8154296875,1.50390625,1.8876953125,-1.20703125,1.6494140625,1.8369140625,-1.0107421875,1.076171875
R1126_247,G,247,2.220703125,-0.39306640625,1.1220703125,1.572265625,-0.81787109375,1.1298828125,1.818359375,-0.5732421875,0.49755859375,1.7958984375,-0.347412109375,1.27734375,2.04296875,-1.115234375,1.09765625
R1126_248,U,248,1.6103515625,-1.4990234375,1.873046875,1.4755859375,-1.6103515625,2.076171875,1.603515625,-1.810546875,1.99609375,1.6376953125,-1.5625,1.697265625,1.6123046875,-1.1083984375,1.615234375
R1126_249,G,249,1.85546875,-0.11041259765625,1.44921875,1.369140625,-0.9873046875,0.95751953125,1.734375,-0.8525390625,1.4541015625,1.5341796875,-0.1602783203125,1.169921875,1.89453125,-0.51513671875,1.4658203125
R1126_250,C,250,2.80859375,-1.703125,1.5703125,2.822265625,-1.208984375,1.857421875,2.2421875,-0.984375,1.5068359375,3.0625,-1.6513671875,1.72265625,3.134765625,-1.302734375,1.806640625
R1126_251,U,251,1.4775390625,-2.37109375,1.7685546875,1.236328125,-2.068359375,1.357421875,2.091796875,-2.048828125,1.9248046875,1.1923828125,-2.2265625,1.3349609375,1.1474609375,-2.681640625,1.853515625
R1126_252,C,252,2.951171875,-1.806640625,0.406005859375,3.46484375,-1.5859375,1.41015625,3.240234375,-1.6669921875,0.346923828125,3.60546875,-2.01171875,1.130859375,3.208984375,-1.513671875,0.64990234375
R1126_253,C,253,3.115234375,-1.734375,0.67333984375,3.56640625,-1.65234375,0.74951171875,3.380859375,-1.7607421875,0.61328125,3.17578125,-1.314453125,0.92578125,2.904296875,-1.5732421875,0.4208984375
R1126_254,U,254,0.87060546875,-2.05078125,0.39404296875,0.77197265625,-2.404296875,0.92041015625,1.138671875,-1.6220703125,0.3984375,1.2021484375,-2.388671875,0.60791015625,1.2236328125,-2.68359375,0.6669921875
R1126_255,C,255,2.35546875,-1.7373046875,0.7109375,2.423828125,-1.326171875,1.40234375,1.9833984375,-1.1318359375,0.662109375,2.345703125,-1.3525390625,0.88330078125,2.216796875,-1.15625,1.0693359375
R1126_256,G,256,1.486328125,-0.3583984375,0.171630859375,1.8447265625,-0.42041015625,-0.65673828125,1.8388671875,-0.406005859375,0.321533203125,1.4560546875,-0.53466796875,-0.0311737060546875,1.7265625,-0.58642578125,-0.04425048828125
R1126_257,A,257,1.5048828125,-0.923828125,-0.1622314453125,1.4072265625,-1.0419921875,-0.962890625,0.8818359375,-1.841796875,0.07952880859375,1.8935546875,-1.4853515625,-0.3984375,1.8212890625,0.1865234375,0.08367919921875
R1126_258,A,258,1.7568359375,-1.46875,0.04998779296875,0.908203125,-1.388671875,-0.82568359375,1.541015625,-1.7392578125,-0.52783203125,1.197265625,-0.59033203125,-0.30224609375,1.6298828125,-1.3232421875,-0.8447265625
R1126_259,U,259,1.5947265625,-1.6015625,1.37890625,2.19140625,-2.013671875,1.7294921875,1.548828125,-2.125,1.1162109375,2.076171875,-2.04296875,1.2138671875,1.720703125,-1.65234375,0.892578125
R1126_260,G,260,2.3515625,-0.6240234375,-0.1689453125,2.611328125,-1.83203125,-0.50341796875,1.771484375,-1.2158203125,0.27294921875,2.44921875,-1.2861328125,-0.1483154296875,2.41796875,-0.79638671875,-0.38916015625
R1126_261,A,261,0.93408203125,-1.240234375,-0.4443359375,1.169921875,-1.7470703125,-0.31884765625,1.2451171875,-1.1708984375,-0.677734375,1.21484375,-1.3447265625,-0.73779296875,1.2119140625,-1.9833984375,0.05816650390625
R1126_262,C,262,3.068359375,-1.603515625,1.427734375,3.02734375,-1.7763671875,1.3544921875,3.3671875,-1.6787109375,1.615234375,3.26171875,-1.9091796875,1.3173828125,3.15234375,-1.421875,1.806640625
R1126_263,U,263,1.759765625,-1.3134765625,0.8740234375,1.71484375,-1.8203125,0.740234375,1.9248046875,-2.69921875,1.138671875,1.556640625,-1.3916015625,1.38671875,1.736328125,-1.712890625,1.5927734375
R1126_264,U,264,1.5546875,-1.5048828125,0.82861328125,1.7958984375,-2.16015625,1.279296875,1.7958984375,-2.2265625,1.4794921875,1.796875,-1.8623046875,1.130859375,1.9580078125,-1.904296875,1.4423828125
R1126_265,C,265,3.4453125,-2.048828125,1.53515625,3.185546875,-1.7314453125,1.08203125,3.060546875,-2.099609375,1.7421875,2.794921875,-1.517578125,1.4267578125,3.2734375,-1.7373046875,1.4716796875
R1126_266,U,266,2.07421875,-2.47265625,1.3369140625,1.9599609375,-2.50390625,0.7109375,1.9873046875,-2.482421875,1.2509765625,1.5595703125,-2.056640625,0.8388671875,1.759765625,-2.04296875,0.36181640625
R1126_267,G,267,1.7314453125,-1.65234375,1.14453125,2.09375,-1.26171875,-0.34716796875,2.20703125,-1.3779296875,0.2178955078125,1.7568359375,-1.736328125,0.3974609375,1.908203125,-1.80078125,0.5869140625
R1126_268,U,268,1.8173828125,-2.73046875,0.98974609375,2.34375,-2.234375,0.63720703125,1.9287109375,-2.205078125,0.85546875,2.228515625,-2.951171875,1.072265625,1.849609375,-2.482421875,0.966796875
R1126_269,U,269,2.236328125,-2.09375,0.7783203125,2.056640625,-2.41015625,1.36328125,1.8212890625,-2.185546875,1.2373046875,1.7998046875,-2.306640625,1.376953125,2.01171875,-2.478515625,0.98583984375
R1126_270,G,270,2.09375,-2.27734375,1.0537109375,1.544921875,-1.87890625,0.51611328125,1.5908203125,-1.6298828125,1.4716796875,1.60546875,-1.4697265625,1.318359375,2.025390625,-1.552734375,1.0380859375
R1126_271,A,271,1.7080078125,-2.52734375,0.68798828125,1.8935546875,-2.662109375,0.705078125,2.037109375,-2.03515625,1.134765625,2.017578125,-2.76171875,1.00390625,2.10546875,-2.30078125,0.8955078125
R1126_272,G,272,1.759765625,-1.810546875,0.1466064453125,1.560546875,-0.9736328125,0.112548828125,2.0234375,-1.36328125,0.2469482421875,1.865234375,-1.2060546875,0.07550048828125,2.14453125,-1.0048828125,0.451171875
R1126_273,U,273,1.388671875,-2.12109375,1.7216796875,2.134765625,-1.7412109375,0.9306640625,1.447265625,-2.4453125,1.8837890625,2.6953125,-2.5703125,1.2060546875,1.896484375,-2.83203125,2.21875
R1126_274,A,274,1.5234375,-0.70263671875,0.393798828125,1.3759765625,-0.79052734375,-0.031280517578125,1.58203125,-1.173828125,0.1993408203125,1.1318359375,-0.61669921875,-0.137451171875,1.66796875,-1.1162109375,0.120849609375
R1126_275,G,275,1.4951171875,-0.56494140625,1.599609375,1.4423828125,-1.125,1.0986328125,1.486328125,-1.177734375,0.95703125,1.5908203125,-1.3232421875,0.888671875,1.63671875,-1.5224609375,0.88037109375
R1126_276,A,276,1.5380859375,-1.2978515625,1.205078125,1.259765625,-0.84033203125,1.220703125,1.708984375,-1.1943359375,1.3349609375,1.0498046875,-1.0166015625,0.572265625,1.8310546875,-1.4951171875,0.943359375
R1126_277,G,277,1.4130859375,-0.7333984375,0.732421875,1.2216796875,-0.65087890625,0.650390625,1.373046875,-0.77587890625,1.1982421875,1.8857421875,-0.93994140625,1.1748046875,1.8876953125,-1.1064453125,0.666015625
R1126_278,U,278,2.01171875,-1.5859375,1.759765625,1.6044921875,-1.62890625,2.25,1.724609375,-1.4130859375,2.05859375,2.08984375,-1.6748046875,1.9931640625,1.6591796875,-1.84375,2.01171875
R1126_279,G,279,1.3505859375,-0.556640625,0.845703125,1.4150390625,-0.54443359375,0.67626953125,0.80712890625,-0.54833984375,0.99951171875,1.1884765625,-0.5498046875,0.81494140625,1.5009765625,-0.451416015625,0.6806640625
R1126_280,U,280,1.279296875,-1.6435546875,1.9365234375,1.14453125,-2.33984375,1.5966796875,1.1728515625,-1.8759765625,1.625,1.341796875,-1.87890625,1.7333984375,1.298828125,-2.130859375,1.3212890625
R1126_281,G,281,1.4951171875,-0.8486328125,0.107421875,1.5849609375,-0.58740234375,0.2498779296875,1.1337890625,-0.90283203125,-0.10614013671875,0.89306640625,-0.84423828125,0.11431884765625,1.126953125,-0.708984375,-0.1422119140625
R1126_282,G,282,1.4150390625,-1.224609375,0.60302734375,1.513671875,-0.95654296875,0.274169921875,1.3046875,-1.2109375,0.791015625,1.6298828125,-1.1162109375,0.273193359375,1.474609375,-0.84814453125,0.6376953125
R1126_283,G,283,1.5966796875,-0.8251953125,0.515625,1.615234375,-1.1083984375,-0.10400390625,1.640625,-1.2978515625,0.39013671875,1.515625,-1.181640625,0.2025146484375,1.375,-1.2978515625,-0.052825927734375
R1126_284,C,284,2.251953125,-0.861328125,0.99658203125,2.232421875,-1.173828125,1.4755859375,2.41015625,-1.1884765625,1.4013671875,2.28515625,-1.263671875,1.4091796875,2.4375,-1.1494140625,1.3828125
R1126_285,U,285,2.26171875,-1.9453125,1.9921875,1.65234375,-1.59765625,1.224609375,1.291015625,-2.1015625,1.4765625,1.49609375,-1.6591796875,1.4560546875,1.6611328125,-1.9892578125,1.0029296875
R1126_286,C,286,1.876953125,-1.1884765625,1.6279296875,2.11328125,-1.3359375,1.416015625,2.01953125,-0.9599609375,1.3623046875,2.16015625,-1.21875,1.38671875,2.529296875,-1.5,2.16015625
R1126_287,C,287,2.181640625,-1.3818359375,1.626953125,2.580078125,-1.248046875,1.458984375,2.228515625,-1.2919921875,1.427734375,1.822265625,-1.28125,1.6123046875,2.33984375,-1.02734375,1.5869140625
R1126_288,G,288,1.1533203125,-1.357421875,0.68408203125,1.267578125,-1.763671875,1.02734375,1.3154296875,-0.79296875,0.499755859375,1.0380859375,-1.177734375,-0.0743408203125,1.11328125,-1.0185546875,0.62890625
R1126_289,C,289,2.134765625,-1.5400390625,1.0791015625,3.29296875,-1.439453125,1.1181640625,2.66796875,-1.728515625,1.5966796875,2.515625,-1.2626953125,1.7861328125,2.884765625,-2.015625,0.92919921875
R1126_290,G,290,1.94140625,-1.423828125,0.321044921875,1.833984375,-1.353515625,0.45703125,1.4052734375,-1.3798828125,0.74609375,1.3134765625,-1.3564453125,-0.030181884765625,1.2138671875,-1.1376953125,-0.0673828125
R1126_291,G,291,1.8115234375,-0.98876953125,0.1876220703125,1.5498046875,-1.09765625,0.79052734375,1.6396484375,-0.603515625,-0.08843994140625,1.251953125,-1.0234375,0.490966796875,1.8466796875,-1.1650390625,0.143310546875
R1126_292,C,292,2.708984375,-1.3212890625,1.2314453125,2.716796875,-0.80517578125,0.73486328125,2.39453125,-1.16015625,1.4716796875,2.779296875,-1.541015625,1.064453125,2.46484375,-0.61181640625,0.8603515625
R1126_293,U,293,1.49609375,-1.400390625,1.689453125,1.341796875,-1.98046875,1.5478515625,1.19140625,-1.5703125,0.68798828125,1.2958984375,-1.9580078125,1.4208984375,1.5966796875,-1.8583984375,1.5634765625
R1126_294,A,294,1.0087890625,-1.1064453125,0.81787109375,0.888671875,-0.59814453125,0.2763671875,0.7119140625,-0.95166015625,0.4169921875,0.98828125,-0.857421875,0.45361328125,0.88232421875,-0.59375,1.20703125
R1126_295,G,295,1.9541015625,0.0167694091796875,0.2335205078125,1.3681640625,-0.7275390625,0.7353515625,1.228515625,-0.449951171875,0.42236328125,1.728515625,-0.53515625,0.84033203125,1.0771484375,-0.52001953125,0.583984375
R1126_296,U,296,1.662109375,-1.154296875,1.5048828125,1.5400390625,-1.9287109375,1.48828125,1.81640625,-1.17578125,1.5654296875,1.30859375,-1.94921875,1.41796875,1.669921875,-1.8193359375,1.93359375
R1126_297,G,297,1.6318359375,0.03533935546875,0.4443359375,1.6162109375,-0.32666015625,0.445068359375,1.693359375,-0.9560546875,0.349853515625,1.818359375,-0.1427001953125,0.10101318359375,1.7841796875,-0.31298828125,0.398193359375
R1126_298,U,298,0.81640625,-1.5546875,1.84375,0.94482421875,-1.6533203125,2.11328125,1.58203125,-1.8203125,1.4287109375,1.30078125,-1.564453125,1.3466796875,1.3095703125,-1.544921875,1.7900390625
R1126_299,G,299,0.9658203125,-0.5205078125,0.5029296875,1.8466796875,-0.31982421875,0.7685546875,1.5849609375,-0.475341796875,0.78662109375,1.4091796875,-0.90185546875,0.4560546875,1.2880859375,-0.595703125,0.8671875
R1126_300,C,300,2.224609375,-1.3466796875,1.408203125,2.23828125,-0.92333984375,1.287109375,2.7890625,-0.95361328125,1.9873046875,2.06640625,-1.439453125,1.6240234375,2.037109375,-1.8916015625,1.5439453125
R1126_301,A,301,0.82470703125,-1.3291015625,-0.1121826171875,0.943359375,-1.9853515625,0.0135955810546875,0.9638671875,-1.505859375,-0.426025390625,0.96728515625,-1.552734375,0.190185546875,1.0029296875,-1.9462890625,0.42724609375
R1126_302,C,302,2.978515625,-1.8720703125,1.208984375,2.408203125,-1.8779296875,0.9560546875,2.7421875,-1.8125,1.5869140625,2.287109375,-1.5517578125,1.05078125,2.53125,-1.8974609375,0.90771484375
R1126_303,C,303,2.466796875,-1.228515625,1.2216796875,2.859375,-1.35546875,1.1650390625,2.49609375,-1.423828125,0.44140625,2.953125,-1.3671875,1.189453125,2.76953125,-1.1728515625,1.404296875
R1126_304,U,304,0.69921875,-1.185546875,1.0537109375,1.0615234375,-1.1650390625,0.681640625,1.3271484375,-1.5849609375,0.80615234375,1.4013671875,-1.46484375,1.201171875,0.74609375,-1.572265625,1.248046875
R1126_305,U,305,1.5068359375,-1.38671875,1.529296875,1.14453125,-1.287109375,1.41796875,0.8896484375,-1.447265625,1.1552734375,0.91455078125,-1.439453125,1.4189453125,1.2431640625,-1.1796875,2.04296875
R1126_306,A,306,0.498046875,-1.275390625,0.72998046875,0.2403564453125,-0.6884765625,0.07427978515625,0.50341796875,-1.345703125,0.609375,0.9677734375,-0.90234375,0.360107421875,0.998046875,-1.1865234375,0.404296875
R1126_307,G,307,1.78125,-0.71826171875,0.830078125,1.587890625,-0.6328125,1.5654296875,1.751953125,-0.87744140625,0.69921875,1.12109375,-0.6005859375,1.3642578125,1.2724609375,-0.66357421875,1.16796875
R1126_308,C,308,2.662109375,-1.6572265625,1.6416015625,2.826171875,-1.8818359375,1.724609375,2.853515625,-1.3154296875,1.82421875,2.400390625,-1.4912109375,0.99462890625,2.619140625,-1.5986328125,1.568359375
R1126_309,G,309,1.7314453125,-0.9404296875,0.984375,1.443359375,-1.8037109375,0.95166015625,1.4482421875,-1.73828125,0.912109375,1.2900390625,-1.205078125,0.77587890625,1.7275390625,-1.4365234375,0.86328125
R1126_310,G,310,2.33203125,-2.025390625,0.1990966796875,1.2666015625,-0.77197265625,0.26611328125,1.646484375,-1.7734375,0.80712890625,1.46875,-1.0703125,0.476806640625,1.4228515625,-1.294921875,0.71728515625
R1126_311,U,311,0.5712890625,-2.462890625,0.78857421875,0.76708984375,-2.3125,1.2998046875,0.80810546875,-2.826171875,1.6630859375,0.90185546875,-3.01953125,1.2822265625,0.351318359375,-2.154296875,1.134765625
R1126_312,G,312,0.953125,-0.71142578125,0.66650390625,1.24609375,-1.2939453125,0.491943359375,0.84423828125,-1.1064453125,0.38818359375,0.8232421875,-1.1103515625,-0.1470947265625,1.18359375,-1.08984375,0.54931640625
R1126_313,A,313,0.21875,-1.046875,-0.132568359375,-0.3017578125,0.053741455078125,-0.383544921875,0.389892578125,-0.73291015625,-0.339111328125,0.323974609375,-1.1806640625,-0.29296875,-0.14599609375,-0.90478515625,-0.69287109375
R1126_314,A,314,-0.04595947265625,-0.2000732421875,-0.58935546875,0.39501953125,-0.262451171875,-0.1614990234375,0.75244140625,-1.5537109375,-0.53466796875,0.068359375,-0.42578125,-0.6962890625,0.8359375,-0.86083984375,-0.1844482421875
R1126_315,U,315,1.2900390625,-0.8583984375,0.358154296875,1.58203125,-1.1943359375,0.65625,1.1435546875,-1.28125,0.48095703125,1.02734375,-0.53369140625,0.36669921875,1.7646484375,-0.982421875,0.476318359375
R1126_316,G,316,1.6171875,0.2301025390625,-0.7744140625,1.169921875,0.51416015625,-1.1552734375,1.6982421875,0.1319580078125,-0.39599609375,2.2734375,0.07196044921875,-0.984375,1.435546875,0.10296630859375,-1.0615234375
R1126_317,U,317,1.73046875,-0.6015625,0.9462890625,1.1435546875,-0.70166015625,0.345458984375,2.0234375,-1.2626953125,0.492919921875,1.369140625,-0.481201171875,-0.09930419921875,1.6884765625,-1.384765625,0.153564453125
R1126_318,C,318,2.734375,-0.5087890625,1.3017578125,2.5546875,-0.2479248046875,0.83544921875,2.267578125,-0.322509765625,0.84375,2.818359375,-0.6298828125,1.306640625,2.509765625,-0.274658203125,0.76220703125
R1126_319,U,319,2.0234375,-0.896484375,0.90380859375,2.50390625,-1.2841796875,0.6259765625,2.1171875,-1.92578125,1.1015625,1.5419921875,-1.48046875,0.5537109375,1.7490234375,-1.560546875,1.2607421875
R1126_320,G,320,1.962890625,-0.28173828125,0.529296875,1.689453125,-0.248291015625,0.5224609375,1.6376953125,0.1800537109375,-0.036285400390625,1.9921875,-0.71435546875,0.31640625,1.8818359375,-0.61376953125,1.1826171875
R1126_321,A,321,0.50390625,0.0145111083984375,0.375732421875,0.708984375,-0.1610107421875,0.61279296875,1.1318359375,-0.2406005859375,0.8349609375,1.0869140625,-0.0753173828125,0.5361328125,1.5244140625,-0.2120361328125,0.1280517578125
R1126_322,C,322,2.18359375,-1.3076171875,1.052734375,3.017578125,-1.42578125,1.408203125,2.076171875,-1.283203125,1.0166015625,2.076171875,-1.48828125,1.23828125,2.330078125,-1.408203125,1.4296875
R1126_323,A,323,1.10546875,-1.146484375,0.87646484375,1.18359375,-1.58984375,0.083740234375,1.568359375,-1.98828125,0.77490234375,1.21484375,-1.5791015625,1.0634765625,1.3134765625,-1.595703125,0.88720703125
R1126_324,C,324,2.060546875,-1.755859375,1.6513671875,2.384765625,-1.443359375,1.2900390625,2.068359375,-2.26953125,1.3583984375,1.880859375,-1.984375,1.0244140625,2.404296875,-2.205078125,1.861328125
R1126_325,C,325,2.119140625,-2.3828125,1.6337890625,1.9990234375,-2.142578125,1.744140625,2.30859375,-2.283203125,1.5966796875,2.337890625,-1.8515625,2.005859375,2.3515625,-2.048828125,1.517578125
R1126_326,G,326,1.5478515625,-1.015625,1.4892578125,1.8447265625,-1.548828125,1.12109375,1.3603515625,-1.1650390625,1.1015625,1.396484375,-1.8369140625,1.041015625,1.90625,-2.0859375,0.82470703125
R1126_327,U,327,1.595703125,-2.744140625,1.01953125,1.7353515625,-2.912109375,1.568359375,1.5244140625,-2.869140625,1.392578125,1.7431640625,-3.02734375,1.5849609375,1.6103515625,-2.693359375,1.3486328125
R1126_328,U,328,1.837890625,-2.677734375,1.7236328125,1.591796875,-2.716796875,0.92333984375,1.927734375,-2.1171875,1.439453125,1.396484375,-2.923828125,1.4921875,1.2607421875,-1.87109375,1.255859375
R1126_329,A,329,1.171875,-1.6171875,0.160888671875,1.3505859375,-1.8251953125,-0.31982421875,1.173828125,-1.3720703125,-0.1778564453125,0.8115234375,-1.619140625,-0.6064453125,0.260009765625,-1.62109375,0.25
R1126_330,A,330,0.52392578125,-0.65087890625,0.056396484375,0.2197265625,-1.302734375,-0.09527587890625,0.407958984375,-1.41015625,-0.058807373046875,0.77294921875,-1.779296875,0.1253662109375,0.30859375,-1.294921875,-0.984375
R1126_331,G,331,0.947265625,-1.0380859375,-0.340087890625,1.462890625,-1.400390625,-0.0304412841796875,1.330078125,-1.4482421875,-0.308349609375,1.283203125,-1.7685546875,-0.25,1.2373046875,-1.3232421875,0.05157470703125
R1126_332,G,332,0.92138671875,-1.279296875,0.00482940673828125,1.09375,-1.87109375,1.1318359375,1.4990234375,-1.6162109375,0.484619140625,1.4853515625,-1.8359375,0.421630859375,1.4091796875,-2.4296875,0.1861572265625
R1126_333,U,333,1.94921875,-3.228515625,0.828125,1.7001953125,-3.302734375,1.80859375,2.177734375,-3.32421875,1.142578125,1.8408203125,-2.623046875,1.095703125,1.8251953125,-2.400390625,1.1083984375
R1126_334,G,334,1.05078125,-1.1787109375,1.2890625,1.287109375,-1.4482421875,1.04296875,1.0888671875,-1.8671875,1.0009765625,1.28515625,-1.5048828125,1.6171875,1.212890625,-1.240234375,1.1337890625
R1126_335,G,335,1.4541015625,-1.9140625,1.5751953125,1.427734375,-1.6435546875,1.5283203125,1.4150390625,-1.15625,1.22265625,1.005859375,-1.181640625,1.3173828125,1.212890625,-1.6787109375,1.15625
R1126_336,U,336,1.8427734375,-2.33203125,2.60546875,1.796875,-3.482421875,2.904296875,2.17578125,-2.662109375,1.763671875,1.5009765625,-2.77734375,2.123046875,1.3349609375,-2.5703125,1.994140625
R1126_337,U,337,1.0888671875,-2.728515625,2.02734375,1.0859375,-2.888671875,1.626953125,1.322265625,-2.76953125,1.3779296875,1.552734375,-2.736328125,1.3916015625,1.7421875,-2.90234375,2.265625
R1126_338,A,338,0.779296875,-2.876953125,-0.529296875,0.92236328125,-2.3046875,-0.2393798828125,1.0927734375,-2.48828125,-0.427490234375,1.283203125,-2.306640625,0.448486328125,0.0216064453125,-2.1796875,0.301513671875
R1126_339,C,339,2.45703125,-2.091796875,1.6181640625,2.556640625,-1.837890625,0.6357421875,2.6875,-2.140625,1.2744140625,3.064453125,-2.099609375,1.2314453125,3.01171875,-1.6015625,1.3974609375
R1126_340,U,340,1.0322265625,-3.01171875,0.1416015625,1.22265625,-2.630859375,0.88232421875,0.74365234375,-2.560546875,1.0791015625,1.189453125,-2.416015625,0.64306640625,1.04296875,-2.498046875,0.8544921875
R1126_341,C,341,2.560546875,-1.744140625,1.5146484375,2.34765625,-1.767578125,1.1484375,2.88671875,-1.8310546875,1.4384765625,2.837890625,-1.8564453125,1.5283203125,2.646484375,-1.625,1.1064453125
R1126_342,U,342,1.2451171875,-1.310546875,0.33935546875,0.94580078125,-2.111328125,0.5595703125,0.982421875,-1.556640625,0.28173828125,1.01953125,-1.607421875,0.3271484375,0.97607421875,-1.849609375,0.0064697265625
R1126_343,U,343,1.13671875,-1.4287109375,-0.042083740234375,1.052734375,-1.6171875,0.440673828125,1.015625,-1.40625,0.473876953125,0.6259765625,-1.65234375,0.6337890625,0.72509765625,-1.9462890625,0.09405517578125
R1126_344,C,344,1.767578125,-0.87939453125,0.6240234375,1.90234375,-1.392578125,0.95263671875,1.8359375,-1.3525390625,0.7099609375,2.173828125,-1.75,0.96484375,1.6982421875,-1.1982421875,0.8681640625
R1126_345,G,345,1.072265625,-0.6630859375,-0.333984375,0.55859375,-1.1279296875,-0.1845703125,0.6611328125,-0.4052734375,-0.353759765625,0.5224609375,-0.57275390625,0.11639404296875,0.837890625,-1.10546875,0.4169921875
R1126_346,G,346,1.54296875,-2.07421875,0.45068359375,0.9189453125,-1.20703125,0.06549072265625,1.1279296875,-1.6328125,0.61962890625,1.255859375,-2.119140625,0.52099609375,1.1953125,-1.8330078125,-0.013397216796875
R1126_347,A,347,-0.16943359375,-2.19921875,-0.244873046875,0.28271484375,-1.64453125,0.353271484375,0.1343994140625,-1.2578125,-0.401123046875,0.0185699462890625,-1.666015625,0.0038738250732421875,0.50341796875,-2.099609375,0.53662109375
R1126_348,G,348,1.0009765625,-1.0341796875,-0.5478515625,1.484375,-0.300048828125,0.45654296875,0.845703125,-1.0439453125,0.5634765625,0.89794921875,-1.14453125,-0.160888671875,0.84521484375,-0.8837890625,0.21484375
R1126_349,U,349,0.6982421875,-1.7421875,0.8837890625,0.587890625,-1.8173828125,1.91015625,1.505859375,-1.59375,1.8251953125,0.94091796875,-1.53515625,1.771484375,0.79052734375,-2.12109375,1.4716796875
R1126_350,A,350,0.59716796875,-0.76416015625,0.005641937255859375,0.5634765625,-1.169921875,0.83203125,0.39306640625,-0.87109375,0.448974609375,0.9140625,-0.74609375,0.68310546875,-0.40478515625,-0.953125,-0.0182952880859375
R1126_351,A,351,0.287841796875,-1.15234375,-0.314697265625,0.80810546875,-0.87841796875,0.2469482421875,0.67236328125,-1.0458984375,0.428955078125,0.55712890625,-1.6171875,0.24658203125,1.3544921875,-1.7333984375,0.72314453125
R1126_352,C,352,3.1953125,-1.5888671875,1.5693359375,3.296875,-1.7275390625,1.66796875,3.064453125,-1.6015625,2.00390625,3.08203125,-1.9384765625,1.548828125,3.48828125,-1.646484375,2.359375
R1126_353,G,353,2.12109375,-0.79736328125,0.470458984375,1.85546875,-0.58544921875,0.07586669921875,1.767578125,-0.3603515625,0.281005859375,1.9375,-0.1871337890625,-0.12255859375,1.70703125,-0.334716796875,-0.2138671875
R1126_354,C,354,2.50390625,-0.93212890625,0.8076171875,2.841796875,-1.0,1.376953125,2.412109375,-1.3134765625,0.966796875,2.666015625,-1.1162109375,1.3720703125,2.427734375,-0.35986328125,1.4130859375
R1126_355,C,355,1.888671875,-1.2392578125,1.267578125,1.46875,-0.85302734375,0.94580078125,1.755859375,-1.666015625,1.384765625,1.5283203125,-0.92578125,0.6708984375,1.7822265625,-1.125,1.7314453125
R1126_356,G,356,0.44091796875,-1.1416015625,0.475830078125,0.0911865234375,-0.331787109375,0.404052734375,0.05523681640625,-0.3515625,-0.0081329345703125,-0.20947265625,-0.7109375,-0.005161285400390625,0.509765625,-0.21875,0.6826171875
R1126_357,A,357,-0.90087890625,-0.58251953125,-0.33984375,-0.58447265625,-0.89013671875,-0.61083984375,-1.060546875,-1.8798828125,0.01268768310546875,-0.89453125,-1.4931640625,-0.09393310546875,-0.373779296875,-1.486328125,-1.3017578125
R1126_358,G,358,0.521484375,-0.1610107421875,0.318115234375,0.6025390625,-0.66015625,-0.0223846435546875,0.297119140625,-0.34619140625,-0.1783447265625,1.03125,-0.233642578125,0.342041015625,0.791015625,0.1483154296875,0.2890625
R1126_359,A,359,-0.1572265625,-1.0087890625,-1.3203125,-0.436279296875,-1.5439453125,-1.166015625,-0.37353515625,-1.7841796875,-0.95849609375,-0.81201171875,-0.9697265625,0.03497314453125,-0.298095703125,-2.314453125,-0.7138671875
R1126_360,U,360,0.3466796875,-1.5869140625,0.126953125,0.6259765625,-1.169921875,0.86572265625,0.857421875,-1.3525390625,0.68017578125,1.263671875,-1.8232421875,1.21484375,0.95263671875,-1.7822265625,0.94384765625
R1126_361,U,361,0.52978515625,-1.69140625,0.99267578125,0.4619140625,-1.55078125,0.4482421875,0.87890625,-1.2978515625,0.9345703125,0.716796875,-1.5419921875,0.93603515625,0.81591796875,-1.3037109375,0.73388671875
R1126_362,C,362,1.9189453125,-0.82373046875,1.0888671875,1.380859375,-0.444091796875,0.92041015625,1.3779296875,-1.044921875,1.427734375,1.666015625,-0.66162109375,1.51171875,1.513671875,-1.279296875,0.97119140625
R1126_363,C,363,1.7119140625,-1.591796875,1.9248046875,1.6708984375,-0.9345703125,1.52734375,1.73046875,-0.96923828125,1.5810546875,1.6328125,-0.66015625,0.9521484375,1.7607421875,-0.9873046875,1.2236328125
R1128_1,G,1,1.677734375,-2.072265625,-0.390869140625,1.06640625,-1.5849609375,0.410888671875,1.556640625,-2.08984375,-0.036834716796875,1.0087890625,-1.9677734375,0.50244140625,0.7763671875,-1.4482421875,-0.253173828125
R1128_2,G,2,1.1181640625,-1.11328125,0.048858642578125,1.478515625,-1.8427734375,0.268310546875,1.74609375,-1.83984375,0.0282440185546875,1.2646484375,-1.0439453125,1.0341796875,1.1591796875,-1.7685546875,0.1396484375
R1128_3,A,3,0.951171875,-1.990234375,1.091796875,0.43310546875,-1.1630859375,-0.026092529296875,1.2265625,-1.9150390625,-0.07574462890625,0.92529296875,-1.0458984375,0.192138671875,1.640625,-2.076171875,1.052734375
R1128_4,A,4,1.19140625,-1.7646484375,0.87744140625,1.6787109375,-1.908203125,0.3359375,1.6484375,-1.5068359375,1.1513671875,1.853515625,-1.634765625,0.2822265625,0.7548828125,-1.7119140625,0.1004638671875
R1128_5,U,5,1.6630859375,-3.158203125,1.580078125,1.7900390625,-2.626953125,1.4677734375,1.8466796875,-2.541015625,1.2060546875,1.3115234375,-3.4375,1.5517578125,1.2978515625,-2.32421875,1.6435546875
R1128_6,A,6,1.5546875,-2.359375,1.0771484375,2.158203125,-3.126953125,1.216796875,1.7294921875,-2.419921875,0.261474609375,1.623046875,-1.857421875,1.3056640625,1.7314453125,-2.51171875,1.0576171875
R1128_7,U,7,1.8984375,-2.966796875,1.623046875,1.94921875,-3.408203125,1.8642578125,2.2265625,-3.052734375,1.7412109375,1.5693359375,-2.814453125,1.5302734375,1.7099609375,-2.474609375,1.5244140625
R1128_8,C,8,2.8046875,-2.169921875,2.134765625,2.623046875,-2.48046875,2.064453125,2.234375,-2.572265625,1.701171875,2.732421875,-2.12109375,1.6728515625,2.322265625,-2.384765625,1.9501953125
R1128_9,G,9,1.2490234375,-3.115234375,0.1617431640625,1.1044921875,-2.513671875,0.79296875,1.4091796875,-2.6171875,0.6220703125,1.4267578125,-2.537109375,0.3310546875,1.3447265625,-2.689453125,0.345947265625
R1128_10,U,10,0.96044921875,-4.0546875,1.6806640625,0.131591796875,-3.810546875,1.1455078125,0.5458984375,-3.703125,1.681640625,0.60302734375,-4.0625,2.0546875,0.74365234375,-3.91015625,1.4560546875
R1128_11,C,11,1.787109375,-2.990234375,1.6240234375,1.94921875,-2.947265625,1.8681640625,2.330078125,-2.775390625,1.419921875,1.8125,-3.70703125,1.6494140625,1.7861328125,-2.833984375,1.3427734375
R1128_12,A,12,1.771484375,-4.46875,-0.1895751953125,1.8974609375,-4.16015625,0.73095703125,0.86572265625,-3.671875,0.31591796875,1.7705078125,-3.73828125,-0.08831787109375,1.056640625,-3.962890625,0.1517333984375
R1128_13,U,13,1.3857421875,-3.283203125,0.50390625,1.3095703125,-3.73828125,1.544921875,1.0029296875,-3.7734375,1.2578125,1.1572265625,-3.615234375,0.414794921875,1.2587890625,-3.23046875,0.93408203125
R1128_14,G,14,2.314453125,-2.904296875,-1.04296875,1.81640625,-2.615234375,-0.654296875,1.6474609375,-2.404296875,-1.1572265625,2.02734375,-3.234375,-0.53466796875,2.228515625,-2.91796875,-0.1693115234375
R1128_15,G,15,2.423828125,-2.931640625,0.10162353515625,2.310546875,-2.3203125,-0.857421875,1.578125,-2.328125,-0.431396484375,1.7890625,-2.689453125,-0.396484375,2.12109375,-2.751953125,-0.3017578125
R1128_16,U,16,0.86376953125,-3.439453125,1.5390625,1.2138671875,-3.466796875,0.8701171875,1.048828125,-3.431640625,1.5615234375,1.8603515625,-4.18359375,1.5859375,1.2919921875,-3.134765625,1.30859375
R1128_17,G,17,1.7978515625,-2.4296875,-0.0859375,1.5947265625,-2.29296875,-0.372314453125,1.673828125,-2.712890625,0.031707763671875,1.912109375,-3.0,-0.423583984375,1.9013671875,-2.673828125,-0.323486328125
R1128_18,A,18,1.4453125,-3.78125,0.051483154296875,1.7939453125,-3.234375,-0.57568359375,1.8505859375,-2.599609375,-0.84326171875,2.11328125,-3.3125,-0.396484375,1.0517578125,-3.306640625,-0.3046875
R1128_19,U,19,1.8115234375,-2.60546875,-0.1624755859375,2.58203125,-3.064453125,0.228759765625,2.318359375,-3.529296875,-0.259521484375,2.2109375,-3.0625,-0.058929443359375,2.33984375,-3.0,0.131591796875
R1128_20,U,20,2.0,-2.755859375,0.174072265625,2.16796875,-3.072265625,-0.79931640625,1.6025390625,-2.58984375,-1.0048828125,2.59375,-3.501953125,0.364013671875,2.40234375,-3.14453125,-0.55078125
R1128_21,C,21,3.265625,-1.8310546875,0.49365234375,3.1796875,-1.751953125,0.1915283203125,3.517578125,-2.408203125,0.7275390625,3.1484375,-2.294921875,-0.1439208984375,2.98046875,-2.47265625,0.66796875
R1128_22,G,22,1.7041015625,-2.064453125,-1.408203125,1.853515625,-1.76171875,-1.69921875,2.1875,-1.86328125,-1.4580078125,2.53515625,-1.2265625,-1.263671875,2.29296875,-1.87109375,-1.3974609375
R1128_23,U,23,1.052734375,-2.294921875,0.705078125,1.40234375,-1.919921875,0.051727294921875,1.2900390625,-2.802734375,1.4404296875,0.6845703125,-3.107421875,1.3974609375,1.3037109375,-2.84765625,0.841796875
R1128_24,C,24,2.103515625,-1.7216796875,1.55859375,1.5791015625,-1.490234375,1.1591796875,2.060546875,-1.6650390625,1.3203125,2.181640625,-2.306640625,1.916015625,2.623046875,-2.078125,1.91796875
R1128_25,A,25,1.26171875,-2.244140625,-0.72900390625,2.001953125,-2.466796875,-0.1346435546875,2.15234375,-1.9423828125,-0.31103515625,1.453125,-2.197265625,-0.2291259765625,2.236328125,-2.572265625,-0.43994140625
R1128_26,C,26,1.6728515625,-1.9169921875,1.68359375,2.64453125,-1.060546875,1.4228515625,2.478515625,-2.1484375,1.7822265625,2.828125,-2.853515625,2.166015625,2.400390625,-2.177734375,1.619140625
R1128_27,C,27,2.123046875,-1.4931640625,1.06640625,2.18359375,-1.6220703125,1.533203125,2.375,-1.8125,1.0107421875,2.248046875,-1.90234375,0.74560546875,1.927734375,-1.9990234375,1.244140625
R1128_28,A,28,1.0224609375,-2.5546875,-1.189453125,1.3994140625,-2.619140625,-1.6337890625,0.81689453125,-1.916015625,-0.81787109375,0.58837890625,-2.08984375,-1.2822265625,1.0625,-2.650390625,-1.3857421875
R1128_29,U,29,0.9765625,-3.458984375,0.411865234375,0.91943359375,-3.091796875,0.28173828125,0.79052734375,-3.658203125,1.1611328125,0.5771484375,-2.994140625,0.6044921875,0.96826171875,-3.271484375,0.45068359375
R1128_30,G,30,1.38671875,-2.3515625,-0.1922607421875,1.1015625,-1.837890625,-0.87841796875,1.2998046875,-1.7353515625,0.10626220703125,1.1787109375,-1.8955078125,-0.20849609375,1.353515625,-1.611328125,-0.8544921875
R1128_31,A,31,0.04669189453125,-1.96484375,-0.48388671875,0.58984375,-2.08984375,0.265869140625,0.2430419921875,-2.501953125,-0.00251007080078125,0.69921875,-1.732421875,0.15869140625,0.17041015625,-1.869140625,-0.404541015625
R1128_32,G,32,1.294921875,-1.4267578125,-0.468505859375,0.9580078125,-1.7158203125,-1.27734375,2.052734375,-2.4140625,-0.560546875,1.556640625,-1.4453125,-0.67138671875,1.5615234375,-2.41015625,-1.0087890625
R1128_33,G,33,1.2470703125,-1.9169921875,-0.2978515625,1.7275390625,-1.7109375,-0.5185546875,1.2744140625,-1.7421875,-0.90673828125,2.015625,-1.900390625,-0.1778564453125,1.1669921875,-1.8076171875,-0.98193359375
R1128_34,C,34,1.4326171875,-2.041015625,0.85009765625,1.1083984375,-1.994140625,0.32666015625,2.06640625,-2.39453125,1.099609375,1.0458984375,-2.080078125,0.298583984375,1.197265625,-2.052734375,0.325927734375
R1128_35,U,35,0.68212890625,-2.685546875,0.426025390625,0.7216796875,-2.748046875,0.1961669921875,-0.08831787109375,-2.72265625,0.04864501953125,-0.180419921875,-1.9423828125,1.037109375,0.529296875,-2.595703125,0.681640625
R1128_36,A,36,0.39404296875,-1.6611328125,0.59326171875,0.86474609375,-1.541015625,-0.3037109375,0.57568359375,-0.55810546875,-0.297607421875,0.2919921875,-1.41015625,0.79150390625,0.412109375,-1.0244140625,-0.365966796875
R1128_37,G,37,0.9013671875,-0.8408203125,0.1534423828125,1.3662109375,-0.84375,0.6533203125,0.81591796875,-1.1748046875,0.1376953125,1.333984375,-1.24609375,0.492919921875,0.79443359375,-1.185546875,0.328369140625
R1128_38,A,38,-0.1370849609375,-1.42578125,0.53759765625,0.73193359375,-1.7236328125,0.8076171875,1.525390625,-2.158203125,1.0849609375,1.1435546875,-2.1484375,1.3935546875,1.6689453125,-1.1962890625,0.6474609375
R1128_39,U,39,0.6162109375,-2.685546875,1.3857421875,1.32421875,-2.736328125,1.4228515625,0.28173828125,-2.34375,0.95947265625,1.115234375,-2.44140625,0.78173828125,1.1103515625,-2.21875,0.75390625
R1128_40,C,40,2.11328125,-0.86767578125,0.336669921875,2.791015625,-1.3828125,0.85400390625,2.013671875,-1.7041015625,0.71435546875,1.34375,-0.98681640625,0.69287109375,2.001953125,-1.2353515625,0.67041015625
R1128_41,U,41,1.2626953125,-2.3046875,-0.1995849609375,1.52734375,-2.10546875,0.061279296875,0.9404296875,-1.6533203125,-0.052642822265625,1.3515625,-2.333984375,-0.2052001953125,1.7138671875,-2.44140625,0.2235107421875
R1128_42,C,42,2.201171875,-0.91796875,-0.251220703125,2.03515625,-1.181640625,-0.234130859375,1.75390625,-1.611328125,-0.252685546875,2.443359375,-0.873046875,-0.093017578125,1.984375,-0.87744140625,-0.50439453125
R1128_43,A,43,0.75244140625,-1.1171875,-1.01171875,0.5078125,-0.5537109375,-1.28125,1.056640625,-0.56494140625,-1.1474609375,0.88232421875,-1.1005859375,-1.400390625,0.2137451171875,-1.3291015625,-1.5234375
R1128_44,U,44,0.445068359375,-1.3076171875,-0.13134765625,1.1015625,-1.732421875,-0.56298828125,1.1708984375,-2.56640625,0.46044921875,1.501953125,-2.146484375,-0.04345703125,1.1298828125,-2.1875,-0.01401519775390625
R1128_45,A,45,0.383544921875,-0.89404296875,-1.4970703125,-0.1951904296875,-0.152099609375,-1.7421875,0.939453125,0.195068359375,-1.2421875,-0.263671875,-0.95166015625,-1.7373046875,-0.333251953125,-0.81787109375,-1.76171875
R1128_46,U,46,0.169921875,-1.9677734375,-0.33740234375,0.71923828125,-2.326171875,0.1341552734375,0.7568359375,-1.8359375,0.1461181640625,0.6416015625,-2.0234375,0.22314453125,0.58544921875,-1.2490234375,-0.04632568359375
R1128_47,C,47,1.3505859375,-1.5966796875,-0.420654296875,0.84375,-1.564453125,-0.050506591796875,1.26953125,-1.54296875,-0.328857421875,1.1103515625,-1.11328125,0.25537109375,1.0263671875,-1.349609375,0.191650390625
R1128_48,U,48,0.736328125,-2.783203125,-0.1561279296875,0.9248046875,-2.138671875,-0.54443359375,0.91650390625,-3.185546875,0.25927734375,0.67431640625,-2.7265625,0.424560546875,0.865234375,-2.92578125,0.849609375
R1128_49,A,49,0.1781005859375,-1.896484375,-1.14453125,0.50537109375,-2.16796875,-0.583984375,-0.60302734375,-1.9072265625,-0.94189453125,0.358642578125,-2.13671875,-0.43798828125,-0.359130859375,-2.916015625,-1.310546875
R1128_50,G,50,0.88525390625,-1.69921875,-0.9248046875,1.234375,-2.0078125,-0.86962890625,1.1201171875,-2.490234375,0.7216796875,0.8623046875,-1.7724609375,-0.86572265625,1.0908203125,-2.33984375,0.2015380859375
R1128_51,C,51,2.08984375,-2.623046875,0.92626953125,2.52734375,-2.5078125,1.154296875,2.099609375,-2.396484375,1.609375,2.56640625,-1.8994140625,1.0205078125,2.234375,-1.978515625,1.09375
R1128_52,G,52,1.2880859375,-2.390625,0.387939453125,1.12109375,-2.142578125,0.6767578125,0.83349609375,-1.451171875,0.59912109375,1.052734375,-1.9296875,-0.125244140625,1.0537109375,-1.5478515625,0.439453125
R1128_53,C,53,1.7529296875,-2.05859375,1.66796875,2.013671875,-1.830078125,1.630859375,2.123046875,-1.740234375,1.7412109375,1.2880859375,-1.8154296875,1.0478515625,1.5009765625,-1.7333984375,1.6728515625
R1128_54,U,54,0.607421875,-2.65234375,1.064453125,0.447998046875,-3.072265625,1.15625,0.80517578125,-2.94921875,1.220703125,0.57861328125,-3.466796875,1.619140625,0.86767578125,-3.751953125,1.49609375
R1128_55,U,55,0.82177734375,-3.42578125,0.8779296875,1.24609375,-2.583984375,0.61328125,0.9228515625,-2.728515625,1.1005859375,1.1328125,-3.62109375,1.3193359375,1.275390625,-2.728515625,0.9638671875
R1128_56,U,56,0.84423828125,-3.48046875,1.19140625,0.9541015625,-2.89453125,0.6220703125,1.5,-3.2421875,1.375,0.8916015625,-2.533203125,0.10028076171875,0.87939453125,-2.9921875,0.62646484375
R1128_57,C,57,1.6865234375,-1.546875,1.203125,1.5556640625,-1.61328125,0.31591796875,1.6728515625,-1.6171875,1.123046875,2.193359375,-1.9755859375,1.302734375,1.7509765625,-1.86328125,0.978515625
R1128_58,G,58,0.10699462890625,-1.3642578125,-0.266357421875,0.92822265625,-1.0693359375,0.62744140625,0.318359375,-2.015625,-0.458740234375,0.69873046875,-1.142578125,-0.32666015625,0.72607421875,-1.533203125,0.493896484375
R1128_59,A,59,-0.332763671875,-2.30078125,0.1505126953125,-0.3466796875,-2.302734375,-0.414306640625,-0.2320556640625,-1.96875,0.204833984375,0.123291015625,-2.390625,-0.0258941650390625,-0.15673828125,-2.96484375,0.181640625
R1128_60,G,60,-0.2237548828125,-1.0439453125,-0.373779296875,0.006855010986328125,-1.6904296875,-0.615234375,-0.236083984375,-1.203125,-0.471923828125,-0.411865234375,-1.5712890625,0.06243896484375,-0.0261993408203125,-1.353515625,-0.4013671875
R1128_61,C,61,0.76220703125,-2.41796875,1.4873046875,0.8955078125,-1.7138671875,1.58203125,0.97412109375,-1.953125,1.5693359375,0.91796875,-2.353515625,1.4169921875,0.8037109375,-1.615234375,1.03125
R1128_62,G,62,0.63525390625,-1.3330078125,-0.82666015625,0.1944580078125,-1.99609375,-0.1717529296875,0.505859375,-1.6904296875,0.224365234375,0.72021484375,-1.4248046875,-0.69189453125,0.3876953125,-2.04296875,0.2122802734375
R1128_63,C,63,1.4609375,-2.93359375,1.77734375,1.291015625,-2.798828125,1.5634765625,1.2255859375,-2.69140625,1.4794921875,1.3798828125,-2.609375,1.330078125,1.185546875,-2.619140625,1.3173828125
R1128_64,U,64,0.8330078125,-2.787109375,0.86328125,0.99072265625,-3.0234375,1.439453125,1.1484375,-3.611328125,0.99365234375,1.169921875,-2.873046875,1.072265625,1.12890625,-2.8984375,1.4775390625
R1128_65,A,65,0.955078125,-2.779296875,0.391845703125,0.1688232421875,-1.9853515625,-0.634765625,0.93505859375,-2.421875,-0.039306640625,0.18603515625,-2.34765625,-0.00757598876953125,-0.11358642578125,-2.189453125,0.0684814453125
R1128_66,G,66,0.8427734375,-1.896484375,0.64111328125,1.0283203125,-2.255859375,-0.1798095703125,0.6201171875,-1.728515625,0.273193359375,0.888671875,-1.771484375,0.0889892578125,0.86083984375,-2.33203125,0.5576171875
R1128_67,A,67,-0.4091796875,-2.451171875,-0.2066650390625,-0.0256500244140625,-2.33984375,0.47216796875,-0.2470703125,-2.529296875,-0.27099609375,-0.29443359375,-2.40625,0.2080078125,-0.46044921875,-1.904296875,0.307861328125
R1128_68,G,68,0.61279296875,-1.82421875,0.90625,0.453125,-1.6279296875,0.0173187255859375,0.544921875,-2.24609375,0.347900390625,0.70166015625,-2.2890625,0.47509765625,0.6875,-1.3076171875,0.00440216064453125
R1128_69,U,69,0.505859375,-3.193359375,0.157958984375,1.2080078125,-3.001953125,0.50830078125,1.029296875,-2.87890625,0.5224609375,1.03125,-3.08984375,1.173828125,0.58935546875,-2.9140625,0.84375
R1128_70,C,70,1.673828125,-2.109375,1.0625,1.4970703125,-1.6962890625,0.6005859375,1.939453125,-1.8447265625,0.7373046875,1.2880859375,-1.7626953125,0.50390625,1.6611328125,-2.30859375,0.33447265625
R1128_71,C,71,1.0751953125,-2.11328125,0.673828125,1.4501953125,-1.439453125,0.419921875,1.306640625,-1.361328125,0.46533203125,1.142578125,-1.337890625,0.859375,1.01171875,-1.30859375,0.08544921875
R1128_72,U,72,0.88671875,-1.7578125,0.06005859375,0.71923828125,-1.630859375,-0.1827392578125,1.25,-1.712890625,0.08270263671875,1.24609375,-1.611328125,0.258056640625,0.9697265625,-1.4892578125,0.350830078125
R1128_73,U,73,1.0546875,-1.607421875,0.24267578125,1.2275390625,-2.109375,0.5478515625,1.306640625,-1.97265625,0.82958984375,1.236328125,-2.2890625,0.74462890625,0.9462890625,-1.978515625,0.66748046875
R1128_74,A,74,0.4296875,-1.8994140625,0.4853515625,-0.06982421875,-1.0986328125,-0.276611328125,0.6025390625,-1.91015625,0.8232421875,0.64697265625,-1.4404296875,0.4384765625,0.182861328125,-0.9853515625,-0.6240234375
R1128_75,U,75,1.005859375,-2.998046875,1.34375,1.1826171875,-2.69921875,1.6201171875,1.265625,-3.33984375,1.669921875,0.505859375,-2.41015625,1.185546875,0.75927734375,-2.56640625,0.77734375
R1128_76,C,76,1.4580078125,-1.9599609375,1.14453125,1.1796875,-1.796875,0.5771484375,1.5986328125,-1.4970703125,0.9052734375,1.7119140625,-1.810546875,0.9921875,2.0625,-1.970703125,0.83251953125
R1128_77,U,77,1.013671875,-3.07421875,1.017578125,1.0654296875,-3.3203125,0.299072265625,0.1953125,-3.18359375,1.044921875,1.509765625,-3.38671875,0.80908203125,1.1220703125,-3.50390625,1.189453125
R1128_78,A,78,0.277099609375,-2.40625,-0.217041015625,0.5068359375,-1.958984375,-0.09295654296875,0.58203125,-1.9775390625,-0.50732421875,0.23291015625,-1.7138671875,-0.6767578125,0.214111328125,-1.8427734375,-0.491943359375
R1128_79,G,79,0.72900390625,-1.3759765625,-0.59765625,1.1552734375,-1.12109375,-0.5927734375,0.92236328125,-0.93408203125,-0.828125,1.3583984375,-0.9716796875,-0.6884765625,1.234375,-1.0087890625,-0.83544921875
R1128_80,C,80,1.083984375,-2.001953125,0.79345703125,1.16796875,-1.6845703125,0.84814453125,1.0126953125,-1.4970703125,0.467529296875,1.18359375,-1.7880859375,0.7373046875,1.4072265625,-1.654296875,1.1318359375
R1128_81,C,81,1.5361328125,-1.5908203125,0.87060546875,1.5654296875,-1.1787109375,0.87353515625,1.3544921875,-1.6142578125,1.564453125,1.296875,-1.869140625,1.7802734375,1.0048828125,-1.5712890625,1.40625
R1128_82,G,82,2.01953125,-1.177734375,0.30078125,1.6298828125,-1.2099609375,0.96923828125,0.90576171875,-1.224609375,0.494384765625,1.6962890625,-0.6982421875,0.68798828125,1.802734375,-0.56005859375,0.73876953125
R1128_83,G,83,1.2158203125,-1.3515625,0.47021484375,1.615234375,-1.1962890625,0.3837890625,1.2109375,-1.5361328125,0.67822265625,1.529296875,-1.6142578125,0.280517578125,1.646484375,-1.46875,0.372314453125
R1128_84,U,84,1.3662109375,-2.462890625,1.6005859375,1.708984375,-2.322265625,1.6181640625,1.330078125,-2.59375,1.353515625,1.4990234375,-2.728515625,1.4443359375,1.212890625,-2.669921875,1.70703125
R1128_85,U,85,1.236328125,-2.455078125,1.34765625,1.2548828125,-2.66796875,1.560546875,1.484375,-2.861328125,1.7109375,1.5810546875,-2.8203125,1.43359375,1.5810546875,-2.130859375,1.115234375
R1128_86,U,86,0.89501953125,-2.87890625,1.4072265625,1.341796875,-3.033203125,1.9619140625,0.53466796875,-2.548828125,1.3759765625,0.81640625,-2.517578125,1.20703125,0.80322265625,-2.7734375,1.2431640625
R1128_87,A,87,0.353515625,-3.78515625,0.71044921875,0.5107421875,-2.306640625,0.4521484375,1.0498046875,-3.154296875,0.89111328125,0.89306640625,-2.958984375,0.943359375,1.0458984375,-3.1484375,0.98486328125
R1128_88,U,88,1.1884765625,-2.80859375,1.55078125,1.1484375,-3.21875,2.095703125,0.9912109375,-3.55078125,1.87890625,0.54638671875,-3.349609375,1.560546875,0.61181640625,-2.939453125,2.16796875
R1128_89,A,89,0.400390625,-2.9140625,0.72705078125,1.2861328125,-2.59765625,1.357421875,1.0908203125,-3.07421875,1.3173828125,0.54736328125,-2.689453125,0.86767578125,0.370361328125,-2.861328125,1.259765625
R1128_90,C,90,1.2900390625,-1.587890625,2.42578125,1.0263671875,-1.3193359375,1.7138671875,0.71484375,-1.9423828125,2.2890625,1.248046875,-1.69921875,1.556640625,0.99169921875,-1.5927734375,2.1484375
R1128_91,U,91,0.98828125,-3.091796875,2.0078125,0.58251953125,-2.84375,1.314453125,1.3095703125,-2.498046875,2.162109375,0.87353515625,-2.822265625,2.123046875,1.5283203125,-2.625,2.359375
R1128_92,U,92,1.82421875,-3.01171875,2.0,1.453125,-3.134765625,1.9736328125,1.470703125,-2.74609375,2.60546875,1.3623046875,-2.78125,2.0078125,0.58740234375,-2.8125,1.5859375
R1128_93,U,93,1.251953125,-3.1796875,1.7734375,1.0703125,-2.9296875,2.169921875,1.16796875,-2.939453125,1.740234375,1.5,-2.251953125,1.490234375,1.3779296875,-2.642578125,2.19921875
R1128_94,C,94,1.5849609375,-1.3876953125,1.705078125,1.8740234375,-1.33203125,1.400390625,2.25,-1.8447265625,1.9658203125,1.908203125,-1.8447265625,2.015625,1.54296875,-1.689453125,1.6806640625
R1128_95,G,95,0.3828125,-0.333251953125,0.217529296875,0.818359375,-0.72021484375,0.051849365234375,0.83837890625,-1.087890625,-0.11468505859375,1.193359375,-1.046875,-0.0966796875,0.76513671875,-0.5146484375,0.314697265625
R1128_96,A,96,0.80712890625,-2.599609375,0.85498046875,0.65478515625,-2.3359375,0.56103515625,-0.04864501953125,-2.05859375,0.970703125,0.6884765625,-1.7822265625,1.0341796875,0.0419921875,-1.8203125,0.68017578125
R1128_97,G,97,0.88330078125,-1.3779296875,0.373779296875,0.62841796875,-1.1474609375,0.69189453125,0.7841796875,-1.7783203125,0.72119140625,0.75537109375,-1.5810546875,0.1502685546875,0.86669921875,-1.4501953125,1.046875
R1128_98,U,98,-0.0693359375,-2.5703125,1.701171875,0.48779296875,-2.91796875,1.3798828125,0.7705078125,-2.666015625,1.85546875,0.21337890625,-2.384765625,1.5810546875,-0.14208984375,-2.734375,1.1572265625
R1128_99,G,99,0.6064453125,-1.6630859375,0.41259765625,1.0458984375,-1.8251953125,0.55517578125,1.1689453125,-1.8935546875,0.55322265625,0.98388671875,-2.400390625,1.3916015625,0.82568359375,-1.91796875,0.74755859375
R1128_100,U,100,0.82275390625,-3.833984375,1.875,0.7666015625,-3.28515625,1.9873046875,-0.038909912109375,-3.037109375,1.0205078125,0.193603515625,-3.021484375,1.1103515625,0.6669921875,-4.31640625,2.2890625
R1128_101,G,101,0.59912109375,-1.5830078125,0.69873046875,1.0927734375,-2.291015625,0.354248046875,0.480224609375,-2.04296875,0.6953125,0.73486328125,-1.5830078125,0.43310546875,0.53515625,-1.7646484375,1.1171875
R1128_102,A,102,0.49853515625,-2.62109375,1.4404296875,0.263916015625,-1.716796875,0.35400390625,0.8427734375,-2.38671875,0.91845703125,0.54248046875,-2.556640625,0.94140625,0.88818359375,-1.7861328125,0.6630859375
R1128_103,A,103,0.4892578125,-1.3173828125,0.4404296875,0.47607421875,-1.80078125,0.705078125,1.099609375,-3.337890625,1.328125,0.51171875,-2.337890625,1.330078125,0.701171875,-1.6611328125,0.4169921875
R1128_104,C,104,0.56201171875,-1.4375,1.494140625,0.75927734375,-1.6728515625,1.990234375,0.9296875,-1.68359375,1.2646484375,0.76220703125,-2.080078125,1.9619140625,0.93115234375,-1.6201171875,1.3798828125
R1128_105,C,105,0.89794921875,-1.66015625,1.5380859375,1.130859375,-1.9306640625,1.556640625,1.3828125,-2.208984375,1.7529296875,1.123046875,-2.091796875,1.4482421875,1.150390625,-1.4482421875,1.744140625
R1128_106,C,106,1.4287109375,-1.6201171875,1.0712890625,1.2109375,-1.1064453125,0.4736328125,0.95263671875,-1.4814453125,1.412109375,1.1201171875,-1.90234375,1.4541015625,1.1357421875,-1.9296875,0.95947265625
R1128_107,G,107,1.0849609375,-1.0068359375,0.16796875,1.0751953125,-1.24609375,0.57373046875,1.1171875,-1.478515625,0.51904296875,0.74609375,-1.1083984375,0.331298828125,1.13671875,-1.173828125,0.49462890625
R1128_108,A,108,0.1907958984375,-2.607421875,0.64697265625,-0.434814453125,-1.0009765625,-0.5546875,0.394775390625,-2.18359375,0.462890625,0.76953125,-0.8359375,0.1441650390625,0.90185546875,-1.6201171875,1.12890625
R1128_109,U,109,0.48291015625,-2.34765625,1.2314453125,1.2666015625,-2.599609375,1.99609375,0.80078125,-2.453125,2.00390625,0.86962890625,-1.8779296875,1.7900390625,0.379150390625,-2.611328125,1.970703125
R1128_110,A,110,-0.10772705078125,-1.6142578125,0.428955078125,-0.81640625,-0.9423828125,-0.0379638671875,0.37255859375,-2.451171875,1.12890625,0.060028076171875,-1.1787109375,1.0458984375,0.58251953125,-2.080078125,1.8203125
R1128_111,U,111,0.34814453125,-2.736328125,2.03515625,0.62939453125,-1.8291015625,2.25,0.60107421875,-2.263671875,1.701171875,0.82080078125,-2.349609375,1.408203125,0.408447265625,-1.96484375,1.9287109375
R1128_112,U,112,0.209716796875,-2.19921875,1.546875,0.6982421875,-2.236328125,1.51171875,0.56884765625,-2.044921875,2.197265625,0.020843505859375,-2.140625,1.6552734375,0.505859375,-1.83984375,1.8251953125
R1128_113,C,113,1.8779296875,-1.4521484375,1.82421875,1.7822265625,-1.228515625,1.4140625,1.6259765625,-0.98486328125,1.083984375,1.2783203125,-0.91748046875,1.8984375,1.3076171875,-0.8447265625,1.84375
R1128_114,C,114,1.46875,-1.0869140625,1.673828125,1.162109375,-0.69775390625,1.681640625,1.6884765625,-1.162109375,1.4599609375,1.41015625,-1.369140625,1.4169921875,1.5087890625,-1.9208984375,1.8251953125
R1128_115,G,115,0.91796875,-0.77880859375,0.56005859375,1.30859375,-0.198486328125,-0.029296875,0.9541015625,-0.7392578125,0.1982421875,1.037109375,-1.2626953125,0.974609375,0.697265625,-0.54443359375,0.278564453125
R1128_116,C,116,1.66796875,-1.74609375,2.13671875,1.67578125,-1.08203125,1.642578125,1.3564453125,-1.8828125,2.115234375,1.6982421875,-1.650390625,1.796875,1.5771484375,-1.5009765625,1.9248046875
R1128_117,G,117,0.81396484375,-0.75,0.4931640625,0.88916015625,-0.779296875,0.474853515625,0.4150390625,-0.1639404296875,0.84814453125,1.2744140625,-1.37109375,1.609375,0.5654296875,-1.5107421875,0.67236328125
R1128_118,G,118,0.436767578125,-1.1162109375,0.78564453125,0.517578125,-1.03515625,0.52197265625,0.60498046875,-1.759765625,1.4599609375,0.393798828125,-0.8916015625,0.80322265625,0.5146484375,-1.0458984375,0.0977783203125
R1128_119,A,119,-0.04449462890625,-0.76123046875,0.486572265625,0.214599609375,-0.83251953125,0.330810546875,0.74169921875,-1.3388671875,0.97119140625,-0.11517333984375,-1.26953125,-0.448974609375,-0.0189361572265625,-1.5634765625,0.5595703125
R1128_120,U,120,0.82666015625,-2.919921875,0.67431640625,0.63720703125,-2.822265625,0.96875,0.77783203125,-2.888671875,0.91552734375,0.495849609375,-2.7109375,0.68115234375,1.0322265625,-2.810546875,1.1298828125
R1128_121,C,121,1.8515625,-1.51171875,1.5556640625,1.697265625,-1.5556640625,0.72119140625,1.990234375,-1.318359375,0.990234375,1.9482421875,-2.130859375,0.6259765625,1.73828125,-1.3447265625,0.59912109375
R1128_122,A,122,-0.072998046875,-1.01953125,0.03167724609375,0.161376953125,-0.77783203125,-0.1776123046875,0.08966064453125,-1.240234375,-0.08935546875,0.46728515625,-1.0595703125,-0.4091796875,0.56689453125,-1.1279296875,-0.1820068359375
R1128_123,C,123,1.4130859375,-1.4453125,1.22265625,1.078125,-0.8203125,0.6162109375,1.3056640625,-1.1806640625,0.6875,1.279296875,-1.689453125,1.533203125,0.98974609375,-1.05078125,0.4404296875
R1128_124,U,124,0.060882568359375,-2.255859375,0.716796875,-0.324462890625,-2.248046875,0.84619140625,0.373291015625,-2.669921875,1.41796875,0.28564453125,-2.140625,0.51025390625,-0.272705078125,-1.98828125,0.63916015625
R1128_125,A,125,-0.80224609375,-1.265625,-0.060028076171875,-0.305419921875,-1.1494140625,0.55322265625,-0.1978759765625,-1.3876953125,0.4697265625,-0.298583984375,-1.283203125,-0.2073974609375,-0.451904296875,-1.302734375,-0.1170654296875
R1128_126,U,126,0.39892578125,-2.904296875,0.71044921875,0.1697998046875,-2.83203125,0.6533203125,-0.11334228515625,-2.42578125,1.3251953125,0.17236328125,-2.634765625,1.5390625,0.568359375,-2.53515625,1.05859375
R1128_127,G,127,0.260009765625,-1.1669921875,0.408447265625,0.268310546875,-0.98583984375,-1.171875,0.318603515625,-1.7392578125,-0.491943359375,-0.46533203125,-0.97119140625,0.40576171875,0.3427734375,-1.5185546875,-0.314208984375
R1128_128,A,128,0.58447265625,-1.0625,0.927734375,0.0850830078125,-1.0517578125,-0.6376953125,0.5869140625,-2.279296875,0.59912109375,0.44482421875,-1.322265625,1.400390625,0.1322021484375,-1.5146484375,0.43798828125
R1128_129,G,129,0.0736083984375,-1.267578125,0.1573486328125,-0.039276123046875,-1.5107421875,-0.6904296875,0.646484375,-1.6484375,0.8544921875,1.056640625,-1.63671875,0.0740966796875,0.501953125,-1.55078125,0.52587890625
R1128_130,U,130,0.10675048828125,-2.794921875,1.365234375,-0.2220458984375,-2.490234375,0.70166015625,0.43896484375,-3.189453125,0.912109375,0.17431640625,-2.888671875,1.189453125,0.09600830078125,-2.498046875,0.67724609375
R1128_131,C,131,1.5830078125,-1.4560546875,1.39453125,0.66064453125,-1.4697265625,0.87109375,1.1806640625,-1.630859375,1.5537109375,1.2021484375,-1.806640625,1.26953125,1.068359375,-1.6015625,2.060546875
R1128_132,G,132,0.1253662109375,-1.5283203125,0.4248046875,0.0892333984375,-1.12890625,0.136474609375,0.5380859375,-1.40234375,0.299560546875,0.36376953125,-1.7265625,-0.45556640625,0.5869140625,-2.13671875,0.65966796875
R1128_133,U,133,0.87353515625,-2.525390625,0.165283203125,-0.01430511474609375,-1.8388671875,0.349365234375,0.09173583984375,-2.2578125,-0.02581787109375,0.9892578125,-2.921875,0.82177734375,0.888671875,-2.732421875,0.7255859375
R1128_134,U,134,0.6162109375,-2.330078125,0.537109375,0.385986328125,-2.30859375,-0.20703125,0.5908203125,-2.373046875,0.1851806640625,0.4541015625,-2.5859375,-0.09857177734375,1.1181640625,-3.04296875,0.293701171875
R1128_135,C,135,1.078125,-2.24609375,0.68994140625,1.44140625,-1.8544921875,-0.039093017578125,0.89013671875,-1.916015625,-0.04766845703125,0.69140625,-1.541015625,-0.45654296875,0.87451171875,-2.083984375,0.00882720947265625
R1128_136,G,136,-0.040008544921875,-1.4482421875,-1.3818359375,-0.8046875,-0.9013671875,-1.6796875,-0.2493896484375,-1.5810546875,-1.927734375,-0.355224609375,-1.482421875,-1.1796875,-0.332275390625,-1.5048828125,-0.97509765625
R1128_137,C,137,0.693359375,-1.6201171875,0.439697265625,0.5419921875,-1.912109375,0.372314453125,0.74365234375,-1.625,0.44873046875,0.65478515625,-1.783203125,0.384765625,0.548828125,-1.529296875,0.88623046875
R1128_138,G,138,0.34375,-1.0341796875,-0.181640625,-0.31396484375,-1.0947265625,-0.495849609375,-0.466796875,-1.130859375,0.54150390625,0.3642578125,-0.6181640625,-0.61474609375,0.275390625,-0.72119140625,0.05718994140625
R1128_139,G,139,0.66845703125,-1.21484375,0.48291015625,0.452880859375,-1.0927734375,0.4169921875,0.3212890625,-0.8857421875,-0.1173095703125,0.16552734375,-0.771484375,0.7060546875,-0.012908935546875,-1.1103515625,0.62548828125
R1128_140,C,140,1.095703125,-1.123046875,1.7392578125,1.7705078125,-1.080078125,1.880859375,1.53515625,-1.263671875,2.380859375,1.6435546875,-0.8056640625,1.1572265625,1.4677734375,-1.703125,2.30859375
R1128_141,U,141,0.74462890625,-1.89453125,2.00390625,0.67138671875,-2.130859375,1.3564453125,0.6298828125,-1.751953125,2.056640625,0.6630859375,-1.74609375,1.625,0.441650390625,-2.453125,1.3818359375
R1128_142,C,142,1.9921875,-1.7119140625,1.8681640625,1.84375,-1.4375,1.30078125,1.67578125,-1.732421875,1.568359375,1.7734375,-1.24609375,1.763671875,1.5244140625,-1.6064453125,1.6396484375
R1128_143,A,143,1.015625,-2.216796875,0.9140625,0.221435546875,-1.8408203125,0.1861572265625,0.9287109375,-2.212890625,0.36767578125,0.74609375,-1.84765625,0.6630859375,0.98681640625,-2.39453125,0.8369140625
R1128_144,U,144,1.1953125,-2.8828125,2.177734375,0.50390625,-2.62890625,2.1953125,0.64453125,-2.30078125,1.6103515625,1.8466796875,-2.693359375,2.271484375,0.56298828125,-3.05078125,2.150390625
R1128_145,A,145,0.67333984375,-2.28125,0.998046875,0.280517578125,-2.673828125,0.78759765625,0.6005859375,-2.7578125,0.94384765625,0.74951171875,-2.365234375,0.34619140625,0.58349609375,-2.15625,0.1583251953125
R1128_146,G,146,0.327392578125,-1.6806640625,0.556640625,0.84619140625,-1.93359375,0.6953125,0.51416015625,-1.3076171875,1.126953125,0.306884765625,-1.734375,0.302001953125,0.60107421875,-1.3642578125,0.410400390625
R1128_147,U,147,-0.18212890625,-1.6337890625,1.544921875,0.1800537109375,-2.779296875,2.001953125,0.2880859375,-1.6064453125,1.474609375,0.393798828125,-1.978515625,2.01171875,0.209228515625,-2.17578125,1.2255859375
R1128_148,C,148,1.27734375,-1.2822265625,2.076171875,0.97265625,-1.279296875,1.3701171875,1.2939453125,-1.2001953125,1.4150390625,0.650390625,-1.287109375,1.27734375,0.70263671875,-0.80322265625,0.892578125
R1128_149,C,149,1.6337890625,-1.1474609375,1.46484375,1.4140625,-1.5380859375,1.75390625,1.236328125,-1.1962890625,2.05859375,1.1669921875,-1.5869140625,1.732421875,1.404296875,-1.3740234375,1.3798828125
R1128_150,G,150,0.66748046875,-1.2314453125,0.9814453125,0.498291015625,-1.27734375,0.79150390625,0.1175537109375,-1.3720703125,0.55517578125,0.82666015625,-1.4384765625,0.671875,0.1754150390625,-0.708984375,0.36181640625
R1128_151,G,151,0.9111328125,-1.341796875,1.37890625,0.85400390625,-2.2578125,1.064453125,0.9990234375,-1.322265625,1.12109375,1.05078125,-1.474609375,0.5146484375,0.482421875,-1.7685546875,0.697265625
R1128_152,C,152,2.57421875,-2.2890625,2.474609375,1.71875,-2.087890625,2.115234375,1.779296875,-1.89453125,2.314453125,2.3203125,-1.8818359375,2.21875,1.6123046875,-1.9599609375,2.08984375
R1128_153,U,153,1.046875,-2.796875,2.251953125,1.103515625,-2.5390625,2.896484375,0.498779296875,-2.755859375,2.220703125,0.91796875,-2.998046875,2.1796875,0.4951171875,-2.216796875,2.552734375
R1128_154,C,154,1.6552734375,-1.375,2.275390625,1.4541015625,-1.7275390625,2.07421875,0.978515625,-1.7958984375,1.966796875,1.447265625,-1.9580078125,2.640625,1.3408203125,-1.4970703125,2.43359375
R1128_155,A,155,1.8076171875,-2.71875,2.171875,1.0927734375,-1.8388671875,2.421875,0.9111328125,-3.318359375,1.54296875,1.2734375,-2.705078125,2.0859375,1.5009765625,-2.984375,2.48828125
R1128_156,A,156,1.3349609375,-2.267578125,0.85498046875,0.7802734375,-1.7080078125,1.310546875,0.85400390625,-2.087890625,0.861328125,0.87548828125,-1.8916015625,0.6318359375,1.142578125,-2.47265625,1.4677734375
R1128_157,A,157,1.3212890625,-1.984375,1.009765625,0.7978515625,-2.115234375,0.95947265625,0.97021484375,-1.7099609375,1.052734375,1.0498046875,-1.458984375,0.73388671875,1.4365234375,-2.236328125,1.693359375
R1128_158,G,158,1.6337890625,-1.1337890625,0.92529296875,1.6279296875,-1.302734375,1.6611328125,1.630859375,-0.82763671875,1.5400390625,2.064453125,-0.595703125,1.212890625,1.205078125,-0.9638671875,1.5302734375
R1128_159,G,159,1.3466796875,-0.48779296875,0.814453125,2.02734375,-0.39697265625,1.13671875,1.7509765625,-0.65625,0.64111328125,1.7421875,-0.93359375,0.9814453125,1.6455078125,-0.318603515625,0.83447265625
R1128_160,A,160,1.3486328125,-0.1744384765625,1.2197265625,0.88134765625,0.2418212890625,0.74072265625,0.642578125,-0.2548828125,0.37158203125,1.5419921875,-0.64892578125,1.2734375,0.86767578125,-0.64697265625,0.7548828125
R1128_161,C,161,1.98828125,-1.2294921875,1.05859375,1.6162109375,-1.0322265625,1.068359375,1.7255859375,-1.0263671875,0.9755859375,1.455078125,-1.1923828125,0.96728515625,1.923828125,-1.080078125,1.2890625
R1128_162,A,162,1.4443359375,-2.341796875,1.5537109375,1.1337890625,-1.390625,0.97900390625,0.43212890625,-2.015625,1.5703125,1.7373046875,-2.064453125,1.70703125,0.29931640625,-1.953125,2.00390625
R1128_163,U,163,1.4208984375,-3.40234375,2.55078125,1.5048828125,-2.37890625,3.328125,1.6513671875,-2.83984375,2.533203125,1.2939453125,-2.78515625,2.767578125,1.0625,-2.912109375,2.16796875
R1128_164,C,164,2.294921875,-3.095703125,2.390625,2.314453125,-2.873046875,2.08203125,2.078125,-2.18359375,1.4375,1.9755859375,-3.18359375,2.0390625,2.3671875,-3.201171875,1.693359375
R1128_165,A,165,1.017578125,-3.4765625,1.5048828125,1.177734375,-2.8125,0.98095703125,1.0390625,-2.41796875,0.896484375,1.154296875,-3.53125,1.078125,1.4638671875,-3.166015625,1.810546875
R1128_166,U,166,1.2373046875,-2.96484375,2.24609375,1.4169921875,-3.443359375,2.923828125,1.2578125,-3.2578125,3.201171875,0.912109375,-3.328125,1.890625,1.224609375,-3.259765625,2.0234375
R1128_167,G,167,1.1328125,-2.423828125,1.615234375,1.9072265625,-1.2431640625,2.19140625,1.0830078125,-2.025390625,2.28125,0.96142578125,-1.7841796875,2.05859375,1.349609375,-2.1171875,1.9052734375
R1128_168,G,168,1.724609375,-1.63671875,2.580078125,0.890625,-2.041015625,1.9609375,1.6748046875,-2.296875,1.8310546875,1.7490234375,-1.8203125,2.318359375,0.8984375,-2.2421875,2.779296875
R1128_169,C,169,2.8984375,-2.2578125,3.064453125,2.142578125,-2.330078125,2.361328125,1.91796875,-2.53125,2.78125,2.1171875,-2.541015625,2.39453125,3.0,-2.560546875,1.9541015625
R1128_170,C,170,2.5078125,-2.662109375,2.498046875,2.830078125,-2.599609375,2.841796875,2.578125,-3.142578125,2.443359375,2.078125,-2.037109375,1.9296875,2.673828125,-2.849609375,2.115234375
R1128_171,U,171,1.255859375,-3.28515625,2.943359375,1.8232421875,-3.57421875,3.22265625,1.400390625,-2.99609375,2.634765625,1.66796875,-2.90625,3.025390625,1.41796875,-2.962890625,2.6171875
R1128_172,G,172,1.2783203125,-1.9267578125,1.2822265625,1.3115234375,-1.43359375,0.6162109375,0.90966796875,-2.30078125,1.0390625,0.99853515625,-1.8857421875,1.123046875,1.1220703125,-2.359375,0.496826171875
R1128_173,U,173,0.94091796875,-1.810546875,1.576171875,1.044921875,-2.509765625,1.5078125,1.076171875,-2.32421875,1.2734375,1.1083984375,-2.603515625,1.9404296875,1.0126953125,-2.427734375,1.1953125
R1128_174,U,174,1.466796875,-3.021484375,1.3017578125,0.89111328125,-2.220703125,1.8916015625,1.294921875,-2.73828125,1.26171875,0.88671875,-2.34765625,0.95654296875,0.97314453125,-2.462890625,1.4404296875
R1128_175,C,175,1.8564453125,-1.919921875,1.328125,1.875,-1.783203125,1.048828125,1.9736328125,-2.171875,1.6005859375,2.021484375,-2.2421875,2.138671875,2.146484375,-2.103515625,1.40625
R1128_176,G,176,1.2705078125,-0.787109375,0.0300750732421875,1.359375,-1.7490234375,0.291015625,1.4111328125,-1.55078125,-0.1419677734375,0.80517578125,-1.5986328125,0.41650390625,0.99658203125,-2.2109375,0.29345703125
R1128_177,C,177,1.7373046875,-2.25390625,1.9287109375,2.291015625,-2.216796875,2.013671875,2.48828125,-1.9716796875,1.3310546875,2.412109375,-2.28125,1.5048828125,2.0078125,-2.044921875,1.3818359375
R1128_178,A,178,1.5078125,-2.330078125,0.1868896484375,1.1494140625,-2.00390625,0.15234375,0.97900390625,-1.2412109375,0.426513671875,0.90087890625,-1.5234375,-0.007022857666015625,1.1953125,-2.44921875,0.6044921875
R1128_179,G,179,0.775390625,-1.384765625,-0.1197509765625,0.6015625,-0.3515625,-0.3876953125,0.716796875,-0.55810546875,1.15234375,1.26171875,-0.59130859375,0.114013671875,0.654296875,-0.73974609375,-0.37255859375
R1128_180,G,180,0.80517578125,-0.283203125,-0.350341796875,1.3662109375,-0.494140625,-0.2406005859375,0.63134765625,-0.9072265625,0.0164642333984375,0.97216796875,-0.421630859375,-0.27783203125,1.2060546875,-0.7705078125,-0.328857421875
R1128_181,U,181,1.09375,-1.556640625,1.3310546875,0.828125,-1.068359375,0.078125,-0.051422119140625,-0.72216796875,0.031646728515625,0.74951171875,-1.9853515625,1.5302734375,0.62109375,-1.2568359375,0.47265625
R1128_182,U,182,0.95654296875,-1.5478515625,1.48828125,0.63818359375,-1.38671875,1.177734375,0.93115234375,-1.41796875,1.15625,1.1796875,-0.87841796875,1.2255859375,0.76806640625,-1.0,1.4228515625
R1128_183,G,183,1.263671875,-0.46484375,-0.255126953125,0.9208984375,-1.1962890625,-0.38232421875,1.1142578125,-0.311767578125,0.046600341796875,1.34375,-0.246826171875,-0.6142578125,1.333984375,-0.311767578125,-0.07818603515625
R1128_184,U,184,0.74072265625,-1.0078125,0.83935546875,0.66650390625,-1.1416015625,0.458251953125,0.7529296875,-1.599609375,0.9091796875,1.26171875,-0.9248046875,0.93896484375,1.2041015625,-0.78369140625,0.435791015625
R1128_185,G,185,2.212890625,-0.113525390625,0.205810546875,1.1240234375,-0.59765625,-0.1632080078125,1.1845703125,-0.3818359375,-0.2421875,1.53515625,-0.60595703125,0.2451171875,1.5712890625,-0.235595703125,-0.365478515625
R1128_186,A,186,1.2666015625,-1.708984375,-0.247314453125,0.6494140625,-0.56640625,-0.302978515625,1.3974609375,-1.7958984375,-0.035064697265625,1.986328125,-2.212890625,0.409912109375,0.69873046875,-1.7626953125,0.06634521484375
R1128_187,U,187,0.990234375,-1.62890625,1.1689453125,0.70556640625,-1.388671875,0.9306640625,0.55078125,-2.140625,1.205078125,1.369140625,-1.765625,1.111328125,1.1376953125,-2.158203125,1.58203125
R1128_188,U,188,0.95751953125,-0.966796875,0.50390625,1.130859375,-1.16796875,0.861328125,0.97216796875,-1.3828125,0.46826171875,1.138671875,-1.259765625,-0.1290283203125,1.2373046875,-1.49609375,1.0693359375
R1128_189,A,189,0.57373046875,-0.607421875,0.39306640625,0.52392578125,-1.20703125,0.66650390625,0.7353515625,-1.2138671875,0.50146484375,1.150390625,-1.44140625,0.59228515625,0.84912109375,-0.3720703125,0.298095703125
R1128_190,U,190,1.2021484375,-1.6689453125,0.466552734375,1.298828125,-1.31640625,0.55322265625,1.0283203125,-1.3720703125,1.0888671875,1.291015625,-1.2548828125,1.044921875,1.2392578125,-1.505859375,0.48193359375
R1128_191,G,191,1.501953125,-0.1689453125,0.9482421875,1.1787109375,-0.7587890625,0.46875,1.265625,-0.69580078125,0.1484375,1.0517578125,-0.51708984375,0.222412109375,1.0771484375,-0.360595703125,-0.04083251953125
R1128_192,A,192,-0.0921630859375,-0.77197265625,0.05487060546875,1.546875,-1.5888671875,0.63330078125,0.583984375,-1.58203125,0.47314453125,0.63720703125,-1.490234375,-0.08380126953125,-0.003398895263671875,-0.58056640625,0.74169921875
R1128_193,G,193,1.029296875,-1.0,-0.378662109375,1.3076171875,-0.9365234375,-0.0994873046875,1.0380859375,-1.0703125,-0.26318359375,1.5107421875,-1.0400390625,0.1607666015625,1.3623046875,-0.86279296875,0.434326171875
R1128_194,U,194,1.0927734375,-2.5546875,1.9970703125,0.7861328125,-3.69921875,1.1103515625,1.30078125,-2.111328125,1.2529296875,1.365234375,-2.20703125,1.099609375,1.3193359375,-3.001953125,1.8564453125
R1128_195,G,195,1.9755859375,-1.4443359375,0.42431640625,1.666015625,-1.6025390625,0.00978851318359375,1.341796875,-1.2822265625,-0.08526611328125,1.908203125,-1.103515625,-0.26025390625,1.30859375,-1.630859375,0.4111328125
R1128_196,A,196,1.0166015625,-2.30859375,-0.78076171875,1.58203125,-1.998046875,0.53173828125,0.87353515625,-1.9306640625,-0.0845947265625,1.9033203125,-2.021484375,0.94775390625,0.92626953125,-1.7177734375,0.6142578125
R1128_197,G,197,1.525390625,-1.615234375,-0.05902099609375,1.4677734375,-1.21875,0.90673828125,1.44921875,-1.4248046875,0.41796875,1.2119140625,-1.3212890625,0.023040771484375,1.91015625,-1.7392578125,0.60302734375
R1128_198,C,198,2.009765625,-1.818359375,2.322265625,1.583984375,-1.5087890625,1.59375,2.298828125,-2.134765625,2.46484375,1.9736328125,-1.9306640625,1.951171875,1.2744140625,-1.8173828125,1.5810546875
R1128_199,C,199,1.4794921875,-1.5322265625,1.5380859375,1.6279296875,-1.123046875,1.3408203125,1.673828125,-1.8828125,2.083984375,1.72265625,-1.5625,1.6083984375,1.9365234375,-1.7783203125,1.6240234375
R1128_200,G,200,0.9482421875,-1.767578125,0.02520751953125,1.40625,-1.53515625,0.66943359375,1.2294921875,-1.6728515625,0.3310546875,1.09765625,-2.595703125,0.47265625,1.0185546875,-0.9140625,-0.052215576171875
R1128_201,G,201,1.8671875,-1.673828125,0.60498046875,1.634765625,-2.298828125,0.93310546875,1.2900390625,-1.7333984375,0.70166015625,1.7705078125,-1.490234375,0.55126953125,1.23828125,-1.357421875,0.2408447265625
R1128_202,G,202,1.3720703125,-1.453125,0.33740234375,1.6123046875,-1.57421875,0.61962890625,1.8818359375,-2.087890625,0.75830078125,1.6533203125,-2.171875,0.84521484375,1.462890625,-2.06640625,0.58251953125
R1128_203,U,203,0.98974609375,-2.919921875,1.013671875,0.79833984375,-2.8359375,1.8349609375,0.95263671875,-3.728515625,2.166015625,0.93994140625,-2.96484375,1.576171875,1.048828125,-2.88671875,1.7392578125
R1128_204,A,204,-0.285400390625,-1.234375,0.00449371337890625,0.2275390625,-1.8408203125,0.8095703125,-0.06817626953125,-1.4765625,0.25439453125,-0.5419921875,-1.17578125,0.415283203125,-0.255615234375,-1.7177734375,0.419677734375
R1128_205,A,205,0.11962890625,-1.7822265625,1.24609375,-0.41064453125,-1.2822265625,0.41650390625,0.30615234375,-1.6279296875,0.6806640625,0.59228515625,-2.298828125,1.0830078125,0.27099609375,-1.6845703125,1.59765625
R1128_206,G,206,0.218017578125,-0.6435546875,0.1942138671875,0.284423828125,-1.0634765625,0.9443359375,0.396484375,-0.487548828125,0.7353515625,0.2978515625,-1.2724609375,1.1630859375,0.1829833984375,-1.38671875,1.1650390625
R1128_207,G,207,0.8505859375,-1.3486328125,0.7763671875,0.76025390625,-0.9501953125,1.17578125,1.037109375,-1.3076171875,1.318359375,0.96484375,-0.978515625,1.134765625,0.921875,-0.446533203125,0.81298828125
R1128_208,C,208,2.474609375,-1.541015625,2.5703125,2.328125,-1.876953125,1.9609375,2.09375,-1.6826171875,1.845703125,2.3046875,-1.7841796875,2.07421875,1.962890625,-1.041015625,1.978515625
R1128_209,A,209,1.244140625,-1.91796875,0.68505859375,0.64404296875,-2.232421875,0.62744140625,0.5361328125,-2.029296875,0.362060546875,0.802734375,-2.1953125,0.1248779296875,0.42138671875,-1.2529296875,0.033905029296875
R1128_210,U,210,0.5322265625,-2.11328125,1.572265625,0.50732421875,-2.130859375,1.728515625,0.59228515625,-2.095703125,1.4052734375,1.0908203125,-2.81640625,2.23046875,0.6123046875,-1.919921875,1.046875
R1128_211,A,211,-0.067138671875,-2.392578125,0.358154296875,-0.290771484375,-1.9150390625,0.9072265625,-0.56201171875,-2.046875,0.35009765625,0.111328125,-2.2109375,0.5830078125,0.01427459716796875,-1.8056640625,0.490234375
R1128_212,C,212,1.75,-1.318359375,1.2822265625,0.984375,-1.0185546875,0.419189453125,1.333984375,-1.255859375,1.2900390625,0.68798828125,-1.056640625,1.1533203125,1.0166015625,-1.4912109375,1.0966796875
R1128_213,C,213,1.544921875,-1.4423828125,1.2783203125,1.759765625,-0.8603515625,1.1298828125,1.5634765625,-1.2744140625,1.3583984375,1.32421875,-1.17578125,1.02734375,1.44921875,-1.443359375,0.85791015625
R1128_214,G,214,0.287841796875,-1.0927734375,-0.059417724609375,0.365478515625,-1.328125,0.074951171875,0.8427734375,-0.76123046875,-0.1497802734375,0.5126953125,-1.3505859375,0.0653076171875,0.324462890625,-0.94921875,0.509765625
R1128_215,U,215,1.57421875,-2.099609375,0.397705078125,1.291015625,-1.2578125,0.68896484375,1.1748046875,-1.8466796875,0.59619140625,1.0615234375,-2.099609375,-0.01024627685546875,0.80712890625,-1.7353515625,0.92236328125
R1128_216,U,216,1.7626953125,-1.8271484375,0.94091796875,1.3623046875,-1.875,1.4638671875,1.458984375,-2.203125,0.5634765625,1.4443359375,-2.3203125,0.69287109375,2.197265625,-2.53515625,1.5771484375
R1128_217,C,217,2.716796875,-1.5537109375,1.7333984375,2.19921875,-1.3037109375,1.3857421875,2.521484375,-0.91748046875,0.951171875,2.0390625,-1.1748046875,1.154296875,2.587890625,-0.6005859375,1.3583984375
R1128_218,G,218,0.95654296875,-0.84375,0.47216796875,1.2236328125,-0.95703125,0.390380859375,1.6845703125,-0.85888671875,1.384765625,1.220703125,0.2841796875,0.5888671875,1.1435546875,-0.5302734375,0.7412109375
R1128_219,C,219,2.638671875,-1.966796875,1.86328125,2.458984375,-1.7041015625,1.533203125,2.388671875,-2.0,2.134765625,2.43359375,-1.8125,2.01171875,1.73828125,-1.87890625,1.4892578125
R1128_220,G,220,1.228515625,-0.80712890625,0.85888671875,1.3427734375,-1.0869140625,0.89013671875,0.89892578125,-0.97216796875,0.9501953125,0.7451171875,-1.029296875,1.822265625,0.76611328125,-0.449462890625,0.78125
R1128_221,G,221,0.8232421875,-1.1044921875,0.986328125,0.435791015625,-1.47265625,0.74755859375,1.1123046875,-1.4326171875,1.2802734375,0.74658203125,-1.0263671875,0.76806640625,0.98681640625,-1.484375,0.478759765625
R1128_222,U,222,0.476318359375,-3.197265625,2.583984375,0.3310546875,-3.51171875,1.9609375,0.0755615234375,-2.779296875,1.783203125,0.177001953125,-3.0625,1.326171875,0.74609375,-2.556640625,1.5791015625
R1128_223,A,223,0.026397705078125,-2.19140625,0.055908203125,0.483642578125,-2.42578125,0.31640625,-0.12066650390625,-2.0859375,-0.7431640625,-0.198974609375,-1.8486328125,-0.1761474609375,0.2442626953125,-2.3828125,-0.10302734375
R1128_224,U,224,0.277099609375,-2.2421875,1.0078125,0.401611328125,-2.767578125,0.982421875,1.052734375,-2.763671875,1.1181640625,0.359130859375,-2.52734375,1.6201171875,0.389892578125,-2.623046875,0.75390625
R1128_225,G,225,1.0625,-0.83984375,-0.048797607421875,0.96044921875,-0.814453125,0.297607421875,0.630859375,-1.2119140625,0.31787109375,1.0712890625,-1.0009765625,0.286865234375,0.83984375,-1.326171875,0.0023097991943359375
R1128_226,U,226,1.4921875,-1.859375,1.1748046875,1.3837890625,-2.29296875,1.685546875,1.2138671875,-2.44921875,1.5146484375,1.3642578125,-1.97265625,1.1376953125,1.220703125,-2.201171875,1.390625
R1128_227,C,227,2.458984375,-1.8408203125,1.3369140625,2.76953125,-1.396484375,1.9716796875,2.5546875,-1.5009765625,1.259765625,3.009765625,-1.34765625,1.6611328125,2.48828125,-1.244140625,1.044921875
R1128_228,U,228,1.9228515625,-2.345703125,2.05859375,1.3564453125,-2.087890625,2.068359375,1.2099609375,-1.880859375,2.37109375,1.177734375,-1.37890625,1.5205078125,1.7822265625,-1.955078125,2.53125
R1128_229,U,229,1.4853515625,-2.505859375,2.03515625,1.853515625,-2.2265625,1.81640625,1.525390625,-2.36328125,0.85595703125,1.478515625,-2.4296875,1.5703125,1.86328125,-3.05078125,1.6669921875
R1128_230,A,230,0.93994140625,-2.064453125,0.96923828125,1.1513671875,-2.302734375,0.403564453125,0.51806640625,-1.806640625,0.7158203125,1.197265625,-2.5078125,0.452392578125,1.1259765625,-2.03515625,0.97900390625
R1128_231,C,231,2.671875,-1.42578125,2.052734375,2.939453125,-1.921875,2.2109375,2.65234375,-1.943359375,2.048828125,3.029296875,-1.9921875,1.9853515625,2.544921875,-1.5439453125,2.291015625
R1128_232,G,232,1.681640625,-1.0859375,1.025390625,1.7431640625,-1.35546875,1.0478515625,2.333984375,-1.2607421875,0.80517578125,1.8984375,-1.365234375,1.09375,1.693359375,-1.15234375,1.1533203125
R1128_233,A,233,0.796875,-2.4375,0.9091796875,0.771484375,-1.91015625,0.447265625,0.81787109375,-2.45703125,0.60693359375,0.96337890625,-1.8935546875,0.923828125,1.134765625,-2.43359375,0.6044921875
R1128_234,U,234,1.7431640625,-2.59765625,2.375,1.6865234375,-2.650390625,1.7060546875,1.53515625,-1.962890625,2.201171875,2.037109375,-1.9140625,1.458984375,1.2236328125,-2.013671875,0.87255859375
R1128_235,C,235,2.607421875,-1.8994140625,1.6455078125,2.14453125,-1.8984375,1.8466796875,2.388671875,-1.5888671875,1.4365234375,2.109375,-1.361328125,1.439453125,2.451171875,-1.17578125,1.431640625
R1128_236,C,236,2.5234375,-1.7255859375,1.580078125,1.64453125,-1.4921875,1.0888671875,2.4296875,-1.49609375,1.41796875,1.84765625,-1.71484375,0.94384765625,1.830078125,-1.1484375,1.421875
R1128_237,G,237,0.87353515625,-0.78173828125,0.68212890625,1.427734375,-1.31640625,0.419677734375,1.6259765625,-0.59375,0.26513671875,0.994140625,-0.7626953125,0.3837890625,1.25390625,-0.78662109375,0.294921875
R1128_238,C,238,3.193359375,-2.18359375,1.5927734375,2.419921875,-1.7392578125,0.7958984375,2.55859375,-1.7587890625,0.71630859375,2.455078125,-1.4853515625,0.7578125,2.705078125,-1.4521484375,1.5205078125
R1136_1,G,1,1.4833984375,-1.46875,0.326171875,1.171875,-0.9140625,0.365234375,1.5654296875,-1.033203125,0.38818359375,1.3232421875,-1.44140625,0.58056640625,1.3046875,-1.9521484375,-0.1661376953125
R1136_2,G,2,1.81640625,-1.1611328125,-0.09625244140625,0.6669921875,-1.708984375,1.490234375,1.81640625,-1.5556640625,0.73388671875,1.5,-1.6806640625,0.908203125,1.375,-1.7236328125,0.5888671875
R1136_3,A,3,1.2060546875,-2.166015625,0.4912109375,1.138671875,-1.701171875,1.6748046875,1.259765625,-1.70703125,1.0888671875,1.560546875,-1.2783203125,0.70849609375,0.96728515625,-1.33984375,1.169921875
R1136_4,U,4,0.57861328125,-2.462890625,1.5263671875,0.9697265625,-2.94921875,1.669921875,1.1474609375,-2.966796875,1.708984375,0.69921875,-3.1953125,1.478515625,0.625,-2.576171875,1.4140625
R1136_5,A,5,1.6689453125,-2.47265625,0.1064453125,1.380859375,-2.58984375,1.2197265625,1.44921875,-2.412109375,1.0771484375,1.4072265625,-2.357421875,0.794921875,1.314453125,-2.66015625,1.3408203125
R1136_6,C,6,2.62109375,-1.9052734375,1.9755859375,2.40625,-2.26953125,2.185546875,2.67578125,-2.125,1.7568359375,2.5390625,-2.578125,2.04296875,2.1640625,-2.24609375,2.3125
R1136_7,G,7,2.373046875,-2.443359375,0.430908203125,2.080078125,-2.375,0.435546875,2.373046875,-2.361328125,0.37060546875,1.5615234375,-2.515625,1.2890625,2.50390625,-2.37890625,0.53857421875
R1136_8,U,8,1.8125,-3.064453125,1.5888671875,1.14453125,-2.92578125,1.5693359375,1.4091796875,-2.890625,1.8095703125,1.765625,-3.75390625,1.4599609375,1.7041015625,-2.443359375,2.294921875
R1136_9,C,9,2.29296875,-2.212890625,1.8447265625,1.5595703125,-2.466796875,2.056640625,2.32421875,-3.041015625,2.205078125,2.701171875,-2.560546875,1.7734375,2.173828125,-3.0390625,1.583984375
R1136_10,U,10,0.432861328125,-3.853515625,1.9794921875,0.485107421875,-3.783203125,1.7294921875,0.7939453125,-3.6171875,1.7490234375,0.2607421875,-3.94140625,2.037109375,0.54736328125,-3.318359375,1.9111328125
R1136_11,A,11,0.716796875,-3.47265625,0.62939453125,1.62890625,-3.99609375,0.250732421875,1.53515625,-3.50390625,-0.182373046875,1.9912109375,-4.63671875,0.54736328125,1.466796875,-4.13671875,0.59423828125
R1136_12,C,12,2.08203125,-2.763671875,1.5166015625,2.00390625,-2.73046875,0.88330078125,2.19140625,-3.4609375,1.5595703125,2.24609375,-2.806640625,1.21484375,1.9794921875,-2.65625,1.1845703125
R1136_13,G,13,1.49609375,-2.66796875,0.78125,2.296875,-3.146484375,0.1446533203125,1.7548828125,-2.783203125,0.2421875,2.1015625,-3.58984375,0.07781982421875,1.8251953125,-3.44140625,-0.022857666015625
R1136_14,C,14,2.330078125,-3.341796875,0.72607421875,2.1484375,-2.837890625,0.962890625,3.216796875,-2.94921875,1.248046875,2.25,-2.76171875,1.392578125,2.388671875,-2.935546875,1.0849609375
R1136_15,U,15,0.90771484375,-3.544921875,0.92626953125,1.0419921875,-3.2734375,0.53662109375,1.3603515625,-3.439453125,0.40771484375,1.228515625,-3.56640625,1.3916015625,1.1953125,-3.65625,0.810546875
R1136_16,C,16,2.29296875,-3.146484375,1.8583984375,2.771484375,-2.701171875,1.2353515625,2.486328125,-2.513671875,1.0341796875,1.8935546875,-2.4765625,1.0615234375,2.037109375,-2.564453125,1.5859375
R1136_17,A,17,1.2177734375,-3.5078125,-0.1170654296875,0.85107421875,-2.921875,-0.630859375,0.80322265625,-3.02734375,0.15625,1.095703125,-2.908203125,0.287353515625,0.47705078125,-2.5078125,0.236572265625
R1136_18,G,18,2.384765625,-3.2421875,-1.0537109375,2.056640625,-2.8828125,-0.03802490234375,3.142578125,-3.06640625,-0.75927734375,2.259765625,-2.412109375,-0.83935546875,1.873046875,-2.92578125,-0.77197265625
R1136_19,U,19,1.94140625,-3.24609375,0.99560546875,1.7822265625,-2.732421875,0.69775390625,1.9208984375,-3.5546875,0.8447265625,1.822265625,-3.693359375,0.7900390625,2.015625,-4.28515625,1.2783203125
R1136_20,G,20,2.662109375,-2.853515625,-1.2578125,2.517578125,-2.634765625,-0.7900390625,2.658203125,-2.712890625,-0.89697265625,2.638671875,-2.3046875,-0.93896484375,2.08984375,-2.42578125,-0.998046875
R1136_21,A,21,1.609375,-2.740234375,-0.52880859375,0.9736328125,-2.791015625,-0.72314453125,1.1748046875,-2.822265625,-1.103515625,2.212890625,-2.251953125,-0.87939453125,1.5830078125,-3.2578125,-0.8330078125
R1136_22,C,22,2.85546875,-2.49609375,1.4375,2.10546875,-2.08203125,2.1796875,2.326171875,-2.48046875,1.4970703125,2.05859375,-3.03125,1.39453125,2.591796875,-2.412109375,1.375
R1136_23,G,23,1.845703125,-1.6455078125,0.432861328125,1.69921875,-1.7333984375,0.408203125,1.626953125,-1.6396484375,0.286865234375,2.041015625,-1.7939453125,0.399658203125,1.6357421875,-1.7177734375,-0.1634521484375
R1136_24,G,24,1.5390625,-1.6474609375,0.126953125,1.87109375,-1.5087890625,0.48876953125,1.9443359375,-1.38671875,-0.302734375,1.89453125,-2.251953125,0.469970703125,2.0546875,-1.8525390625,0.213134765625
R1136_25,A,25,1.5341796875,-2.21484375,-0.16064453125,2.26953125,-1.6748046875,0.89111328125,1.7021484375,-2.044921875,0.78271484375,1.455078125,-2.283203125,0.276611328125,1.4658203125,-2.533203125,0.8955078125
R1136_26,C,26,2.4609375,-1.880859375,1.74609375,2.35546875,-1.984375,2.080078125,2.9921875,-1.8369140625,1.7119140625,2.52734375,-2.533203125,1.591796875,2.228515625,-2.052734375,2.029296875
R1136_27,U,27,1.380859375,-3.474609375,0.7890625,0.60791015625,-2.501953125,0.47705078125,1.1689453125,-2.779296875,1.103515625,1.49609375,-2.73828125,1.2998046875,1.4677734375,-3.384765625,0.65478515625
R1136_28,C,28,1.490234375,-2.30859375,1.103515625,1.7958984375,-2.076171875,1.5283203125,1.748046875,-2.28515625,1.2080078125,1.416015625,-1.50390625,0.7529296875,1.1865234375,-1.93359375,1.205078125
R1136_29,U,29,0.623046875,-3.16796875,0.71240234375,0.76904296875,-2.87109375,0.91552734375,0.07293701171875,-3.060546875,0.79248046875,0.88818359375,-3.767578125,-0.06988525390625,0.947265625,-3.322265625,0.79638671875
R1136_30,C,30,1.4189453125,-2.525390625,1.32421875,1.16796875,-1.9208984375,1.13671875,1.419921875,-1.9462890625,0.978515625,1.302734375,-1.2783203125,1.2216796875,1.5634765625,-2.1953125,1.3623046875
R1136_31,U,31,1.0859375,-2.646484375,0.43603515625,0.36669921875,-2.62890625,-0.003612518310546875,0.71044921875,-2.80859375,0.0804443359375,0.63623046875,-2.271484375,-0.01378631591796875,0.7783203125,-2.650390625,0.345703125
R1136_32,U,32,0.6044921875,-2.640625,0.337646484375,1.361328125,-2.703125,0.184814453125,1.42578125,-2.998046875,0.560546875,1.330078125,-3.0078125,-0.0850830078125,1.20703125,-3.521484375,0.0352783203125
R1136_33,C,33,2.634765625,-1.7880859375,0.71630859375,2.35546875,-1.443359375,0.00827789306640625,2.19140625,-2.296875,0.373779296875,2.001953125,-1.8701171875,0.345458984375,1.7373046875,-1.5234375,0.28125
R1136_34,G,34,1.7119140625,-1.595703125,-0.693359375,1.033203125,-0.93017578125,-0.9150390625,0.90380859375,-1.6005859375,-0.83544921875,1.0107421875,-0.63427734375,-0.734375,0.80029296875,-0.86328125,-1.1318359375
R1136_35,G,35,1.0029296875,-1.7216796875,0.15673828125,1.1328125,-1.4072265625,0.1483154296875,0.890625,-1.794921875,0.205810546875,0.9326171875,-1.5771484375,0.154541015625,0.548828125,-1.7998046875,0.23193359375
R1136_36,A,36,-0.371826171875,-1.0654296875,0.04217529296875,0.427734375,-1.3779296875,0.428955078125,0.51025390625,-1.9541015625,0.9306640625,0.70849609375,-1.5537109375,1.212890625,0.1793212890625,-0.73486328125,0.21630859375
R1136_37,G,37,1.0556640625,-0.59423828125,0.400390625,1.4072265625,-1.0,0.70751953125,1.6513671875,-0.8935546875,0.642578125,1.640625,-0.72509765625,1.0322265625,1.3623046875,-1.22265625,1.4697265625
R1136_38,A,38,1.0234375,-0.75927734375,1.1142578125,1.0546875,-1.306640625,1.2626953125,1.3359375,-1.421875,1.642578125,0.82861328125,-0.88427734375,0.98779296875,0.31494140625,-0.5498046875,0.865234375
R1136_39,G,39,1.6103515625,-1.244140625,0.88427734375,1.29296875,-0.5166015625,1.1669921875,1.181640625,-1.14453125,0.09130859375,1.1162109375,-1.296875,0.153076171875,1.1806640625,-0.93505859375,0.04541015625
R1136_40,U,40,0.7880859375,-2.529296875,0.4697265625,0.56298828125,-2.0859375,0.318603515625,0.51171875,-2.607421875,0.73046875,0.86572265625,-2.255859375,0.55322265625,0.65380859375,-1.6494140625,0.45068359375
R1136_41,C,41,1.9853515625,-1.4521484375,0.517578125,1.5185546875,-1.494140625,1.2763671875,1.755859375,-0.74853515625,0.685546875,1.9716796875,-1.2900390625,0.5810546875,1.625,-1.162109375,0.9072265625
R1136_42,U,42,0.8564453125,-3.337890625,1.599609375,0.83544921875,-2.564453125,0.478271484375,0.70556640625,-3.115234375,1.107421875,0.8583984375,-2.4453125,0.04815673828125,0.923828125,-2.74609375,0.1727294921875
R1136_43,G,43,1.1044921875,-0.662109375,-0.65380859375,0.83349609375,-1.265625,-0.73095703125,1.19921875,-1.1337890625,-0.355712890625,0.7412109375,-0.8720703125,-0.31689453125,1.6318359375,-0.89501953125,-0.301513671875
R1136_44,A,44,0.467529296875,-0.385009765625,-1.3251953125,0.3486328125,-0.85400390625,-0.9482421875,0.11383056640625,-0.314208984375,-1.1376953125,-0.05694580078125,-0.78271484375,-1.396484375,0.4638671875,-0.8603515625,-0.80029296875
R1136_45,C,45,1.4873046875,-0.41943359375,-0.06964111328125,1.00390625,-0.87060546875,-0.424560546875,1.2724609375,-0.91015625,0.2274169921875,1.4638671875,-1.0185546875,-0.41162109375,0.64404296875,-0.95751953125,0.218994140625
R1136_46,A,46,-0.1817626953125,-0.51611328125,-0.72021484375,-0.34814453125,-0.073486328125,-1.4755859375,-0.5615234375,-0.74658203125,-1.580078125,0.22412109375,-0.40869140625,-1.076171875,-0.231201171875,-0.6767578125,-1.396484375
R1136_47,U,47,0.7177734375,-2.2265625,0.59521484375,0.96630859375,-1.6865234375,0.38232421875,0.63232421875,-1.677734375,-0.376953125,1.2578125,-2.033203125,0.266845703125,0.348388671875,-2.0625,0.2919921875
R1136_48,C,48,1.419921875,-1.810546875,-0.034576416015625,1.5,-1.951171875,0.142333984375,1.3916015625,-1.0986328125,-0.133544921875,1.4375,-1.583984375,0.1256103515625,1.62890625,-1.484375,0.2626953125
R1136_49,C,49,1.87890625,-2.099609375,0.0016870498657226562,1.373046875,-1.2646484375,0.353271484375,1.861328125,-1.470703125,0.58740234375,0.955078125,-1.9013671875,0.68408203125,1.3154296875,-1.6435546875,0.8037109375
R1136_50,G,50,1.1943359375,-1.947265625,0.73095703125,1.103515625,-2.099609375,-0.486083984375,0.77294921875,-1.4775390625,0.127197265625,1.0908203125,-1.5361328125,-0.0285491943359375,1.197265625,-1.4189453125,-0.358642578125
R1136_51,A,51,0.205810546875,-2.251953125,0.70751953125,0.2158203125,-1.5771484375,0.352294921875,0.7392578125,-1.822265625,-0.246826171875,0.160888671875,-1.91796875,-0.1380615234375,0.261474609375,-1.9794921875,0.4931640625
R1136_52,A,52,0.455322265625,-1.1806640625,-0.038482666015625,0.480712890625,-1.138671875,0.54736328125,-0.05230712890625,-1.1982421875,0.057861328125,0.27001953125,-1.8173828125,-0.1795654296875,0.238525390625,-1.708984375,0.352294921875
R1136_53,C,53,2.26953125,-2.060546875,1.6845703125,2.419921875,-1.671875,1.9443359375,2.427734375,-1.3828125,1.0556640625,2.45703125,-0.98046875,1.568359375,1.8974609375,-1.1337890625,1.5224609375
R1136_54,C,54,1.6484375,-1.7158203125,1.1591796875,2.212890625,-1.8408203125,1.4677734375,1.8779296875,-1.61328125,0.89453125,1.654296875,-1.4365234375,0.92724609375,1.6201171875,-1.3271484375,1.2421875
R1136_55,A,55,0.117431640625,-1.7197265625,0.0599365234375,0.0850830078125,-2.177734375,0.046234130859375,-0.003215789794921875,-2.326171875,-0.2359619140625,-0.0184478759765625,-2.2421875,-0.310302734375,0.3720703125,-2.45703125,0.01490020751953125
R1136_56,U,56,1.4697265625,-2.775390625,1.8603515625,0.57470703125,-2.892578125,0.84619140625,0.70947265625,-2.875,1.1064453125,1.57421875,-3.267578125,1.349609375,1.140625,-3.361328125,0.869140625
R1136_57,A,57,-0.11529541015625,-2.53515625,0.15185546875,-0.2091064453125,-1.6845703125,-0.053131103515625,-0.1649169921875,-2.337890625,-0.33056640625,0.27099609375,-2.220703125,0.232177734375,-0.08197021484375,-2.005859375,-0.7978515625
R1136_58,C,58,1.763671875,-1.875,1.2158203125,1.671875,-1.3720703125,1.08984375,1.1865234375,-1.9580078125,1.482421875,1.7705078125,-1.126953125,1.603515625,1.6689453125,-1.982421875,1.43359375
R1136_59,A,59,0.24658203125,-1.7919921875,0.383056640625,-0.626953125,-1.5712890625,-0.1016845703125,-0.2705078125,-1.224609375,-1.2978515625,0.00891876220703125,-1.5029296875,-0.2113037109375,-0.306396484375,-1.5126953125,0.12017822265625
R1136_60,C,60,0.6884765625,-1.71875,1.1533203125,0.334716796875,-2.0078125,1.5380859375,0.70703125,-2.083984375,1.9072265625,1.1328125,-1.900390625,2.61328125,0.84423828125,-1.4521484375,1.904296875
R1136_61,G,61,0.050262451171875,-1.634765625,-0.1436767578125,0.085205078125,-1.87890625,-0.61865234375,0.3310546875,-1.583984375,-0.9970703125,0.161865234375,-1.7314453125,-0.873046875,0.26025390625,-1.80078125,-0.7333984375
R1136_62,G,62,0.83203125,-2.09375,-0.047119140625,0.3056640625,-2.2421875,-0.08953857421875,0.430908203125,-1.470703125,-0.4638671875,0.740234375,-2.408203125,-0.2208251953125,0.3095703125,-2.060546875,-0.3388671875
R1136_63,A,63,0.455322265625,-3.00390625,0.438232421875,0.2156982421875,-2.5,0.1754150390625,-0.0943603515625,-2.029296875,-0.122314453125,0.51171875,-2.443359375,0.82861328125,0.1705322265625,-2.078125,-0.050079345703125
R1136_64,U,64,0.497314453125,-3.36328125,1.8974609375,0.8154296875,-3.568359375,1.4375,1.3974609375,-2.919921875,1.3330078125,1.1416015625,-3.44140625,1.7705078125,0.8798828125,-3.154296875,1.400390625
R1136_65,G,65,1.0830078125,-1.4404296875,0.2113037109375,0.7958984375,-1.3056640625,0.3271484375,0.82666015625,-2.353515625,0.77392578125,0.9619140625,-1.80859375,0.497314453125,1.119140625,-1.7626953125,0.51611328125
R1136_66,U,66,0.81982421875,-2.71484375,1.9375,0.3447265625,-2.65625,1.3466796875,0.75634765625,-2.642578125,1.3662109375,0.283935546875,-2.666015625,1.3994140625,0.150634765625,-2.73828125,1.0419921875
R1136_67,G,67,0.3828125,-1.572265625,0.8505859375,0.3984375,-1.4462890625,0.44140625,0.46435546875,-1.3505859375,0.79541015625,0.53173828125,-1.3349609375,0.5478515625,0.007640838623046875,-1.380859375,0.4716796875
R1136_68,C,68,1.0986328125,-1.8837890625,0.689453125,1.255859375,-2.357421875,1.3779296875,1.4345703125,-2.080078125,1.7158203125,0.9521484375,-1.8447265625,0.359375,1.701171875,-1.49609375,0.8232421875
R1136_69,C,69,1.232421875,-2.0078125,1.337890625,0.810546875,-2.166015625,0.60546875,1.0869140625,-2.509765625,1.0205078125,1.14453125,-2.435546875,1.0888671875,1.2236328125,-2.4609375,0.771484375
R1136_70,U,70,0.84130859375,-2.6953125,0.9033203125,0.0986328125,-2.642578125,0.64892578125,0.65283203125,-2.646484375,0.6513671875,1.091796875,-2.21875,1.0869140625,0.0919189453125,-1.9736328125,0.416015625
R1136_71,C,71,0.71875,-1.4375,0.75732421875,1.1162109375,-1.595703125,1.107421875,1.2880859375,-1.6962890625,1.1962890625,0.7236328125,-1.5126953125,1.0244140625,0.86865234375,-1.7666015625,1.41015625
R1136_72,G,72,1.017578125,-0.70458984375,-0.869140625,0.736328125,-1.0205078125,-0.4189453125,0.7802734375,-0.85400390625,-0.76513671875,1.171875,-1.236328125,-0.1614990234375,0.767578125,-1.2998046875,-0.11383056640625
R1136_73,C,73,0.9931640625,-0.51123046875,1.1357421875,0.95849609375,-0.7392578125,0.8916015625,0.814453125,-0.54931640625,0.9560546875,0.984375,-0.9912109375,1.376953125,0.69921875,-0.34130859375,0.97021484375
R1136_74,C,74,0.94970703125,-0.70458984375,0.83447265625,1.3916015625,-0.87060546875,1.328125,0.94482421875,-1.2744140625,1.5458984375,0.89453125,-0.7744140625,1.265625,1.2431640625,-0.69677734375,0.98193359375
R1136_75,G,75,1.12109375,-1.15234375,0.63525390625,1.205078125,-1.5576171875,0.3642578125,0.82421875,-0.91943359375,0.42236328125,1.3818359375,-1.3759765625,0.2481689453125,1.1787109375,-1.142578125,0.9853515625
R1136_76,A,76,-0.45751953125,-1.59375,-1.044921875,0.71630859375,-1.56640625,-0.02117919921875,0.73291015625,-1.05859375,-0.77392578125,0.73876953125,-1.455078125,0.0810546875,0.38232421875,-1.2138671875,-0.91552734375
R1136_77,A,77,0.615234375,-1.6123046875,-1.103515625,0.034820556640625,-1.5927734375,-0.93994140625,0.221923828125,-2.166015625,-1.0869140625,0.280029296875,-0.97509765625,-0.466796875,0.017364501953125,-1.06640625,-0.7841796875
R1136_78,C,78,1.2412109375,-1.1826171875,0.1832275390625,1.861328125,-1.9228515625,-0.08062744140625,0.96240234375,-1.0986328125,-0.03277587890625,1.7021484375,-1.8876953125,0.9853515625,2.09375,-1.294921875,0.250244140625
R1136_79,A,79,0.52685546875,-0.66943359375,-0.72705078125,0.6533203125,-0.8359375,-0.487060546875,0.53125,-0.3857421875,-0.3916015625,0.5205078125,-1.3974609375,-0.6650390625,1.525390625,-1.646484375,-0.257080078125
R1136_80,G,80,1.19140625,-0.73828125,-1.1533203125,1.04296875,-0.619140625,-0.8583984375,1.1748046875,-0.65673828125,-0.5869140625,1.1787109375,-0.82763671875,-0.81103515625,0.82763671875,-1.345703125,-1.201171875
R1136_81,U,81,1.826171875,-1.9111328125,0.7578125,1.951171875,-2.2734375,1.1787109375,1.6376953125,-1.962890625,0.97802734375,1.86328125,-2.0625,0.9306640625,2.123046875,-2.693359375,0.9248046875
R1136_82,C,82,2.189453125,-1.15625,1.1259765625,2.01953125,-1.0537109375,1.0087890625,2.716796875,-1.2216796875,0.982421875,2.904296875,-1.791015625,1.1640625,2.1796875,-1.466796875,1.111328125
R1136_83,U,83,2.041015625,-2.2109375,0.061279296875,2.248046875,-2.837890625,1.1259765625,1.90625,-2.00390625,1.1669921875,1.626953125,-2.4765625,0.7490234375,1.9755859375,-2.197265625,0.38134765625
R1136_84,A,84,0.6376953125,-1.462890625,-0.53369140625,0.465576171875,-0.951171875,0.272705078125,1.025390625,-1.9248046875,-0.251220703125,0.384765625,-0.98486328125,0.13232421875,0.7119140625,-1.9921875,-0.291015625
R1136_85,C,85,2.16796875,-2.248046875,1.708984375,1.701171875,-2.65234375,1.7158203125,1.8544921875,-2.021484375,2.2421875,2.119140625,-1.841796875,1.267578125,1.6982421875,-1.822265625,1.298828125
R1136_86,G,86,1.484375,-1.8681640625,0.8212890625,1.6904296875,-1.7177734375,0.7333984375,1.3818359375,-1.9775390625,0.6328125,1.3369140625,-1.83203125,0.63818359375,1.412109375,-0.9267578125,0.123779296875
R1136_87,G,87,1.3359375,-1.271484375,0.33642578125,1.283203125,-2.025390625,0.74658203125,1.248046875,-2.98046875,0.8212890625,1.2861328125,-2.07421875,0.144775390625,1.4013671875,-1.4970703125,0.497314453125
R1136_88,C,88,1.7333984375,-1.830078125,1.791015625,1.3359375,-1.7109375,1.576171875,1.3525390625,-2.00390625,1.828125,2.087890625,-1.400390625,1.52734375,1.6767578125,-1.9892578125,1.9814453125
R1136_89,G,89,1.43359375,-2.0625,0.90380859375,1.142578125,-1.5166015625,0.417236328125,1.2578125,-1.7021484375,0.84423828125,0.9892578125,-2.18359375,0.89208984375,0.88818359375,-1.6884765625,1.7021484375
R1136_90,A,90,0.92236328125,-2.2578125,1.236328125,0.56201171875,-1.8994140625,0.53369140625,1.2265625,-2.150390625,1.7392578125,0.5615234375,-2.34375,2.060546875,0.6806640625,-2.431640625,1.7939453125
R1136_91,G,91,1.12109375,-1.2802734375,0.7880859375,0.86279296875,-1.1328125,0.8203125,0.9111328125,-1.0458984375,1.296875,1.2294921875,-1.9765625,1.5029296875,1.4169921875,-1.115234375,0.98876953125
R1136_92,C,92,1.5986328125,-1.6318359375,2.087890625,1.38671875,-1.5947265625,2.2109375,1.8916015625,-1.607421875,2.267578125,1.7802734375,-2.17578125,2.6953125,1.4873046875,-1.3349609375,2.5078125
R1136_93,U,93,0.88134765625,-2.9140625,2.255859375,0.48486328125,-2.705078125,2.47265625,1.4423828125,-3.33984375,2.80078125,1.3330078125,-2.923828125,2.353515625,0.798828125,-2.51953125,2.220703125
R1136_94,U,94,1.4814453125,-2.66015625,2.890625,1.017578125,-2.53515625,2.28125,0.77001953125,-2.193359375,2.37109375,1.296875,-2.8359375,1.798828125,0.88720703125,-2.515625,1.849609375
R1136_95,A,95,0.72509765625,-2.572265625,1.2275390625,0.62939453125,-1.9736328125,1.2822265625,-0.06634521484375,-2.50390625,0.92431640625,0.56396484375,-1.783203125,0.7451171875,0.89306640625,-2.44140625,0.83056640625
R1136_96,A,96,0.40478515625,-1.66796875,1.2373046875,0.38720703125,-2.23046875,0.6142578125,0.218994140625,-2.11328125,0.6689453125,0.62939453125,-2.14453125,1.23046875,0.321533203125,-2.3046875,0.57861328125
R1136_97,G,97,0.91650390625,-0.95751953125,0.360107421875,0.35888671875,-0.6748046875,0.826171875,1.1123046875,-0.9560546875,0.410400390625,0.47607421875,-0.38037109375,0.487548828125,0.58984375,-1.703125,0.5908203125
R1136_98,C,98,1.4853515625,-1.576171875,1.6416015625,1.26171875,-1.6025390625,1.9638671875,1.3525390625,-1.927734375,1.880859375,1.0810546875,-1.5068359375,1.66015625,0.60302734375,-1.9609375,1.58984375
R1136_99,G,99,0.62841796875,-1.791015625,1.0498046875,1.0341796875,-2.19921875,1.4296875,0.6435546875,-1.935546875,1.115234375,0.99755859375,-2.05078125,1.271484375,0.43505859375,-1.3701171875,0.5205078125
R1136_100,C,100,1.1748046875,-1.8662109375,1.716796875,1.404296875,-2.171875,1.775390625,0.9892578125,-2.390625,1.6962890625,0.83056640625,-2.48828125,1.86328125,1.53125,-2.453125,2.02734375
R1136_101,U,101,1.25,-3.16796875,1.755859375,0.64111328125,-3.439453125,2.083984375,1.00390625,-2.94140625,2.4140625,0.72119140625,-3.11328125,1.634765625,0.64599609375,-2.755859375,1.603515625
R1136_102,G,102,1.181640625,-1.240234375,1.154296875,0.74365234375,-1.8544921875,1.564453125,0.451416015625,-1.8955078125,0.400146484375,0.6142578125,-1.40234375,1.197265625,0.78955078125,-1.5498046875,1.044921875
R1136_103,G,103,0.300048828125,-0.6767578125,0.21728515625,0.6435546875,-0.7744140625,1.02734375,0.8486328125,-0.90478515625,1.45703125,0.38330078125,-1.119140625,1.341796875,1.03515625,-0.818359375,0.6455078125
R1136_104,G,104,0.30322265625,-1.1240234375,0.7294921875,0.33935546875,-1.0458984375,0.53369140625,1.052734375,-0.9609375,0.58349609375,0.8125,-1.296875,0.9013671875,0.11138916015625,-1.0009765625,0.26220703125
R1136_105,G,105,0.37255859375,-1.3916015625,0.173095703125,0.365234375,-1.0322265625,0.4716796875,0.38525390625,-1.123046875,0.79248046875,0.447021484375,-0.44970703125,0.8896484375,1.572265625,-0.92236328125,0.2364501953125
R1136_106,A,106,0.98388671875,-2.580078125,1.109375,0.95556640625,-2.400390625,0.8212890625,0.07672119140625,-2.087890625,0.2276611328125,-0.037109375,-2.26171875,0.69775390625,0.7236328125,-2.44140625,0.1629638671875
R1136_107,C,107,1.263671875,-2.177734375,1.7314453125,1.138671875,-1.078125,1.083984375,1.31640625,-1.599609375,1.3134765625,1.8916015625,-2.111328125,2.017578125,1.6572265625,-1.59765625,1.380859375
R1136_108,G,108,0.6640625,-0.70361328125,0.12042236328125,0.77734375,-1.208984375,0.83837890625,0.892578125,-1.78125,0.783203125,0.7177734375,-1.17578125,1.2021484375,1.16796875,-1.0732421875,0.345458984375
R1136_109,C,109,1.7841796875,-1.623046875,1.76953125,1.5556640625,-1.0615234375,2.291015625,0.97265625,-1.0859375,1.4658203125,1.6875,-1.1015625,1.642578125,1.0458984375,-1.1005859375,1.8876953125
R1136_110,C,110,1.1279296875,-0.68701171875,1.4423828125,1.0498046875,-1.0029296875,1.447265625,0.90771484375,-0.81298828125,1.77734375,1.23828125,-0.9267578125,1.40625,1.28515625,-0.95166015625,2.443359375
R1136_111,C,111,1.3671875,-0.8642578125,2.6328125,1.2158203125,-0.828125,1.7578125,1.1279296875,-0.4716796875,1.7578125,0.70458984375,-0.64794921875,2.04296875,1.6005859375,-1.6669921875,2.068359375
R1136_112,A,112,0.541015625,-1.728515625,1.6767578125,-0.244384765625,-1.1259765625,1.431640625,0.6865234375,-0.890625,1.4912109375,0.75390625,-1.6162109375,2.068359375,-0.5859375,-1.6552734375,0.72998046875
R1136_113,A,113,0.02838134765625,-0.7197265625,0.95947265625,0.55810546875,-0.8447265625,1.5166015625,0.4892578125,-1.9853515625,0.39990234375,0.36279296875,-1.0224609375,1.1533203125,-0.5107421875,-1.5068359375,0.8544921875
R1136_114,C,114,2.513671875,-0.9765625,1.384765625,1.9453125,-1.3662109375,1.1640625,2.150390625,-1.3837890625,0.92333984375,2.99609375,-1.228515625,0.91015625,2.14453125,-1.06640625,1.087890625
R1136_115,G,115,0.79443359375,-0.326904296875,-0.422607421875,1.4248046875,-0.64111328125,0.1485595703125,0.814453125,-0.1346435546875,-0.5400390625,0.892578125,-0.320068359375,0.442138671875,0.685546875,-0.63330078125,0.2161865234375
R1136_116,C,116,1.9296875,-1.25,1.6943359375,1.630859375,-1.84765625,1.671875,1.61328125,-1.5263671875,1.8173828125,1.8349609375,-0.84033203125,1.7255859375,1.2451171875,-1.0732421875,1.5390625
R1136_117,A,117,0.2265625,-0.65869140625,-0.010894775390625,-0.028717041015625,0.245361328125,0.06396484375,-0.2305908203125,-0.1978759765625,-0.280517578125,0.23974609375,-0.399658203125,0.1627197265625,-0.10888671875,-0.85302734375,0.615234375
R1136_118,U,118,0.5029296875,-2.728515625,1.630859375,0.6357421875,-2.853515625,1.521484375,1.541015625,-2.27734375,1.8544921875,0.67138671875,-2.337890625,1.181640625,0.99755859375,-2.59765625,1.8544921875
R1136_119,C,119,1.4697265625,-1.2041015625,1.51953125,1.7763671875,-1.1025390625,1.34765625,1.7724609375,-1.1162109375,0.8125,1.3544921875,-1.4853515625,1.435546875,1.2333984375,-1.2353515625,0.806640625
R1136_120,A,120,-0.3232421875,-0.68212890625,0.53173828125,-0.2039794921875,-0.6318359375,0.37451171875,-0.61767578125,-0.90185546875,-0.27392578125,0.236572265625,-1.251953125,0.1998291015625,0.348876953125,-1.533203125,0.5927734375
R1136_121,C,121,1.775390625,-1.1376953125,0.7685546875,1.6484375,-1.16796875,0.8271484375,1.6943359375,-1.2412109375,1.068359375,1.419921875,-1.1708984375,0.99072265625,1.5166015625,-0.93212890625,1.04296875
R1136_122,A,122,-0.1954345703125,-0.2568359375,-0.67431640625,-0.09869384765625,-0.282470703125,-0.65673828125,-0.11224365234375,-0.30419921875,-0.63623046875,-0.75048828125,-0.1492919921875,-1.12890625,-0.35498046875,-0.39208984375,-0.73583984375
R1136_123,A,123,-0.443603515625,-0.92041015625,-0.268310546875,-0.63671875,-0.5419921875,-0.96875,-0.82275390625,-0.71337890625,-0.60205078125,-1.33984375,0.29541015625,-0.919921875,-0.1669921875,-1.2548828125,-0.927734375
R1136_124,A,124,-1.353515625,-0.46484375,-0.9873046875,-0.346435546875,-0.2135009765625,0.53662109375,-0.61572265625,-0.6650390625,-0.306884765625,-0.5244140625,-1.47265625,-1.15234375,-1.1328125,-0.43603515625,-0.9609375
R1136_125,G,125,-0.578125,0.1746826171875,-1.138671875,-0.517578125,-0.189453125,-1.2763671875,-0.669921875,-0.4248046875,-0.390869140625,-0.52587890625,-0.3134765625,-1.2080078125,0.230712890625,-0.5078125,-0.177001953125
R1136_126,A,126,-0.126708984375,-1.1513671875,-0.76708984375,0.3115234375,-0.79833984375,-0.44140625,-0.81884765625,-0.67919921875,-0.35107421875,-0.34619140625,-0.383544921875,0.09014892578125,-0.2340087890625,-0.64990234375,-0.23583984375
R1136_127,C,127,2.19921875,-1.005859375,0.28759765625,1.666015625,-0.7734375,0.529296875,1.9853515625,-1.271484375,0.316162109375,1.7373046875,-1.5322265625,0.1290283203125,1.3759765625,-0.8544921875,0.93994140625
R1136_128,U,128,1.048828125,-2.583984375,0.826171875,1.1611328125,-3.033203125,0.82177734375,1.275390625,-3.181640625,0.53662109375,1.328125,-2.119140625,0.87451171875,1.05078125,-1.771484375,0.1654052734375
R1136_129,G,129,0.07257080078125,-0.7900390625,-0.78662109375,0.3369140625,-0.9306640625,-0.69140625,0.418701171875,-1.2587890625,-0.03668212890625,0.484619140625,-1.080078125,-0.494140625,0.35595703125,-1.0244140625,-0.1834716796875
R1136_130,A,130,-1.1005859375,-1.0048828125,0.0282745361328125,-0.47802734375,-0.7314453125,-0.0751953125,-0.884765625,-1.13671875,-0.2000732421875,-0.366943359375,-0.91748046875,0.07177734375,-0.146484375,-1.0986328125,0.46435546875
R1136_131,G,131,0.345703125,-1.388671875,0.57080078125,0.0202178955078125,-0.81591796875,0.306640625,0.083984375,-2.232421875,0.380859375,0.837890625,-1.640625,0.52783203125,0.31787109375,-1.0341796875,0.43701171875
R1136_132,U,132,0.498046875,-2.796875,0.78369140625,0.7470703125,-2.626953125,0.95849609375,0.384033203125,-1.97265625,0.767578125,-0.09844970703125,-1.857421875,0.81689453125,0.01285552978515625,-3.052734375,1.22265625
R1136_133,G,133,-0.1514892578125,-1.01953125,-0.2052001953125,0.7744140625,-1.3837890625,-0.167724609375,0.75439453125,-1.431640625,-0.51025390625,0.63037109375,-1.2880859375,-0.344970703125,0.39892578125,-1.0908203125,0.425537109375
R1136_134,A,134,-0.3515625,-1.333984375,-0.8125,-1.203125,-1.3076171875,-1.0380859375,-0.6240234375,-2.1171875,-0.63427734375,-0.7529296875,-1.998046875,0.0262603759765625,-0.66162109375,-1.7763671875,-0.6376953125
R1136_135,U,135,0.591796875,-2.7265625,0.49365234375,0.00800323486328125,-2.865234375,0.408203125,0.0238189697265625,-3.052734375,0.1348876953125,0.120361328125,-2.98046875,0.41748046875,-0.146484375,-2.796875,0.49609375
R1136_136,G,136,-0.13671875,-1.5458984375,-0.6484375,0.08184814453125,-1.0009765625,-0.79736328125,-0.19580078125,-0.97607421875,-0.95458984375,-0.244140625,-1.48828125,-0.86669921875,0.261962890625,-1.2041015625,-0.8779296875
R1136_137,A,137,-0.80419921875,-0.89501953125,-0.325927734375,-0.4150390625,-0.53271484375,-1.349609375,-0.72265625,-0.9970703125,-0.970703125,-0.8994140625,-1.005859375,-0.916015625,-1.1923828125,-0.4580078125,-1.0712890625
R1136_138,A,138,-0.489013671875,-0.26416015625,-0.263427734375,-0.389892578125,-0.1348876953125,-0.228759765625,-0.3505859375,-0.7724609375,0.0723876953125,-0.59912109375,-0.81103515625,-1.076171875,0.12432861328125,-0.4912109375,-0.10467529296875
R1136_139,C,139,1.322265625,-0.40869140625,0.89794921875,0.9375,-1.412109375,1.044921875,1.4208984375,-0.87451171875,1.283203125,1.412109375,-0.56201171875,1.2109375,1.5712890625,-0.7236328125,0.7216796875
R1136_140,C,140,0.83349609375,-0.775390625,1.744140625,0.9228515625,-0.6875,1.302734375,1.4990234375,-1.2275390625,2.208984375,1.470703125,-1.2177734375,2.111328125,1.2451171875,-0.88134765625,1.7255859375
R1136_141,A,141,0.3056640625,-0.6953125,1.494140625,0.6181640625,-0.474365234375,0.501953125,-0.30126953125,-0.63134765625,0.76953125,0.273193359375,-0.765625,1.052734375,-0.55712890625,0.54736328125,0.338134765625
R1136_142,G,142,1.0361328125,-0.5029296875,1.59765625,0.52197265625,-0.755859375,1.251953125,0.8134765625,-0.8994140625,1.232421875,0.41796875,-0.5732421875,1.5078125,0.8173828125,-0.98974609375,1.1416015625
R1136_143,A,143,0.2440185546875,-0.9287109375,0.75341796875,0.60009765625,-1.3740234375,0.261474609375,0.677734375,-0.92333984375,0.54248046875,0.3759765625,-0.85302734375,0.041961669921875,0.195556640625,-1.2763671875,0.5146484375
R1136_144,A,144,0.002529144287109375,-0.8583984375,0.74609375,0.68310546875,-2.03125,0.1314697265625,0.325439453125,-1.5908203125,0.06640625,0.47412109375,-1.146484375,-0.01113128662109375,1.0634765625,-0.73974609375,0.83642578125
R1136_145,G,145,1.0810546875,-1.2734375,0.91015625,0.81298828125,-1.005859375,0.194580078125,0.425537109375,-0.462158203125,1.357421875,1.056640625,-1.021484375,0.884765625,0.796875,-0.95166015625,0.330810546875
R1136_146,U,146,0.54443359375,-2.296875,1.5966796875,0.369873046875,-2.05859375,1.3779296875,0.26806640625,-2.16015625,1.6767578125,0.47314453125,-1.9677734375,1.7626953125,0.33154296875,-2.7265625,1.8017578125
R1136_147,A,147,0.479248046875,-0.92431640625,0.63037109375,-0.1416015625,-0.63037109375,0.427734375,-0.4697265625,-0.869140625,-0.29833984375,0.34423828125,-0.92236328125,0.01393890380859375,-0.55419921875,-1.572265625,-0.32861328125
R1136_148,U,148,0.0158843994140625,-0.87939453125,0.783203125,0.95654296875,-2.09375,1.7314453125,0.19921875,-1.927734375,1.8115234375,-0.00921630859375,-1.8671875,1.1650390625,0.451171875,-1.6044921875,0.9609375
R1136_149,G,149,0.49755859375,-1.298828125,0.99658203125,0.68603515625,-0.2734375,0.4765625,0.44482421875,-0.493896484375,0.2275390625,0.92431640625,-0.89111328125,0.212890625,0.03240966796875,-1.365234375,0.666015625
R1136_150,G,150,0.5478515625,-0.8740234375,0.40625,0.52978515625,-1.294921875,0.5322265625,0.99169921875,-0.673828125,0.42431640625,0.58251953125,-1.3408203125,0.6123046875,0.58349609375,-0.9033203125,0.285400390625
R1136_151,A,151,0.17724609375,-1.3173828125,-0.1376953125,0.0298004150390625,-1.7158203125,0.8232421875,0.454833984375,-1.8798828125,0.783203125,0.11224365234375,-0.66943359375,0.33740234375,-0.1697998046875,-0.8359375,0.896484375
R1136_152,C,152,2.041015625,-1.6640625,2.001953125,2.111328125,-1.5390625,2.326171875,2.1953125,-1.7197265625,2.1171875,2.453125,-1.568359375,2.609375,2.369140625,-1.8525390625,2.505859375
R1136_153,U,153,0.75537109375,-3.076171875,2.08203125,0.71728515625,-3.26171875,2.61328125,0.56494140625,-2.84765625,2.669921875,1.052734375,-2.61328125,2.6015625,0.343505859375,-2.697265625,2.412109375
R1136_154,G,154,1.0712890625,-1.8330078125,1.6201171875,0.55224609375,-1.30078125,1.7021484375,0.728515625,-2.361328125,1.8125,1.2099609375,-1.748046875,1.810546875,0.366943359375,-1.318359375,2.37890625
R1136_155,G,155,1.2421875,-1.9111328125,2.326171875,1.201171875,-1.625,2.6328125,1.2353515625,-1.3818359375,1.98828125,0.58056640625,-1.5625,1.7294921875,0.63232421875,-1.5595703125,2.708984375
R1136_156,U,156,1.1396484375,-2.400390625,3.099609375,1.3935546875,-3.095703125,3.0078125,1.5947265625,-2.865234375,2.91796875,1.3857421875,-3.359375,3.1796875,1.07421875,-2.5546875,2.79296875
R1136_157,U,157,1.5830078125,-2.68359375,2.560546875,1.5390625,-2.787109375,2.642578125,2.052734375,-2.642578125,3.029296875,1.4130859375,-2.951171875,3.2890625,1.244140625,-3.130859375,3.650390625
R1136_158,G,158,1.2412109375,-1.4208984375,1.7392578125,1.66796875,-1.1669921875,1.689453125,1.3466796875,-1.1064453125,1.99609375,1.654296875,-0.849609375,2.1171875,1.2470703125,-1.025390625,1.7001953125
R1136_159,C,159,1.8818359375,-1.0439453125,2.416015625,2.173828125,-1.525390625,1.955078125,2.06640625,-1.3994140625,1.8955078125,1.9267578125,-1.1123046875,2.318359375,2.21484375,-1.1318359375,1.9677734375
R1136_160,G,160,1.451171875,-0.7705078125,1.41796875,1.2060546875,-0.33984375,1.640625,1.3466796875,-0.71142578125,1.7890625,1.5390625,-0.90283203125,1.9345703125,1.31640625,0.061248779296875,2.431640625
R1136_161,U,161,0.7392578125,-1.505859375,2.857421875,1.3271484375,-1.578125,2.998046875,1.58203125,-1.4775390625,2.79296875,1.0732421875,-2.236328125,3.150390625,0.76171875,-1.9228515625,2.853515625
R1136_162,U,162,1.41796875,-2.048828125,2.82421875,1.8369140625,-2.06640625,2.708984375,1.0771484375,-2.18359375,2.453125,1.25390625,-1.59375,2.400390625,0.80322265625,-1.5478515625,2.224609375
R1136_163,G,163,1.34765625,-1.0380859375,2.107421875,1.478515625,-1.80078125,1.6396484375,1.296875,-1.4462890625,1.85546875,1.4482421875,-1.5986328125,1.3759765625,1.1962890625,-0.921875,1.5126953125
R1136_164,G,164,1.5078125,-1.80859375,1.4052734375,1.1181640625,-1.5107421875,0.87353515625,1.3310546875,-1.611328125,1.427734375,1.33203125,-1.7861328125,0.81298828125,1.50390625,-1.7705078125,1.439453125
R1136_165,U,165,1.2685546875,-3.7265625,2.876953125,1.390625,-2.916015625,2.97265625,1.056640625,-3.544921875,2.943359375,0.435546875,-3.576171875,2.640625,1.0068359375,-2.9765625,2.560546875
R1136_166,G,166,1.0458984375,-1.6923828125,2.08984375,0.935546875,-2.09375,2.19140625,0.9345703125,-2.45703125,1.5224609375,1.62109375,-1.6435546875,1.361328125,1.26953125,-2.4765625,2.0390625
R1136_167,G,167,0.81689453125,-1.9765625,2.15625,1.349609375,-2.0,2.93359375,1.2783203125,-1.755859375,2.498046875,0.974609375,-2.109375,2.287109375,1.15234375,-1.990234375,2.435546875
R1136_168,A,168,1.1259765625,-2.15234375,2.40234375,1.5751953125,-1.8291015625,3.1953125,1.2138671875,-1.947265625,2.1953125,1.0966796875,-2.197265625,1.673828125,1.0732421875,-1.6005859375,3.171875
R1136_169,G,169,1.8134765625,-2.279296875,2.8046875,1.193359375,-1.498046875,2.421875,1.3125,-1.6865234375,3.24609375,1.7001953125,-1.828125,2.865234375,1.939453125,-2.01171875,2.986328125
R1136_170,A,170,1.1787109375,-2.150390625,2.265625,0.94921875,-2.560546875,2.1015625,0.9453125,-2.447265625,1.150390625,1.4990234375,-2.919921875,2.271484375,1.150390625,-2.41796875,2.55859375
R1136_171,C,171,2.853515625,-3.015625,3.14453125,2.43359375,-2.26953125,2.23046875,2.720703125,-2.537109375,2.865234375,2.1328125,-2.95703125,2.458984375,2.705078125,-3.01171875,2.38671875
R1136_172,G,172,1.326171875,-1.4990234375,0.65380859375,1.0546875,-1.8740234375,0.8505859375,0.771484375,-1.796875,0.096923828125,1.0751953125,-1.9150390625,1.080078125,1.201171875,-1.8076171875,1.353515625
R1136_173,G,173,1.0283203125,-1.1572265625,0.489990234375,1.2587890625,-1.806640625,0.7333984375,1.4111328125,-1.84375,1.0498046875,0.9638671875,-1.2998046875,0.06256103515625,1.3310546875,-1.275390625,1.1259765625
R1136_174,U,174,1.2001953125,-2.390625,1.47265625,1.171875,-2.6640625,1.9853515625,1.1796875,-1.9775390625,1.69140625,1.3818359375,-2.134765625,1.34765625,0.11669921875,-2.1171875,1.5302734375
R1136_175,C,175,1.98828125,-1.9599609375,1.12109375,1.8701171875,-2.21875,1.8369140625,2.0546875,-2.333984375,1.4921875,2.052734375,-2.052734375,1.32421875,2.51171875,-2.50390625,1.625
R1136_176,G,176,0.3896484375,-1.1396484375,0.270263671875,0.217041015625,-1.5341796875,0.1878662109375,0.8466796875,-1.06640625,0.5908203125,0.70654296875,-1.359375,0.4501953125,1.134765625,-1.462890625,0.552734375
R1136_177,G,177,1.806640625,-0.62353515625,0.09783935546875,0.66796875,-1.36328125,0.10565185546875,0.76416015625,-1.64453125,0.17431640625,0.394775390625,-1.3681640625,0.353271484375,0.61962890625,-0.488525390625,-0.005573272705078125
R1136_178,G,178,1.46484375,-0.6259765625,0.6513671875,1.2802734375,-0.81591796875,0.5966796875,1.693359375,-0.92919921875,0.31591796875,0.99267578125,-1.03125,0.474853515625,0.59033203125,-0.787109375,0.104248046875
R1136_179,U,179,0.225341796875,-1.380859375,0.97802734375,1.001953125,-2.255859375,1.943359375,0.7919921875,-2.041015625,1.8447265625,0.383544921875,-1.8486328125,1.7626953125,1.09765625,-2.12109375,1.3291015625
R1136_180,C,180,1.59765625,-0.55419921875,0.5068359375,1.2001953125,-0.77099609375,0.4560546875,1.3359375,-1.30078125,1.2802734375,1.49609375,-0.56005859375,0.9931640625,1.2421875,-1.04296875,1.4287109375
R1136_181,C,181,0.86865234375,-0.51513671875,0.7080078125,1.443359375,-0.76806640625,0.392822265625,1.3359375,-0.6943359375,0.5859375,1.3203125,-0.69482421875,1.0009765625,1.4833984375,-0.4052734375,0.436279296875
R1136_182,A,182,0.258544921875,-0.8330078125,-1.0888671875,-0.448974609375,-0.49072265625,-0.71875,-0.068603515625,-0.108154296875,-0.496826171875,-0.11566162109375,-0.3857421875,-1.0302734375,-0.1474609375,-0.6044921875,-0.46484375
R1136_183,G,183,1.3505859375,-0.33544921875,-0.423095703125,0.76611328125,-0.4580078125,-0.416259765625,1.2373046875,-0.1839599609375,0.0279388427734375,1.3759765625,-0.314453125,0.50537109375,1.431640625,0.1668701171875,0.09002685546875
R1136_184,U,184,1.4580078125,-0.72607421875,1.3115234375,1.263671875,-1.12109375,1.236328125,1.166015625,-1.4111328125,1.8515625,0.66650390625,-0.67822265625,0.65087890625,1.080078125,-1.3046875,1.833984375
R1136_185,U,185,1.0146484375,-1.1025390625,1.1044921875,1.1220703125,-0.95263671875,1.0673828125,0.9130859375,-0.845703125,1.1328125,1.0087890625,-1.19921875,0.8017578125,0.9951171875,-1.439453125,1.140625
R1136_186,C,186,1.7802734375,-1.025390625,1.1005859375,1.658203125,-0.496826171875,0.64306640625,2.21875,-1.09375,1.4326171875,1.609375,-0.57568359375,0.80078125,1.5712890625,-0.97265625,0.822265625
R1136_187,G,187,1.0126953125,-0.748046875,0.337646484375,0.646484375,-0.66064453125,0.681640625,1.083984375,-0.572265625,-0.138916015625,1.23046875,-0.337890625,0.7109375,1.154296875,-0.314453125,1.0498046875
R1136_188,C,188,1.6328125,-0.5126953125,1.2109375,1.4482421875,-0.859375,1.3173828125,1.4052734375,-0.8779296875,0.85302734375,2.396484375,-1.05078125,1.455078125,2.322265625,-0.62451171875,0.61572265625
R1136_189,U,189,1.5400390625,-1.5419921875,0.80712890625,1.458984375,-1.5634765625,1.2158203125,1.869140625,-1.384765625,0.71533203125,1.08984375,-0.744140625,0.8046875,1.4716796875,-1.3203125,0.72705078125
R1136_190,G,190,1.0771484375,0.09521484375,0.724609375,1.83203125,-0.36279296875,0.13671875,1.296875,-0.182373046875,1.12890625,1.349609375,-0.64990234375,0.57568359375,1.23046875,0.09173583984375,0.368896484375
R1136_191,U,191,1.0205078125,-1.25390625,1.99609375,1.0986328125,-1.380859375,1.6572265625,1.0302734375,-1.078125,1.1982421875,1.39453125,-1.7216796875,1.306640625,1.353515625,-1.05859375,1.3759765625
R1136_192,C,192,0.72998046875,-0.875,1.734375,1.861328125,-1.107421875,1.3642578125,1.5126953125,-1.208984375,1.38671875,1.0791015625,-0.7890625,1.4541015625,1.3486328125,-0.81396484375,1.5625
R1136_193,G,193,1.01953125,-0.99462890625,0.59033203125,0.7109375,-1.3486328125,0.09765625,1.48828125,-0.97607421875,0.65478515625,1.734375,-1.140625,1.0546875,1.3037109375,-0.8720703125,0.765625
R1136_194,A,194,1.203125,-1.4990234375,1.375,0.99560546875,-2.103515625,-0.027313232421875,0.8955078125,-1.3876953125,-0.18701171875,1.734375,-1.91015625,1.0126953125,1.37109375,-0.8408203125,0.3154296875
R1136_195,G,195,1.53515625,-1.6103515625,-0.353759765625,1.3134765625,-1.341796875,-0.49365234375,1.2880859375,-1.63671875,0.6376953125,2.125,-1.234375,0.021148681640625,2.130859375,-1.5830078125,0.23388671875
R1136_196,U,196,1.5849609375,-2.50390625,1.267578125,1.38671875,-2.529296875,1.029296875,1.845703125,-2.404296875,0.86572265625,1.0478515625,-1.80859375,0.8818359375,1.5830078125,-2.65234375,0.76171875
R1136_197,A,197,0.1866455078125,-0.587890625,0.0243988037109375,0.3935546875,-0.47265625,0.20361328125,0.2408447265625,-1.283203125,1.2646484375,0.75390625,-0.039886474609375,-0.279052734375,-0.051116943359375,-0.76171875,0.336181640625
R1136_198,G,198,1.193359375,-1.37109375,0.239501953125,1.5185546875,-0.91259765625,1.6455078125,1.4638671875,-1.34375,0.316650390625,1.5400390625,-1.0751953125,1.103515625,1.173828125,-1.08984375,0.438720703125
R1136_199,A,199,0.11688232421875,-1.2333984375,0.95068359375,0.78955078125,-2.560546875,1.130859375,1.330078125,-3.267578125,1.7421875,0.80224609375,-1.3251953125,0.32470703125,1.193359375,-2.4609375,2.126953125
R1136_200,G,200,1.1669921875,-1.61328125,0.048248291015625,1.8818359375,-1.19140625,-0.3154296875,1.365234375,-1.1279296875,-0.421630859375,1.5625,-0.81396484375,0.45556640625,1.611328125,-1.7744140625,0.33203125
R1136_201,U,201,2.595703125,-2.3359375,1.2294921875,0.83544921875,-2.296875,0.798828125,2.33984375,-2.640625,0.607421875,2.095703125,-2.26171875,1.3056640625,2.05859375,-2.6171875,0.94189453125
R1136_202,G,202,1.6728515625,-1.8203125,0.32080078125,1.5693359375,-1.6982421875,0.439208984375,2.1171875,-1.7294921875,1.05078125,1.470703125,-1.458984375,1.0302734375,1.02734375,-0.615234375,0.4765625
R1136_203,U,203,0.5322265625,-3.373046875,2.08984375,1.0771484375,-3.169921875,1.80859375,1.484375,-3.013671875,1.6953125,0.7978515625,-3.26953125,1.6796875,1.5498046875,-2.748046875,1.6103515625
R1136_204,G,204,1.03125,-0.95556640625,0.0865478515625,1.51953125,-1.7265625,0.83056640625,1.12890625,-1.556640625,0.99365234375,1.3154296875,-1.4501953125,0.74609375,1.0361328125,-1.115234375,0.40478515625
R1136_205,G,205,0.181396484375,0.1326904296875,1.109375,0.708984375,-0.69140625,0.86376953125,0.5703125,-0.65234375,0.71826171875,0.642578125,-0.69091796875,0.8681640625,0.78564453125,-0.591796875,0.8125
R1136_206,G,206,1.0966796875,-1.126953125,1.697265625,1.181640625,-0.27978515625,1.33203125,0.611328125,-0.491455078125,0.62744140625,0.46484375,-1.390625,0.9560546875,0.5029296875,-1.2001953125,1.22265625
R1136_207,C,207,1.8544921875,-1.2900390625,2.267578125,1.9091796875,-1.2119140625,2.21875,1.6240234375,-0.8291015625,1.3271484375,1.615234375,-1.990234375,2.06640625,1.962890625,-1.060546875,1.40625
R1136_208,U,208,1.5732421875,-3.115234375,2.5859375,1.12890625,-2.501953125,1.8173828125,1.2294921875,-2.6796875,2.1328125,1.3974609375,-2.755859375,1.443359375,1.07421875,-2.63671875,1.8173828125
R1136_209,C,209,1.826171875,-1.724609375,1.9033203125,1.6904296875,-1.134765625,1.462890625,1.9638671875,-1.3857421875,1.783203125,1.974609375,-1.41015625,1.724609375,2.134765625,-1.8818359375,1.8515625
R1136_210,C,210,1.2900390625,-1.60546875,1.998046875,1.4052734375,-1.1748046875,1.6357421875,1.58203125,-1.1650390625,1.419921875,1.4287109375,-1.45703125,1.9423828125,1.3466796875,-0.6640625,1.689453125
R1136_211,A,211,-0.323486328125,-1.783203125,0.466796875,-0.462890625,-1.6904296875,0.1217041015625,-0.159912109375,-1.109375,0.39404296875,-0.69580078125,-1.2255859375,-0.055908203125,-0.64208984375,-1.353515625,0.39794921875
R1136_212,U,212,0.70458984375,-1.7744140625,1.6376953125,0.6806640625,-1.7421875,1.310546875,0.489990234375,-2.048828125,1.369140625,0.89404296875,-1.7822265625,1.517578125,0.493896484375,-1.8681640625,1.4794921875
R1136_213,C,213,1.59765625,-0.93310546875,1.1171875,1.2998046875,-1.1572265625,1.2509765625,2.083984375,-1.544921875,1.6650390625,1.36328125,-1.5380859375,1.1318359375,1.5546875,-1.3330078125,0.921875
R1136_214,G,214,0.4765625,-0.69677734375,0.9296875,0.89501953125,-1.0458984375,1.0029296875,0.53369140625,-0.58642578125,0.50244140625,0.93896484375,-0.50341796875,0.66943359375,0.413330078125,-0.65478515625,0.1292724609375
R1136_215,A,215,0.265380859375,-0.958984375,0.039215087890625,0.41259765625,-1.5390625,1.0849609375,0.302001953125,-0.544921875,1.189453125,0.748046875,-1.431640625,-0.0655517578125,0.51513671875,-1.8876953125,0.60107421875
R1136_216,C,216,2.494140625,-1.0908203125,1.96484375,1.8935546875,-0.95849609375,1.4345703125,2.3515625,-1.5615234375,1.9404296875,2.2109375,-1.3720703125,2.20703125,1.8544921875,-1.1865234375,2.123046875
R1136_217,G,217,0.85498046875,-0.45263671875,1.158203125,1.1171875,-0.56787109375,1.3740234375,1.0908203125,-0.4521484375,0.95166015625,0.444091796875,-0.68017578125,1.16796875,1.150390625,-0.80126953125,0.5283203125
R1136_218,C,218,1.6279296875,-1.2412109375,2.044921875,2.314453125,-0.857421875,1.931640625,2.56640625,-1.7861328125,2.65625,2.765625,-1.3564453125,2.65234375,2.359375,-0.7626953125,1.90234375
R1136_219,C,219,2.322265625,-0.98779296875,1.56640625,2.45703125,-1.267578125,1.935546875,1.8818359375,-1.4677734375,1.234375,2.48046875,-1.265625,1.6845703125,2.322265625,-1.28125,1.3779296875
R1136_220,G,220,0.93798828125,-0.595703125,0.94921875,1.150390625,-1.2314453125,1.447265625,1.271484375,-0.7470703125,1.1943359375,1.72265625,-0.75244140625,0.74658203125,1.349609375,-0.2496337890625,1.0947265625
R1136_221,C,221,2.216796875,-1.9208984375,1.9345703125,1.44921875,-1.7607421875,1.6748046875,2.201171875,-2.25390625,1.8232421875,1.71875,-1.654296875,2.00390625,1.88671875,-2.306640625,2.0859375
R1136_222,U,222,0.68505859375,-2.96484375,2.078125,0.6435546875,-2.92578125,1.716796875,0.1492919921875,-2.9375,2.197265625,0.10711669921875,-2.6328125,1.33203125,0.38671875,-3.03515625,1.9189453125
R1136_223,U,223,0.239013671875,-2.44140625,1.6533203125,0.1829833984375,-2.5,1.240234375,0.493408203125,-2.94921875,0.80078125,0.256591796875,-2.955078125,1.63671875,0.384765625,-2.94921875,1.791015625
R1136_224,U,224,0.458251953125,-2.66015625,1.60546875,0.57373046875,-2.294921875,0.80810546875,0.259765625,-2.494140625,0.86279296875,0.61328125,-2.642578125,0.72705078125,0.24267578125,-2.138671875,1.4453125
R1136_225,A,225,0.10546875,-1.4599609375,0.07928466796875,-0.5458984375,-1.2490234375,0.04083251953125,-0.1678466796875,-1.3056640625,0.31591796875,0.1622314453125,-1.521484375,0.2193603515625,-0.4150390625,-2.013671875,0.5361328125
R1136_226,A,226,-0.080078125,-1.5888671875,0.6015625,-0.2413330078125,-1.8798828125,0.9111328125,0.169189453125,-1.26953125,0.1407470703125,0.63134765625,-1.55859375,0.257568359375,0.26025390625,-1.244140625,0.30224609375
R1136_227,G,227,1.74609375,-1.0283203125,0.93212890625,1.1220703125,-0.8369140625,1.2529296875,1.7265625,-1.552734375,1.359375,1.5966796875,-0.1890869140625,0.67529296875,1.5009765625,-0.4365234375,0.4462890625
R1136_228,G,228,2.01953125,-1.2607421875,0.99609375,1.5634765625,-0.04156494140625,0.69091796875,1.90625,-0.470458984375,1.2666015625,2.1953125,-0.85400390625,1.5087890625,1.787109375,-0.42724609375,0.4296875
R1136_229,U,229,1.6962890625,-2.349609375,1.78125,1.7060546875,-1.880859375,1.2275390625,2.255859375,-3.162109375,2.33203125,1.3154296875,-2.734375,2.076171875,1.9287109375,-2.33984375,2.603515625
R1136_230,C,230,2.220703125,-1.1572265625,1.9404296875,2.708984375,-1.0087890625,1.5458984375,2.697265625,-1.458984375,2.32421875,2.740234375,-1.8330078125,1.505859375,2.419921875,-1.72265625,2.27734375
R1136_231,C,231,2.37890625,-1.4150390625,2.203125,2.787109375,-1.1884765625,2.271484375,2.76953125,-1.9873046875,1.986328125,2.953125,-1.4638671875,1.986328125,2.615234375,-1.3818359375,1.755859375
R1136_232,C,232,2.931640625,-0.892578125,2.048828125,3.068359375,-1.2958984375,1.7099609375,3.091796875,-1.49609375,1.7490234375,2.857421875,-1.5009765625,1.828125,2.609375,-1.6171875,2.25390625
R1136_233,C,233,3.025390625,-1.001953125,0.9931640625,3.673828125,-1.0888671875,1.4462890625,3.111328125,-1.53515625,1.6357421875,3.791015625,-1.1103515625,1.486328125,3.193359375,-1.0283203125,1.455078125
R1136_234,A,234,0.320068359375,-1.306640625,0.1539306640625,0.470947265625,-1.1865234375,0.493408203125,0.271728515625,-1.25,0.439208984375,1.140625,-1.265625,0.8271484375,0.86376953125,-1.515625,0.3505859375
R1136_235,A,235,0.2451171875,-0.080810546875,-0.56982421875,0.62890625,-0.966796875,0.43310546875,0.919921875,-0.51416015625,1.1767578125,0.955078125,-0.56396484375,0.059539794921875,0.72119140625,-0.64892578125,-0.0208282470703125
R1136_236,U,236,1.181640625,-1.7470703125,0.712890625,1.669921875,-1.7607421875,1.220703125,1.7666015625,-2.30078125,1.23828125,2.18359375,-2.501953125,1.095703125,1.6826171875,-2.44921875,1.54296875
R1136_237,C,237,2.171875,-1.0244140625,1.0029296875,2.8125,-1.3251953125,1.6650390625,2.666015625,-2.046875,1.166015625,2.53515625,-1.6474609375,0.81201171875,1.8896484375,-1.259765625,0.90185546875
R1136_238,G,238,1.453125,-0.68017578125,-0.12481689453125,1.6767578125,-0.332275390625,-0.281005859375,1.595703125,-0.498291015625,-0.6474609375,1.529296875,-0.78173828125,0.314453125,2.35546875,-0.50390625,-0.56787109375
R1136_239,U,239,0.99755859375,-1.748046875,0.21435546875,1.6103515625,-1.8291015625,0.027679443359375,0.966796875,-2.11328125,0.90673828125,1.47265625,-1.798828125,0.0909423828125,1.435546875,-2.390625,0.7587890625
R1136_240,G,240,1.7255859375,-0.861328125,-0.2340087890625,1.240234375,-0.69189453125,0.248291015625,1.6884765625,-0.88671875,-0.49462890625,1.1591796875,-0.38427734375,-0.245849609375,1.8681640625,-0.9404296875,-0.1484375
R1136_241,G,241,2.142578125,-1.64453125,0.338623046875,1.455078125,-0.61083984375,-0.347412109375,1.6806640625,-1.1201171875,-0.08843994140625,0.93310546875,-0.3935546875,-0.517578125,0.8720703125,-1.3134765625,0.0927734375
R1136_242,C,242,2.771484375,-1.7568359375,2.26171875,2.658203125,-1.8515625,2.1015625,2.5859375,-1.5166015625,1.0283203125,2.283203125,-1.375,1.5810546875,2.181640625,-1.6982421875,2.068359375
R1136_243,G,243,0.53271484375,-0.87841796875,0.71337890625,0.9638671875,-1.21484375,1.0537109375,1.11328125,-1.03125,1.0380859375,1.6826171875,-1.4189453125,0.89453125,1.703125,-1.8681640625,1.66796875
R1136_244,U,244,1.6298828125,-2.728515625,2.029296875,1.7998046875,-2.318359375,2.115234375,1.53515625,-2.419921875,1.9580078125,1.658203125,-2.46484375,1.603515625,1.2890625,-2.43359375,1.7060546875
R1136_245,G,245,2.193359375,-1.2607421875,0.5361328125,1.408203125,-1.5556640625,0.2783203125,2.06640625,-1.3017578125,0.84912109375,1.580078125,-1.5712890625,1.11328125,2.30859375,-1.2197265625,1.017578125
R1136_246,U,246,1.505859375,-1.70703125,1.8447265625,1.5498046875,-2.09765625,1.53125,1.9375,-1.861328125,1.66796875,2.197265625,-1.6708984375,0.95849609375,1.845703125,-1.7490234375,1.5244140625
R1136_247,C,247,2.916015625,-0.56494140625,1.732421875,2.556640625,-1.111328125,2.26171875,2.583984375,-0.70751953125,1.9033203125,2.771484375,-1.029296875,2.0,2.66015625,-0.71923828125,2.134765625
R1136_248,G,248,1.6162109375,-0.428466796875,0.288818359375,1.8740234375,-0.1336669921875,0.64697265625,2.208984375,-0.256103515625,1.84375,1.7392578125,-0.059814453125,0.8466796875,2.15234375,-0.0295867919921875,0.59814453125
R1136_249,G,249,2.154296875,-0.7578125,1.12109375,1.947265625,-0.426513671875,1.3515625,1.5830078125,-0.391357421875,1.4814453125,1.728515625,-0.272216796875,1.248046875,2.2421875,-0.13330078125,1.0078125
R1136_250,C,250,2.4921875,-1.5947265625,1.7626953125,2.384765625,-1.30859375,1.6474609375,3.109375,-1.73046875,2.185546875,2.501953125,-1.48828125,1.62109375,2.822265625,-1.1201171875,2.095703125
R1136_251,C,251,2.71875,-1.5869140625,1.68359375,2.771484375,-1.453125,1.2822265625,3.10546875,-1.5556640625,1.85546875,3.306640625,-1.611328125,1.779296875,3.544921875,-2.08203125,1.36328125
R1136_252,U,252,1.697265625,-2.169921875,0.25634765625,1.521484375,-2.267578125,0.6689453125,1.4267578125,-2.39453125,0.5693359375,1.6396484375,-2.83203125,0.67236328125,1.6435546875,-1.9794921875,0.400146484375
R1136_253,G,253,2.46875,-1.146484375,-0.499267578125,2.630859375,-1.2119140625,-0.88427734375,2.025390625,-1.2861328125,-0.50634765625,2.03515625,-1.0654296875,-0.96923828125,2.435546875,-1.3564453125,-0.84375
R1136_254,C,254,2.451171875,-1.2646484375,0.8955078125,2.3359375,-1.2216796875,1.2685546875,2.326171875,-1.3759765625,1.12109375,2.7578125,-2.107421875,1.23046875,2.109375,-1.53515625,1.3359375
R1136_255,U,255,0.96484375,-1.595703125,-0.0853271484375,1.25,-1.9423828125,0.09814453125,1.1630859375,-1.6953125,0.07501220703125,1.4443359375,-1.9150390625,0.06817626953125,1.185546875,-1.564453125,-0.2734375
R1136_256,U,256,2.046875,-2.501953125,0.1881103515625,1.30078125,-1.6484375,0.2841796875,0.85302734375,-1.521484375,0.36328125,0.91796875,-1.4775390625,-0.1405029296875,1.3984375,-1.32421875,0.0084991455078125
R1136_257,C,257,1.951171875,-0.90185546875,0.6943359375,2.296875,-1.591796875,0.40380859375,2.720703125,-1.1533203125,0.41259765625,1.93359375,-0.70458984375,-0.1617431640625,2.50390625,-0.9189453125,0.55126953125
R1136_258,G,258,1.673828125,-0.42138671875,-0.50341796875,2.498046875,-0.9521484375,-0.266845703125,1.9814453125,-1.1259765625,-0.73486328125,1.6943359375,-0.134521484375,0.052520751953125,2.431640625,-1.0908203125,-0.085205078125
R1136_259,G,259,2.517578125,-1.048828125,0.496826171875,2.46484375,-1.431640625,-0.69189453125,1.8359375,-0.78759765625,-0.20458984375,2.296875,-1.263671875,0.1580810546875,1.9228515625,-1.033203125,-0.3583984375
R1136_260,C,260,2.94921875,-1.341796875,1.0576171875,2.63671875,-1.404296875,1.0419921875,2.95703125,-2.078125,1.4111328125,2.576171875,-1.517578125,1.06640625,2.677734375,-1.328125,1.3505859375
R1136_261,A,261,1.767578125,-1.4013671875,-0.462158203125,0.62060546875,-1.1806640625,0.1767578125,1.0888671875,-1.18359375,-0.755859375,1.279296875,-1.3955078125,-0.5927734375,1.3076171875,-1.0146484375,-0.430908203125
R1136_262,G,262,1.625,-0.52978515625,0.58203125,1.740234375,-1.037109375,0.29150390625,2.162109375,-0.43798828125,0.1766357421875,1.6689453125,-0.916015625,1.1142578125,2.0,-1.080078125,0.2216796875
R1136_263,G,263,1.3984375,-1.0751953125,0.87548828125,1.7939453125,-1.3671875,0.468994140625,1.73046875,-0.99560546875,0.7236328125,1.7001953125,-1.1298828125,0.94482421875,2.24609375,-0.79736328125,0.11773681640625
R1136_264,C,264,3.05078125,-1.65625,0.98388671875,3.1953125,-1.5048828125,1.5517578125,2.86328125,-1.544921875,1.212890625,3.298828125,-1.9970703125,1.666015625,3.458984375,-2.037109375,1.55078125
R1136_265,A,265,1.72265625,-1.6650390625,-0.1788330078125,1.572265625,-1.7275390625,0.11309814453125,1.8310546875,-1.888671875,-0.06427001953125,1.119140625,-1.119140625,-0.08148193359375,2.037109375,-1.8134765625,-0.115478515625
R1136_266,C,266,3.4453125,-1.861328125,0.5078125,2.853515625,-1.416015625,0.82763671875,2.953125,-1.5810546875,1.4326171875,2.716796875,-1.791015625,1.076171875,3.39453125,-2.16015625,1.3466796875
R1136_267,U,267,1.5439453125,-2.591796875,0.5595703125,2.24609375,-2.62109375,0.441162109375,1.5654296875,-2.2109375,0.82470703125,2.6796875,-2.56640625,0.73681640625,1.662109375,-2.380859375,0.447998046875
R1136_268,G,268,1.70703125,-1.6337890625,-0.098876953125,1.953125,-1.35546875,-0.53173828125,2.228515625,-1.623046875,-0.2364501953125,2.412109375,-1.87890625,-0.0755615234375,2.193359375,-1.6064453125,-0.041900634765625
R1136_269,G,269,1.966796875,-1.1689453125,0.380615234375,1.3701171875,-1.650390625,0.82373046875,1.5498046875,-1.7685546875,0.708984375,1.970703125,-1.8623046875,1.2041015625,1.57421875,-1.89453125,0.60791015625
R1136_270,C,270,3.34765625,-2.189453125,1.419921875,3.341796875,-2.19140625,2.052734375,3.30859375,-2.3359375,1.76171875,2.958984375,-2.01171875,2.421875,3.234375,-2.080078125,1.8583984375
R1136_271,G,271,1.220703125,-1.0498046875,0.720703125,2.3125,-2.26953125,0.74072265625,1.7587890625,-1.71875,0.300048828125,1.986328125,-1.6796875,0.82861328125,1.8720703125,-1.802734375,0.5537109375
R1136_272,C,272,2.99609375,-1.978515625,1.8134765625,3.26171875,-1.9033203125,1.216796875,2.87890625,-1.8271484375,2.041015625,3.255859375,-1.625,1.7294921875,3.021484375,-1.7265625,2.19140625
R1136_273,C,273,2.6875,-1.46875,1.42578125,2.89453125,-1.365234375,1.46875,3.337890625,-1.46875,1.744140625,2.70703125,-1.4873046875,1.6044921875,2.64453125,-1.49609375,1.8212890625
R1136_274,G,274,1.1787109375,-1.521484375,0.55810546875,1.619140625,-1.1796875,0.267578125,1.384765625,-1.5009765625,0.381103515625,1.572265625,-1.2568359375,0.3623046875,1.1396484375,-0.83544921875,0.7236328125
R1136_275,G,275,1.994140625,-1.2197265625,1.0009765625,1.6611328125,-1.294921875,1.0302734375,1.8984375,-1.1572265625,0.8349609375,1.9462890625,-1.33203125,0.484619140625,1.6015625,-1.7373046875,1.0478515625
R1136_276,G,276,1.5830078125,-1.0029296875,0.6064453125,1.494140625,-1.4111328125,0.8955078125,1.8798828125,-1.1259765625,1.3115234375,1.6064453125,-1.21484375,0.69287109375,1.4189453125,-1.0361328125,0.77734375
R1136_277,A,277,0.99072265625,-1.5107421875,1.1044921875,0.96630859375,-0.99462890625,0.95751953125,1.486328125,-1.0537109375,1.4736328125,1.1318359375,-1.099609375,1.49609375,1.7451171875,-1.171875,1.173828125
R1136_278,C,278,2.65625,-1.4794921875,2.29296875,3.140625,-1.2373046875,1.9658203125,2.701171875,-1.14453125,1.873046875,2.6171875,-1.5400390625,2.126953125,2.486328125,-1.326171875,1.880859375
R1136_279,C,279,2.478515625,-1.4775390625,1.8173828125,2.267578125,-1.5146484375,2.080078125,2.123046875,-1.0791015625,1.75,2.6875,-1.234375,1.654296875,2.328125,-1.1611328125,1.591796875
R1136_280,U,280,1.072265625,-2.01171875,1.29296875,1.779296875,-2.25390625,1.9072265625,1.2255859375,-1.9619140625,2.27734375,1.01953125,-2.236328125,1.630859375,1.5166015625,-2.28515625,2.087890625
R1136_281,U,281,1.2265625,-1.9951171875,1.625,1.73046875,-2.083984375,1.56640625,2.216796875,-2.2578125,1.822265625,1.990234375,-2.1328125,1.947265625,1.2724609375,-1.7490234375,1.3173828125
R1136_282,G,282,0.958984375,-0.59423828125,0.2344970703125,1.32421875,-1.3740234375,0.91650390625,1.8291015625,-1.3662109375,0.471435546875,1.517578125,-0.755859375,0.390625,1.4423828125,-0.70947265625,0.6650390625
R1136_283,A,283,0.94775390625,-1.759765625,0.2685546875,1.7041015625,-1.560546875,0.77392578125,1.6416015625,-1.46875,0.39892578125,1.833984375,-1.5087890625,0.25732421875,1.4638671875,-1.23828125,0.67138671875
R1136_284,A,284,0.80712890625,-0.47900390625,0.5439453125,0.75146484375,-1.240234375,0.4111328125,0.50244140625,-0.64697265625,0.08221435546875,1.0087890625,-0.85205078125,0.5947265625,0.98828125,-0.95166015625,0.52783203125
R1136_285,G,285,1.2578125,-0.54296875,0.452392578125,1.87109375,-0.912109375,0.73046875,1.779296875,-1.30859375,1.4384765625,1.453125,-0.419921875,0.796875,1.2919921875,-1.3486328125,1.1474609375
R1136_286,A,286,0.66845703125,-1.0380859375,0.2227783203125,0.70556640625,-0.61376953125,0.2152099609375,1.2041015625,-1.404296875,0.9462890625,1.099609375,-1.11328125,0.54296875,0.85693359375,-1.1015625,0.47119140625
R1136_287,G,287,0.88671875,-1.0400390625,0.78564453125,0.92822265625,-0.84912109375,0.1585693359375,0.837890625,-1.08984375,0.58154296875,0.7158203125,-1.017578125,0.451171875,0.9931640625,-0.970703125,1.0107421875
R1136_288,A,288,0.49951171875,-1.6494140625,0.296630859375,0.494873046875,-1.7353515625,-0.11602783203125,0.34814453125,-2.0703125,0.7314453125,0.6513671875,-1.8486328125,0.59130859375,0.5048828125,-1.693359375,0.1978759765625
R1136_289,U,289,1.4775390625,-2.05859375,1.119140625,0.7861328125,-2.017578125,1.302734375,1.326171875,-1.505859375,1.267578125,1.408203125,-2.291015625,1.205078125,1.400390625,-2.41796875,1.15625
R1136_290,G,290,1.626953125,-1.6728515625,0.67822265625,1.8564453125,-1.23828125,-0.06787109375,1.341796875,-1.0400390625,-0.032867431640625,1.7119140625,-1.3154296875,0.032501220703125,1.603515625,-1.232421875,0.59033203125
R1136_291,A,291,-0.0289764404296875,-1.42578125,-0.1580810546875,0.70263671875,-1.2470703125,0.307861328125,0.32958984375,-1.265625,-0.040435791015625,-0.0199432373046875,-1.2841796875,-0.1304931640625,0.1865234375,-1.20703125,-0.04510498046875
R1136_292,G,292,1.3203125,-0.9267578125,0.5908203125,2.0,-0.47509765625,0.302490234375,1.8330078125,-0.76171875,0.381591796875,0.736328125,-1.1015625,0.814453125,1.5556640625,-0.75927734375,0.358642578125
R1136_293,A,293,0.81884765625,-1.232421875,0.345947265625,0.3515625,-0.8974609375,0.32275390625,0.955078125,-1.5107421875,0.246337890625,0.2476806640625,-0.83740234375,0.42236328125,0.125,-0.744140625,0.42578125
R1136_294,U,294,1.7685546875,-1.876953125,1.5595703125,1.5419921875,-1.537109375,1.6533203125,2.2265625,-1.8310546875,1.890625,2.1796875,-2.041015625,1.490234375,1.267578125,-2.005859375,2.107421875
R1136_295,U,295,2.10546875,-1.970703125,1.1533203125,2.4765625,-1.73828125,1.740234375,2.126953125,-2.068359375,1.55859375,2.572265625,-1.7880859375,1.689453125,2.333984375,-1.7890625,1.7607421875
R1136_296,U,296,1.91796875,-1.6435546875,1.3671875,1.744140625,-1.814453125,0.9677734375,1.5859375,-1.5224609375,1.4677734375,1.685546875,-1.5048828125,1.162109375,1.935546875,-1.443359375,1.5634765625
R1136_297,C,297,2.09375,-1.23828125,1.125,2.10546875,-1.181640625,1.2841796875,2.15234375,-1.3818359375,1.2451171875,2.49609375,-1.2978515625,1.6083984375,2.146484375,-0.7333984375,1.3779296875
R1136_298,G,298,1.5576171875,0.0038280487060546875,0.32568359375,1.232421875,0.05352783203125,0.82470703125,1.2392578125,0.010040283203125,-0.021453857421875,1.1865234375,-0.126708984375,0.37548828125,1.1708984375,0.5,0.19970703125
R1136_299,A,299,0.7587890625,-1.1767578125,0.5498046875,0.63037109375,-1.130859375,0.1302490234375,0.75537109375,-1.4990234375,0.1116943359375,0.68408203125,-1.18359375,0.5576171875,0.998046875,-1.048828125,0.78955078125
R1136_300,U,300,0.97265625,-1.771484375,1.3837890625,2.08203125,-2.3515625,1.7294921875,1.2646484375,-1.69140625,1.3046875,0.97607421875,-2.044921875,1.9345703125,1.4189453125,-2.32421875,1.404296875
R1136_301,C,301,2.576171875,-1.974609375,1.1865234375,2.5546875,-1.5966796875,1.330078125,2.595703125,-1.673828125,1.8193359375,2.4765625,-1.6220703125,1.048828125,2.552734375,-1.609375,1.1484375
R1136_302,U,302,1.3505859375,-2.04296875,0.857421875,1.490234375,-1.947265625,0.486328125,1.6318359375,-2.099609375,0.96435546875,1.48046875,-1.69140625,1.13671875,1.759765625,-2.33984375,1.203125
R1136_303,C,303,2.609375,-0.85400390625,0.9951171875,2.404296875,-1.359375,1.4287109375,3.154296875,-1.6787109375,1.21875,2.529296875,-0.9052734375,0.9873046875,2.427734375,-1.353515625,1.3134765625
R1136_304,A,304,0.9541015625,-1.44140625,-0.09014892578125,0.51953125,-1.345703125,-0.359619140625,0.5478515625,-1.5576171875,-0.404541015625,0.7587890625,-0.7294921875,0.467529296875,0.90576171875,-1.7001953125,-0.034515380859375
R1136_305,U,305,0.75927734375,-1.4765625,1.2216796875,0.95751953125,-1.33203125,1.1181640625,1.1181640625,-0.91748046875,1.6708984375,1.0517578125,-1.1494140625,1.3466796875,0.74951171875,-0.837890625,1.1396484375
R1136_306,C,306,2.095703125,-0.93310546875,1.9423828125,1.666015625,-0.89892578125,1.59765625,2.068359375,-0.60546875,1.6845703125,2.203125,-0.966796875,1.5810546875,1.9892578125,-1.009765625,1.5927734375
R1136_307,U,307,1.390625,-1.2158203125,1.318359375,1.2666015625,-2.388671875,1.3642578125,1.0478515625,-1.583984375,1.572265625,1.75390625,-2.279296875,2.017578125,1.4033203125,-1.4990234375,1.44140625
R1136_308,U,308,1.3134765625,-2.48046875,1.564453125,1.2939453125,-2.056640625,1.490234375,1.431640625,-2.494140625,1.234375,1.056640625,-2.568359375,1.90234375,0.9423828125,-1.9375,1.294921875
R1136_309,U,309,0.92724609375,-2.255859375,1.556640625,0.98388671875,-2.640625,1.2470703125,1.1162109375,-1.98828125,1.294921875,1.22265625,-2.1484375,1.3125,0.8701171875,-2.982421875,1.0947265625
R1136_310,G,310,1.7470703125,-1.603515625,1.0888671875,1.2158203125,-1.0908203125,0.46337890625,1.439453125,-1.0947265625,1.361328125,1.140625,-0.8408203125,0.80615234375,2.2421875,-1.388671875,-0.296630859375
R1136_311,G,311,1.1513671875,-0.6787109375,0.400390625,0.9267578125,-1.8115234375,0.8837890625,1.51953125,-1.3095703125,0.55322265625,1.3583984375,-0.9873046875,0.38037109375,1.0966796875,-1.4072265625,-0.057220458984375
R1136_312,G,312,0.751953125,-0.67431640625,0.552734375,1.1142578125,-0.75244140625,0.6435546875,1.0244140625,-1.5947265625,0.9140625,0.740234375,-0.939453125,0.39306640625,1.1474609375,-1.3388671875,0.406494140625
R1136_313,U,313,1.099609375,-2.12109375,1.2236328125,0.93798828125,-2.421875,0.93212890625,0.57177734375,-1.673828125,0.91650390625,0.77783203125,-2.1640625,1.369140625,0.9736328125,-2.685546875,1.36328125
R1136_314,G,314,1.5166015625,-0.96923828125,0.292724609375,1.4580078125,-0.40087890625,-0.041839599609375,1.3115234375,-1.1708984375,0.67529296875,1.298828125,-0.331298828125,0.556640625,1.2724609375,-0.295166015625,0.4970703125
R1136_315,U,315,1.3818359375,-1.541015625,1.1962890625,1.4501953125,-1.6337890625,0.59326171875,1.54296875,-1.6455078125,1.056640625,1.451171875,-1.3837890625,0.7470703125,1.388671875,-1.5224609375,0.99853515625
R1136_316,C,316,2.435546875,-0.740234375,0.74658203125,2.251953125,-0.9453125,0.77685546875,1.9345703125,-0.591796875,0.9873046875,2.265625,-0.94677734375,1.1787109375,2.189453125,-0.603515625,1.115234375
R1136_317,U,317,1.9462890625,-1.5537109375,1.1015625,1.55078125,-1.6767578125,1.1376953125,1.2919921875,-0.9853515625,0.7119140625,1.8447265625,-1.421875,1.1689453125,1.28515625,-1.4951171875,0.8876953125
R1136_318,C,318,2.552734375,-1.1328125,1.3818359375,2.072265625,-0.56201171875,1.2265625,2.43359375,-0.64501953125,0.87744140625,2.302734375,-0.78076171875,1.2294921875,2.177734375,-0.51953125,1.3115234375
R1136_319,U,319,1.3525390625,-1.693359375,1.75,1.6689453125,-1.3076171875,0.8115234375,1.6806640625,-1.435546875,0.84130859375,1.640625,-1.439453125,1.0732421875,1.7490234375,-1.7568359375,1.599609375
R1136_320,G,320,1.6953125,-0.53125,0.75439453125,2.392578125,-0.90673828125,0.62158203125,2.109375,-0.0372314453125,0.794921875,2.048828125,-0.818359375,0.7021484375,1.7470703125,-1.3525390625,0.71240234375
R1136_321,G,321,2.734375,-1.4541015625,0.19140625,2.640625,-1.408203125,0.86328125,2.359375,-0.9892578125,0.9970703125,2.43359375,-1.0966796875,1.291015625,3.279296875,-1.4248046875,0.8974609375
R1136_322,U,322,1.4873046875,-2.09765625,1.390625,2.3125,-2.513671875,1.7001953125,2.044921875,-2.60546875,1.4853515625,1.5478515625,-2.2890625,1.083984375,1.671875,-2.435546875,1.591796875
R1136_323,G,323,1.81640625,-0.837890625,1.1025390625,2.408203125,-0.626953125,0.8984375,2.302734375,-1.5693359375,1.3671875,2.19140625,-1.2666015625,0.974609375,1.685546875,-1.3388671875,1.701171875
R1136_324,C,324,2.015625,-1.439453125,1.8603515625,1.966796875,-1.76953125,1.1435546875,2.0703125,-1.708984375,1.701171875,1.7880859375,-2.2265625,1.4775390625,1.6123046875,-1.5068359375,1.8212890625
R1136_325,U,325,1.51953125,-2.654296875,1.38671875,1.3154296875,-2.234375,1.9208984375,1.451171875,-2.56640625,1.3876953125,1.73828125,-3.09375,1.7998046875,1.5908203125,-3.32421875,1.2392578125
R1136_326,U,326,1.8896484375,-2.6875,1.4609375,1.806640625,-3.453125,0.93359375,1.9423828125,-3.16015625,1.580078125,1.7001953125,-2.974609375,1.0029296875,1.3544921875,-2.34765625,2.171875
R1136_327,G,327,1.56640625,-1.576171875,1.3037109375,1.4091796875,-1.59375,1.08203125,1.6708984375,-1.8779296875,-0.039306640625,1.8046875,-1.701171875,0.372314453125,1.60546875,-1.609375,1.0283203125
R1136_328,A,328,0.50537109375,-1.40625,-0.2213134765625,0.7138671875,-1.798828125,0.19873046875,1.0078125,-1.6591796875,1.171875,1.12109375,-1.5751953125,0.10614013671875,0.72509765625,-1.9775390625,0.452392578125
R1136_329,G,329,1.677734375,-1.1533203125,0.28466796875,1.6923828125,-1.37890625,0.689453125,1.51171875,-1.7724609375,-0.0292205810546875,1.7998046875,-1.400390625,-0.174072265625,1.671875,-0.76904296875,-0.156982421875
R1136_330,G,330,1.4599609375,-1.3662109375,-0.07159423828125,1.517578125,-1.478515625,0.1639404296875,1.9150390625,-1.236328125,-0.38525390625,1.4912109375,-0.81103515625,-0.3642578125,1.3486328125,-1.2333984375,-0.53955078125
R1136_331,G,331,1.7861328125,-2.19921875,0.61328125,1.2568359375,-1.462890625,-0.198974609375,1.609375,-2.130859375,-0.1854248046875,1.5732421875,-2.2734375,-0.296875,1.2177734375,-1.2861328125,-0.331787109375
R1136_332,C,332,2.625,-1.8935546875,1.744140625,2.669921875,-2.86328125,2.35546875,2.66015625,-2.14453125,2.146484375,2.654296875,-2.1171875,1.279296875,2.58203125,-2.173828125,1.6181640625
R1136_333,C,333,3.205078125,-2.29296875,2.236328125,3.11328125,-2.3046875,2.333984375,2.951171875,-1.9775390625,2.474609375,3.240234375,-2.302734375,2.408203125,3.095703125,-1.9736328125,1.515625
R1136_334,C,334,2.94140625,-1.7763671875,2.021484375,2.556640625,-1.7685546875,2.474609375,2.677734375,-1.9501953125,3.154296875,2.654296875,-1.939453125,2.19921875,2.13671875,-1.458984375,2.10546875
R1136_335,U,335,1.720703125,-2.701171875,2.076171875,1.529296875,-2.626953125,1.734375,1.423828125,-2.626953125,2.16796875,1.8779296875,-1.9443359375,1.9658203125,1.7744140625,-2.712890625,2.263671875
R1136_336,G,336,1.4365234375,-1.1025390625,0.87890625,1.5380859375,-1.1923828125,0.64013671875,2.00390625,-1.5078125,0.84912109375,1.400390625,-0.9306640625,1.05078125,1.1875,-1.64453125,1.259765625
R1136_337,U,337,1.310546875,-2.8359375,1.634765625,1.2431640625,-2.98828125,1.48828125,1.423828125,-2.931640625,1.6796875,0.865234375,-1.8447265625,1.666015625,1.2939453125,-3.576171875,2.064453125
R1136_338,G,338,1.28515625,-1.087890625,-0.219482421875,1.283203125,-1.6396484375,0.406494140625,1.9599609375,-2.125,0.030120849609375,0.85498046875,-1.46484375,0.364013671875,1.009765625,-1.7314453125,-0.06695556640625
R1136_339,U,339,1.197265625,-2.3359375,0.810546875,1.42578125,-2.11328125,0.95703125,1.5498046875,-2.296875,0.80859375,1.341796875,-2.0546875,0.73193359375,1.1416015625,-2.453125,1.21484375
R1136_340,U,340,1.5478515625,-2.240234375,0.11456298828125,1.3056640625,-1.921875,0.34033203125,1.740234375,-2.015625,0.1422119140625,0.9609375,-1.8193359375,0.1885986328125,1.5458984375,-1.75390625,-0.070556640625
R1136_341,C,341,2.4921875,-0.8232421875,0.62646484375,2.220703125,-0.884765625,0.7216796875,2.11328125,-0.876953125,0.970703125,2.5703125,-1.0576171875,1.25390625,2.501953125,-1.3896484375,1.2236328125
R1136_342,G,342,1.0146484375,-0.08026123046875,-0.311767578125,0.94287109375,0.47509765625,-0.71484375,0.48681640625,0.269287109375,-0.5927734375,0.814453125,-0.1932373046875,-1.001953125,0.362548828125,-0.10498046875,-0.646484375
R1136_343,C,343,2.212890625,-1.6826171875,1.763671875,1.6328125,-1.76171875,1.6005859375,1.8779296875,-1.3076171875,1.5615234375,1.9833984375,-1.033203125,1.5908203125,2.265625,-1.126953125,1.38671875
R1136_344,A,344,-0.421875,-1.42578125,-0.8818359375,0.193603515625,-1.69921875,-0.56103515625,-0.25390625,-2.474609375,0.2010498046875,-0.337158203125,-2.158203125,0.10516357421875,-0.1292724609375,-1.8701171875,0.05322265625
R1136_345,C,345,2.2734375,-1.751953125,1.1796875,2.193359375,-1.85546875,1.322265625,1.97265625,-2.28125,1.40625,1.9296875,-2.099609375,0.919921875,2.265625,-1.8330078125,1.1328125
R1136_346,A,346,0.56787109375,-2.37109375,0.4814453125,0.3173828125,-2.033203125,0.25146484375,-0.045806884765625,-2.30859375,-0.669921875,-0.255126953125,-2.404296875,-0.1033935546875,0.56982421875,-2.064453125,0.207763671875
R1136_347,G,347,0.84912109375,-0.716796875,0.177001953125,1.04296875,-1.1279296875,0.06793212890625,1.5185546875,-1.0498046875,-0.2354736328125,0.90625,-0.88818359375,0.48291015625,0.92578125,-1.380859375,-0.02001953125
R1136_348,G,348,1.3134765625,-0.35693359375,0.1959228515625,0.99267578125,-0.7568359375,0.439208984375,0.654296875,-1.2275390625,0.280029296875,1.2568359375,-1.189453125,0.51806640625,0.91943359375,-0.591796875,-0.062103271484375
R1136_349,G,349,1.0498046875,-0.70068359375,0.7919921875,0.99658203125,-0.5283203125,0.736328125,1.365234375,-0.494140625,1.0673828125,0.5107421875,-1.3017578125,0.64794921875,1.1650390625,-0.3310546875,0.8388671875
R1136_350,C,350,2.5703125,-1.42578125,1.73046875,2.36328125,-1.5185546875,1.7578125,2.138671875,-1.16015625,1.859375,2.455078125,-1.0166015625,2.2265625,2.392578125,-0.7783203125,1.763671875
R1136_351,C,351,2.603515625,-1.41796875,2.560546875,3.34765625,-1.662109375,1.7919921875,3.076171875,-1.37890625,2.234375,3.287109375,-1.0185546875,2.21484375,2.197265625,-1.546875,1.6005859375
R1136_352,G,352,2.048828125,-0.50927734375,0.380859375,2.087890625,-0.77783203125,0.285888671875,2.341796875,-0.322509765625,0.1514892578125,2.1171875,-0.429931640625,0.98876953125,1.6357421875,-0.0726318359375,0.5654296875
R1136_353,C,353,3.42578125,-0.90771484375,1.2421875,2.78125,-0.7109375,1.080078125,3.49609375,-0.97802734375,1.625,3.15234375,-1.1552734375,1.4951171875,3.3515625,-1.21484375,1.556640625
R1136_354,U,354,0.6591796875,-1.576171875,0.408447265625,0.82861328125,-1.92578125,0.83447265625,0.89404296875,-1.5263671875,1.0439453125,0.9755859375,-1.546875,0.81103515625,0.86328125,-1.998046875,1.43359375
R1136_355,C,355,1.291015625,-1.150390625,0.896484375,1.5693359375,-1.21484375,1.7578125,1.861328125,-1.0234375,1.171875,1.6044921875,-1.0869140625,0.85302734375,1.52734375,-1.2734375,1.0830078125
R1136_356,A,356,-0.583984375,-0.77490234375,-0.84814453125,-0.2308349609375,-1.8134765625,-0.97021484375,-0.8935546875,-1.2587890625,-1.0263671875,-1.1640625,-0.9833984375,-0.402099609375,-0.2462158203125,-1.76171875,-0.92724609375
R1136_357,C,357,1.1591796875,-1.1591796875,1.37109375,0.5693359375,-0.93701171875,0.50146484375,1.5087890625,-0.89453125,0.78759765625,1.0390625,-1.2919921875,1.2109375,0.7060546875,-1.2919921875,0.93505859375
R1136_358,U,358,0.365234375,-1.3251953125,1.0986328125,0.310302734375,-1.9658203125,1.0556640625,0.311767578125,-1.498046875,0.1558837890625,-0.17138671875,-1.9560546875,0.50341796875,0.127197265625,-1.6005859375,0.82373046875
R1136_359,G,359,1.1337890625,-0.51123046875,-0.186767578125,0.99609375,-0.73388671875,-0.09930419921875,0.5849609375,-0.818359375,0.48388671875,0.95068359375,-0.384765625,-0.55322265625,0.80029296875,-0.546875,-0.387451171875
R1136_360,G,360,1.3037109375,0.04498291015625,-1.376953125,0.65234375,-0.0258636474609375,-0.79052734375,0.85400390625,0.410888671875,-0.33740234375,0.70263671875,-0.80517578125,-0.2164306640625,1.0595703125,0.209716796875,-0.32373046875
R1136_361,G,361,1.2216796875,-0.1629638671875,-0.46337890625,1.328125,-0.108154296875,0.057373046875,0.72265625,0.050537109375,-0.58447265625,0.97802734375,-0.6845703125,-0.227783203125,1.005859375,-0.95361328125,-0.20654296875
R1136_362,U,362,1.01171875,-0.9345703125,1.2138671875,1.072265625,-1.9013671875,0.89306640625,0.67431640625,-1.1435546875,0.93994140625,1.0029296875,-0.84130859375,0.83984375,0.459228515625,-1.1962890625,0.63232421875
R1136_363,G,363,1.0771484375,-0.352783203125,0.86083984375,0.89794921875,0.0955810546875,0.70166015625,1.0966796875,-0.170654296875,0.036224365234375,1.2783203125,0.2327880859375,0.296630859375,1.1298828125,0.08135986328125,0.5029296875
R1136_364,U,364,1.3505859375,-0.99609375,1.01171875,1.3759765625,-1.19140625,1.638671875,0.904296875,-1.341796875,1.421875,1.544921875,-1.1044921875,1.5888671875,1.4169921875,-1.3525390625,1.79296875
R1136_365,G,365,1.32421875,-0.365478515625,0.98095703125,1.3193359375,-0.58251953125,1.447265625,1.173828125,-0.44189453125,0.7138671875,1.3232421875,-0.189208984375,0.49658203125,1.703125,-0.317626953125,0.6357421875
R1136_366,G,366,1.8515625,-0.595703125,0.71630859375,1.58984375,-0.447265625,0.63671875,1.7822265625,-0.474365234375,0.0007700920104980469,1.3017578125,0.08538818359375,0.8447265625,1.947265625,0.0640869140625,1.16015625
R1136_367,A,367,-0.216796875,-1.4287109375,-0.359130859375,-0.0609130859375,-1.291015625,-0.043975830078125,-0.131591796875,-1.1123046875,-0.439453125,0.266845703125,-1.4072265625,-0.043365478515625,-0.07366943359375,-1.42578125,-0.31640625
R1136_368,C,368,1.8408203125,-1.203125,1.4189453125,1.71875,-1.3701171875,1.2275390625,1.646484375,-0.99658203125,1.640625,2.154296875,-1.1044921875,1.162109375,1.447265625,-1.1943359375,1.1494140625
R1136_369,G,369,0.9912109375,-0.79443359375,0.466796875,1.03515625,-1.0185546875,0.3505859375,1.0361328125,-1.197265625,1.630859375,1.001953125,-0.5595703125,0.20849609375,1.109375,-0.8525390625,0.708984375
R1136_370,U,370,0.73388671875,-2.1328125,1.6298828125,0.50439453125,-1.916015625,1.0693359375,0.87060546875,-1.5869140625,1.0009765625,1.1865234375,-1.798828125,0.404052734375,0.50439453125,-1.779296875,0.96728515625
R1136_371,A,371,-0.1944580078125,-1.3017578125,0.56005859375,0.2529296875,-1.7587890625,0.1563720703125,-0.39111328125,-2.205078125,0.33544921875,-0.056060791015625,-0.7744140625,0.498291015625,-0.58935546875,-1.0927734375,0.042694091796875
R1136_372,U,372,0.96923828125,-2.091796875,1.2294921875,1.3076171875,-1.7216796875,1.19921875,1.2109375,-1.603515625,0.755859375,0.66357421875,-1.3232421875,1.3974609375,1.1923828125,-1.595703125,0.8896484375
R1136_373,C,373,1.0888671875,-0.9775390625,1.3203125,1.009765625,-1.099609375,1.41015625,1.1513671875,-1.52734375,1.0087890625,0.9775390625,-1.666015625,1.2001953125,0.72509765625,-1.4033203125,0.8828125
R1136_374,C,374,1.8271484375,-1.5517578125,1.083984375,1.2421875,-2.513671875,1.1826171875,1.19921875,-2.044921875,1.87109375,1.455078125,-1.701171875,0.87255859375,0.7861328125,-1.923828125,1.6484375
R1138_1,G,1,1.09375,-1.28125,0.794921875,2.064453125,-2.26953125,-0.1331787109375,1.3369140625,-1.888671875,0.38916015625,2.123046875,-1.7490234375,-0.07293701171875,1.6025390625,-2.0546875,0.113037109375
R1138_2,G,2,1.4658203125,-1.7607421875,0.541015625,1.1748046875,-1.9130859375,-0.29248046875,1.673828125,-1.845703125,0.418701171875,1.3095703125,-1.171875,0.58740234375,1.6748046875,-1.8544921875,0.375732421875
R1138_3,G,3,1.13671875,-1.3388671875,0.315185546875,1.16015625,-1.1962890625,-0.043609619140625,1.8974609375,-1.314453125,-0.07830810546875,1.158203125,-1.4658203125,0.00786590576171875,1.45703125,-1.466796875,-0.11932373046875
R1138_4,A,4,1.015625,-2.150390625,1.2119140625,1.5078125,-1.3505859375,0.5439453125,1.177734375,-1.3076171875,1.3271484375,0.9228515625,-1.525390625,0.58984375,1.123046875,-1.23046875,0.7353515625
R1138_5,G,5,1.8076171875,-1.4638671875,-0.53857421875,1.5546875,-1.787109375,-0.055389404296875,1.57421875,-1.6064453125,-0.233642578125,1.9169921875,-2.15625,0.19189453125,1.9345703125,-1.8193359375,0.0030059814453125
R1138_6,A,6,0.8212890625,-2.029296875,0.85107421875,0.9853515625,-1.779296875,0.385498046875,2.408203125,-2.27734375,1.53125,1.583984375,-2.681640625,0.388427734375,1.1865234375,-2.48046875,0.60400390625
R1138_7,G,7,1.9248046875,-2.4140625,0.69482421875,2.193359375,-2.9375,0.377197265625,2.12890625,-2.064453125,0.49169921875,1.6962890625,-2.28515625,0.853515625,1.8095703125,-1.8505859375,0.2105712890625
R1138_8,U,8,1.6064453125,-3.025390625,2.486328125,1.435546875,-3.173828125,1.916015625,1.2763671875,-3.0234375,1.546875,1.1015625,-2.947265625,2.123046875,1.283203125,-2.96484375,1.7744140625
R1138_9,A,9,0.40673828125,-2.87109375,1.015625,1.1494140625,-3.13671875,1.1171875,0.66259765625,-3.494140625,0.8681640625,1.5,-3.30859375,0.6083984375,0.96728515625,-2.1328125,0.41552734375
R1138_10,C,10,1.888671875,-2.869140625,1.12109375,1.431640625,-2.88671875,1.44921875,1.66796875,-3.298828125,2.2421875,2.19921875,-3.169921875,1.69140625,2.041015625,-2.9453125,2.115234375
R1138_11,U,11,0.397216796875,-3.953125,1.8017578125,0.71826171875,-3.8515625,1.4462890625,1.1123046875,-4.00390625,1.4814453125,1.4755859375,-3.708984375,2.24609375,0.11505126953125,-4.125,1.46875
R1138_12,A,12,1.50390625,-3.685546875,-0.128662109375,1.4375,-4.34375,1.275390625,0.80126953125,-3.84375,1.55859375,0.9814453125,-4.05859375,0.01934814453125,0.80712890625,-3.734375,0.2391357421875
R1138_13,U,13,1.412109375,-4.078125,1.3701171875,1.5078125,-4.1484375,1.7734375,1.5595703125,-3.9921875,0.93798828125,1.41796875,-4.11328125,1.37109375,1.1640625,-4.04296875,1.17578125
R1138_14,U,14,1.349609375,-4.421875,0.92333984375,1.57421875,-3.958984375,1.333984375,1.6171875,-3.5859375,0.70751953125,1.283203125,-3.396484375,1.1611328125,1.5390625,-4.34375,0.73486328125
R1138_15,C,15,2.203125,-3.171875,1.751953125,2.359375,-2.4375,1.0048828125,2.146484375,-2.521484375,1.1044921875,2.220703125,-3.115234375,1.064453125,2.5234375,-2.669921875,1.21875
R1138_16,A,16,0.496826171875,-2.09765625,-0.2451171875,1.22265625,-3.08203125,-0.329345703125,0.80712890625,-2.802734375,0.175537109375,-0.326416015625,-2.1640625,-0.51904296875,1.380859375,-3.03515625,-1.169921875
R1138_17,G,17,1.5732421875,-3.19140625,-0.113525390625,1.5986328125,-2.955078125,0.42822265625,1.1953125,-2.703125,-0.252685546875,1.390625,-2.8359375,-0.44287109375,1.69140625,-2.97265625,-1.27734375
R1138_18,A,18,1.7216796875,-3.1328125,-0.8408203125,1.1181640625,-3.21875,-0.2705078125,1.611328125,-3.564453125,-0.52783203125,1.88671875,-3.916015625,-0.284423828125,1.6123046875,-3.47265625,-0.423828125
R1138_19,U,19,1.9677734375,-3.60546875,1.1552734375,2.12890625,-3.8203125,1.3349609375,2.22265625,-3.666015625,1.421875,2.068359375,-4.63671875,0.61865234375,2.044921875,-3.0390625,0.87255859375
R1138_20,G,20,2.58203125,-2.572265625,-0.9482421875,2.27734375,-2.65234375,-0.86572265625,2.556640625,-2.84375,-1.4462890625,2.884765625,-3.5078125,-0.490966796875,2.189453125,-2.033203125,-1.42578125
R1138_21,C,21,3.134765625,-2.697265625,1.228515625,2.662109375,-2.234375,1.296875,2.70703125,-2.791015625,1.734375,2.74609375,-2.296875,0.90234375,2.69921875,-2.73828125,0.65966796875
R1138_22,A,22,0.93896484375,-1.7529296875,-0.357666015625,0.71826171875,-2.017578125,-0.06524658203125,1.6484375,-2.48046875,-0.190185546875,0.7666015625,-1.9443359375,-0.472900390625,0.95458984375,-2.21484375,-0.3115234375
R1138_23,G,23,1.8310546875,-1.697265625,0.00737762451171875,1.9580078125,-1.3798828125,-0.85205078125,1.65234375,-2.484375,-0.0833740234375,1.7216796875,-1.9697265625,-0.435302734375,2.109375,-1.6005859375,-0.09954833984375
R1138_24,A,24,1.7109375,-1.7978515625,0.2447509765625,0.74072265625,-1.5869140625,-0.1898193359375,1.7119140625,-2.345703125,0.72705078125,1.859375,-2.421875,0.03460693359375,2.138671875,-1.876953125,1.3447265625
R1138_25,C,25,2.52734375,-2.6875,2.68359375,2.04296875,-1.8828125,1.83984375,2.841796875,-1.90625,1.986328125,2.251953125,-2.05859375,1.6474609375,2.14453125,-2.169921875,1.802734375
R1138_26,C,26,3.07421875,-1.9912109375,2.103515625,2.203125,-2.283203125,1.7021484375,2.75390625,-2.14453125,1.3515625,2.79296875,-2.310546875,0.93115234375,2.53125,-2.189453125,1.4501953125
R1138_27,G,27,2.65625,-2.505859375,-0.74560546875,2.33203125,-2.072265625,0.07733154296875,1.8076171875,-2.427734375,-0.1524658203125,1.82421875,-1.8974609375,-1.037109375,1.63671875,-2.37109375,-0.6494140625
R1138_28,C,28,2.537109375,-1.90234375,0.6103515625,1.7314453125,-2.146484375,1.5869140625,1.935546875,-1.4609375,0.4814453125,1.876953125,-2.361328125,1.0322265625,2.0078125,-1.53125,0.765625
R1138_29,A,29,1.2978515625,-1.7021484375,-1.0615234375,1.0166015625,-2.18359375,-0.0765380859375,1.1953125,-2.326171875,-0.446044921875,0.449462890625,-1.7685546875,-1.3134765625,0.802734375,-2.19921875,-0.09906005859375
R1138_30,A,30,0.76123046875,-2.46875,0.355224609375,0.775390625,-1.8310546875,-0.5537109375,0.359375,-2.740234375,0.0565185546875,0.84375,-2.1640625,-0.1954345703125,0.646484375,-1.966796875,-0.5224609375
R1138_31,G,31,1.251953125,-1.228515625,-0.669921875,1.38671875,-1.7783203125,-0.8505859375,0.8212890625,-2.138671875,-0.1331787109375,1.3232421875,-2.048828125,-1.2646484375,1.203125,-1.939453125,-0.6318359375
R1138_32,U,32,1.3017578125,-3.052734375,0.2861328125,0.78466796875,-2.87890625,0.1973876953125,1.25,-3.255859375,0.62841796875,1.138671875,-2.953125,0.1451416015625,1.29296875,-3.06640625,0.17431640625
R1138_33,U,33,1.3095703125,-3.0703125,0.66357421875,1.544921875,-2.36328125,-0.2166748046875,1.0908203125,-2.685546875,0.1986083984375,1.396484375,-2.779296875,0.0008234977722167969,1.4169921875,-2.462890625,-0.333251953125
R1138_34,C,34,1.86328125,-2.02734375,-0.11468505859375,1.73828125,-2.20703125,-0.038482666015625,2.115234375,-2.296875,-0.1663818359375,2.5234375,-2.029296875,0.6923828125,1.8193359375,-2.466796875,0.38720703125
R1138_35,A,35,0.65234375,-1.4912109375,-0.91015625,0.64208984375,-0.86328125,-0.296875,0.5751953125,-0.79541015625,-0.74853515625,0.67626953125,-1.2841796875,-1.25390625,0.06671142578125,-1.8466796875,-1.1328125
R1138_36,G,36,0.78662109375,-1.0009765625,-0.59716796875,1.482421875,-0.73828125,-0.91162109375,1.0126953125,-1.5478515625,-0.4951171875,1.69921875,-1.0263671875,-0.376953125,0.8974609375,-0.8779296875,-0.7275390625
R1138_37,A,37,0.89892578125,-0.95458984375,-0.11328125,1.228515625,-0.634765625,0.1275634765625,0.6923828125,-1.271484375,0.360107421875,0.6083984375,-1.1279296875,-0.0948486328125,1.01171875,-1.462890625,0.1832275390625
R1138_38,G,38,1.0673828125,-1.4423828125,0.9150390625,1.2255859375,-2.009765625,0.59765625,0.88671875,-1.171875,0.57861328125,0.9140625,-1.8828125,1.2294921875,1.166015625,-0.90087890625,0.60302734375
R1138_39,C,39,1.6748046875,-1.865234375,1.0224609375,1.4814453125,-1.3203125,1.396484375,1.6142578125,-1.154296875,1.49609375,1.802734375,-1.619140625,1.0283203125,1.4658203125,-1.33984375,2.189453125
R1138_40,G,40,1.23046875,-0.7138671875,-0.496337890625,1.833984375,-1.662109375,-0.1842041015625,1.6513671875,-1.4267578125,-0.31103515625,1.7490234375,-0.83544921875,-0.65478515625,1.359375,-1.3720703125,0.233642578125
R1138_41,G,41,1.173828125,-1.2275390625,-0.677734375,1.2275390625,-1.65625,-0.1171875,1.505859375,-1.6552734375,0.53173828125,0.93994140625,-1.1845703125,-0.321533203125,1.77734375,-1.2998046875,-0.0782470703125
R1138_42,U,42,0.8515625,-2.064453125,0.41015625,1.416015625,-2.53125,-0.147216796875,0.99560546875,-2.38671875,0.66796875,0.85302734375,-2.0625,0.74365234375,1.33203125,-2.8359375,-0.2264404296875
R1138_43,U,43,0.79296875,-3.134765625,1.0322265625,0.8291015625,-2.958984375,0.0870361328125,0.7666015625,-2.443359375,0.21337890625,1.1181640625,-3.05859375,0.58349609375,1.0185546875,-2.419921875,0.2127685546875
R1138_44,U,44,0.252197265625,-1.7314453125,0.08050537109375,0.42041015625,-1.69140625,0.08349609375,0.7412109375,-2.951171875,0.81396484375,0.57568359375,-2.33203125,0.1312255859375,0.70458984375,-2.701171875,0.365966796875
R1138_45,G,45,0.65869140625,-0.427978515625,-1.42578125,1.5,-1.408203125,-0.444091796875,0.84814453125,-0.896484375,-1.4619140625,0.66064453125,-0.369873046875,-1.03515625,0.73095703125,-1.126953125,-0.95068359375
R1138_46,C,46,1.5078125,-1.3857421875,-0.060821533203125,1.447265625,-1.1416015625,-0.0285491943359375,0.93017578125,-1.2998046875,0.66748046875,1.212890625,-1.3583984375,0.394775390625,0.86181640625,-1.111328125,-0.09808349609375
R1138_47,A,47,-0.5849609375,-1.3154296875,-0.8466796875,0.31396484375,-1.6279296875,-0.69921875,-0.285400390625,-1.318359375,-0.76513671875,-0.0679931640625,-1.21484375,-0.90234375,-0.6083984375,-1.19140625,-1.3349609375
R1138_48,U,48,0.896484375,-2.787109375,0.2130126953125,0.865234375,-2.939453125,0.71142578125,0.7412109375,-2.69921875,0.2113037109375,0.85009765625,-3.26171875,0.59228515625,0.4189453125,-2.3359375,0.2210693359375
R1138_49,C,49,1.826171875,-2.236328125,0.1790771484375,1.62109375,-2.49609375,0.60595703125,2.59375,-2.09765625,0.62060546875,1.4599609375,-2.833984375,0.7470703125,1.111328125,-1.4140625,0.325927734375
R1138_50,U,50,1.8251953125,-3.455078125,1.689453125,1.0546875,-3.091796875,0.759765625,1.1162109375,-3.150390625,0.8115234375,1.8310546875,-2.8203125,0.60791015625,1.3818359375,-3.45703125,0.450439453125
R1138_51,A,51,0.50927734375,-1.9794921875,0.54931640625,0.20654296875,-2.4609375,0.90087890625,0.5263671875,-2.658203125,1.224609375,0.153076171875,-2.0234375,0.197265625,-0.03863525390625,-2.251953125,0.216552734375
R1138_52,G,52,1.3876953125,-1.96484375,0.95849609375,0.9853515625,-1.779296875,0.5361328125,1.419921875,-1.568359375,0.396484375,1.3681640625,-2.1875,0.26904296875,1.2041015625,-2.080078125,0.53466796875
R1138_53,G,53,1.2197265625,-1.9267578125,0.73681640625,0.2783203125,-2.43359375,0.3876953125,1.0830078125,-1.9833984375,0.97998046875,1.05859375,-1.88671875,0.6689453125,0.685546875,-2.26171875,0.455078125
R1138_54,G,54,0.92333984375,-2.005859375,0.9853515625,0.331298828125,-2.240234375,0.66943359375,0.52392578125,-1.7529296875,1.0478515625,0.68310546875,-2.609375,0.85302734375,0.66748046875,-1.8046875,0.365478515625
R1138_55,U,55,0.513671875,-3.41015625,1.830078125,1.1201171875,-3.28515625,2.08203125,0.90673828125,-3.7421875,2.0546875,0.4814453125,-3.69921875,2.015625,0.71044921875,-3.326171875,1.580078125
R1138_56,A,56,0.5654296875,-2.787109375,0.42333984375,0.2252197265625,-2.904296875,0.468505859375,0.166015625,-3.890625,0.21240234375,0.4287109375,-2.37109375,0.27685546875,0.10968017578125,-2.615234375,0.46728515625
R1138_57,C,57,1.2236328125,-2.3359375,1.748046875,1.353515625,-2.666015625,1.8427734375,0.9296875,-1.9814453125,1.818359375,1.1484375,-2.3671875,1.1201171875,0.7158203125,-1.8828125,1.537109375
R1138_58,G,58,0.386962890625,-2.2578125,0.65283203125,0.1748046875,-2.072265625,0.68896484375,0.061614990234375,-1.7158203125,0.329345703125,-0.0350341796875,-2.09765625,-0.007480621337890625,0.0136871337890625,-1.69921875,0.054107666015625
R1138_59,U,59,0.07806396484375,-2.98046875,1.3837890625,0.5546875,-2.646484375,1.6376953125,0.31982421875,-3.220703125,1.7412109375,-0.302734375,-2.98828125,1.5869140625,-0.04241943359375,-3.177734375,1.4404296875
R1138_60,U,60,-0.006015777587890625,-3.484375,1.529296875,0.298583984375,-3.28515625,1.453125,0.0736083984375,-2.57421875,1.337890625,-0.171630859375,-3.0078125,1.5263671875,-0.1893310546875,-2.654296875,1.466796875
R1138_61,U,61,1.1328125,-2.80859375,1.3828125,0.254150390625,-2.736328125,0.8740234375,0.7841796875,-3.046875,0.94580078125,0.79638671875,-2.650390625,1.3037109375,0.93115234375,-3.095703125,1.8740234375
R1138_62,U,62,1.4140625,-3.0078125,1.3115234375,1.3994140625,-2.82421875,1.2431640625,1.6669921875,-3.2578125,1.9326171875,0.94482421875,-2.896484375,1.2255859375,0.849609375,-3.466796875,1.171875
R1138_63,C,63,1.6796875,-2.083984375,1.46484375,1.87109375,-2.005859375,1.4130859375,1.0546875,-1.9462890625,1.1298828125,1.703125,-2.041015625,1.3251953125,1.6650390625,-2.466796875,1.09765625
R1138_64,G,64,1.267578125,-1.7939453125,0.055267333984375,1.0849609375,-1.8837890625,-0.359619140625,1.2880859375,-1.6240234375,0.14599609375,1.2412109375,-1.4375,-0.25244140625,0.853515625,-1.578125,-0.16796875
R1138_65,A,65,0.71337890625,-2.259765625,0.646484375,0.65087890625,-2.302734375,0.492431640625,0.483154296875,-2.8359375,0.1558837890625,0.2064208984375,-2.798828125,0.830078125,0.1102294921875,-2.51171875,0.48486328125
R1138_66,A,66,-0.158935546875,-2.4375,0.435791015625,-0.045440673828125,-2.412109375,0.2039794921875,-0.1153564453125,-2.494140625,0.221923828125,-0.07696533203125,-2.564453125,0.480224609375,-0.07525634765625,-1.9013671875,-0.200439453125
R1138_67,C,67,0.58251953125,-2.3359375,1.9150390625,0.67822265625,-2.02734375,1.3291015625,0.92431640625,-2.05859375,1.4482421875,0.513671875,-2.08203125,1.7421875,0.90283203125,-2.009765625,1.8427734375
R1138_68,G,68,0.1151123046875,-2.02734375,0.291015625,0.375,-2.517578125,1.1484375,-0.042633056640625,-1.796875,-0.1082763671875,0.07281494140625,-2.240234375,0.53564453125,0.58447265625,-2.4921875,1.0654296875
R1138_69,U,69,0.63427734375,-3.412109375,1.2099609375,0.29833984375,-3.03515625,1.3486328125,0.515625,-3.134765625,1.779296875,0.54931640625,-2.9140625,1.75,0.28662109375,-3.17578125,1.3544921875
R1138_70,A,70,-0.09417724609375,-2.28515625,-0.37451171875,-0.677734375,-2.4296875,-0.203857421875,-0.09521484375,-2.564453125,-0.0232391357421875,-0.456787109375,-2.515625,0.1512451171875,0.370361328125,-2.6796875,0.50537109375
R1138_71,U,71,0.59716796875,-2.818359375,0.82958984375,0.256103515625,-2.796875,0.78515625,0.681640625,-2.5546875,0.81689453125,0.2349853515625,-1.712890625,0.48974609375,0.58251953125,-2.60546875,1.236328125
R1138_72,C,72,0.386962890625,-1.173828125,1.3349609375,1.0888671875,-1.212890625,0.814453125,0.2548828125,-1.486328125,1.5751953125,0.583984375,-1.0576171875,0.783203125,0.427001953125,-1.2216796875,1.482421875
R1138_73,C,73,0.90185546875,-0.362548828125,1.63671875,0.55908203125,-0.487060546875,1.32421875,0.64599609375,-1.2646484375,1.337890625,0.257080078125,-0.94677734375,0.71142578125,0.73974609375,-1.1865234375,1.271484375
R1138_74,U,74,0.83203125,-2.06640625,1.1572265625,0.59033203125,-1.9189453125,1.4521484375,0.6875,-1.681640625,0.91015625,0.7607421875,-1.458984375,1.15234375,1.263671875,-1.6845703125,1.09375
R1138_75,C,75,1.3232421875,-1.033203125,0.99951171875,0.94287109375,-1.3154296875,0.95947265625,1.28125,-1.0595703125,1.091796875,0.43017578125,-2.076171875,1.1083984375,1.8095703125,-1.1201171875,1.79296875
R1138_76,C,76,1.7607421875,-1.8603515625,1.162109375,1.6748046875,-1.6953125,1.296875,1.6640625,-2.2890625,1.6767578125,1.6982421875,-1.546875,1.1728515625,1.4638671875,-1.1728515625,0.96044921875
R1138_77,G,77,1.1923828125,-1.7919921875,0.480712890625,1.0888671875,-1.6591796875,-0.364990234375,1.4638671875,-1.5625,-0.1365966796875,1.0322265625,-1.6669921875,-0.331787109375,1.6337890625,-1.623046875,0.4501953125
R1138_78,A,78,0.56689453125,-1.751953125,-0.4951171875,0.97802734375,-1.9033203125,-0.10870361328125,0.3720703125,-1.7431640625,-0.74267578125,0.998046875,-2.390625,-0.146728515625,0.6923828125,-2.146484375,-0.18994140625
R1138_79,C,79,0.6982421875,-1.48046875,0.90478515625,0.95751953125,-1.8603515625,0.60546875,1.8017578125,-1.1787109375,0.72314453125,1.55078125,-1.236328125,0.9541015625,1.265625,-1.359375,0.77783203125
R1138_80,U,80,1.1552734375,-2.337890625,1.3369140625,1.7470703125,-3.4375,1.2529296875,1.783203125,-2.82421875,1.8564453125,0.80224609375,-2.232421875,1.1416015625,0.890625,-3.015625,1.5615234375
R1138_81,A,81,0.1324462890625,-1.4345703125,0.05712890625,0.98291015625,-1.6337890625,0.68603515625,0.478271484375,-1.3310546875,1.4443359375,0.388671875,-1.8115234375,0.6982421875,0.51220703125,-1.9619140625,1.08984375
R1138_82,A,82,0.6572265625,-2.19140625,0.8974609375,0.31689453125,-1.169921875,0.98046875,0.09130859375,-1.966796875,0.61083984375,0.892578125,-2.35546875,1.4169921875,0.6923828125,-1.8359375,1.44140625
R1138_83,G,83,1.7998046875,-1.576171875,-0.03369140625,1.6435546875,-1.720703125,0.47216796875,1.875,-1.533203125,0.51416015625,1.9482421875,-1.8056640625,1.0830078125,1.4873046875,-1.80859375,0.69140625
R1138_84,U,84,1.978515625,-3.35546875,1.806640625,2.07421875,-2.123046875,1.513671875,2.17578125,-2.580078125,1.8603515625,1.4677734375,-2.95703125,1.0869140625,1.85546875,-3.298828125,1.5888671875
R1138_85,G,85,1.267578125,-1.505859375,0.8173828125,1.552734375,-2.3984375,0.6708984375,1.5810546875,-2.05859375,0.70556640625,2.06640625,-2.099609375,0.6943359375,1.5166015625,-1.8701171875,-0.303955078125
R1138_86,U,86,1.171875,-2.830078125,1.921875,1.060546875,-2.626953125,1.2099609375,1.0556640625,-3.0703125,1.8701171875,1.92578125,-3.197265625,2.072265625,1.0341796875,-2.466796875,2.05078125
R1138_87,A,87,1.177734375,-3.49609375,1.2177734375,0.58642578125,-3.025390625,1.150390625,0.615234375,-3.15625,1.65234375,1.2783203125,-3.146484375,1.634765625,-0.01110076904296875,-2.78125,0.80078125
R1138_88,U,88,1.0498046875,-2.33203125,1.17578125,1.189453125,-2.814453125,1.2783203125,1.7529296875,-3.390625,2.05859375,1.6806640625,-2.51171875,0.96044921875,1.1357421875,-2.896484375,0.685546875
R1138_89,U,89,0.734375,-2.28125,0.8232421875,1.56640625,-2.970703125,1.4814453125,2.384765625,-3.421875,1.548828125,0.77392578125,-2.822265625,0.83251953125,1.5322265625,-3.109375,1.6611328125
R1138_90,C,90,1.8212890625,-1.244140625,2.0078125,1.8134765625,-1.333984375,0.89794921875,1.6181640625,-1.2529296875,1.609375,1.8330078125,-1.869140625,1.2119140625,1.734375,-1.7021484375,1.8173828125
R1138_91,G,91,0.87841796875,-1.443359375,0.206787109375,1.5634765625,-1.466796875,0.35009765625,1.55859375,-1.62109375,0.8837890625,1.193359375,-1.2958984375,0.9697265625,1.6337890625,-1.4375,0.7314453125
R1138_92,U,92,0.387939453125,-3.060546875,2.107421875,0.630859375,-2.505859375,2.099609375,1.056640625,-2.556640625,2.5234375,1.2041015625,-3.1015625,2.689453125,1.3427734375,-3.337890625,2.6640625
R1138_93,A,93,0.97509765625,-2.04296875,0.591796875,0.54931640625,-2.54296875,0.94970703125,0.72216796875,-3.2734375,1.5087890625,0.052886962890625,-2.11328125,1.1826171875,0.2265625,-1.9453125,0.955078125
R1138_94,U,94,1.4814453125,-2.515625,2.3671875,1.2470703125,-2.66015625,2.748046875,1.0244140625,-2.123046875,2.708984375,1.2744140625,-1.947265625,2.5546875,1.1123046875,-2.8125,1.8955078125
R1138_95,A,95,0.28515625,-2.68359375,1.5146484375,0.119140625,-2.720703125,0.716796875,0.7666015625,-2.11328125,1.5283203125,0.12890625,-1.724609375,1.1396484375,0.3291015625,-1.8212890625,1.154296875
R1138_96,C,96,2.154296875,-0.93798828125,2.193359375,1.8359375,-1.154296875,2.47265625,1.49609375,-1.4150390625,1.9853515625,0.9287109375,-0.4580078125,1.5048828125,1.439453125,-1.3037109375,1.9853515625
R1138_97,U,97,0.455322265625,-2.390625,1.45703125,0.381103515625,-2.08984375,1.8642578125,0.448974609375,-2.73046875,2.087890625,0.70751953125,-2.25390625,1.271484375,0.8974609375,-1.70703125,1.03125
R1138_98,U,98,0.580078125,-3.150390625,1.380859375,0.5771484375,-2.767578125,1.3310546875,0.229736328125,-2.822265625,1.5830078125,0.343017578125,-2.552734375,2.173828125,0.69580078125,-2.599609375,1.7919921875
R1138_99,A,99,0.2578125,-3.61328125,0.492919921875,0.312744140625,-2.8984375,0.59521484375,0.474853515625,-3.521484375,0.8515625,0.2110595703125,-2.94140625,0.33837890625,0.77587890625,-3.37890625,0.9931640625
R1138_100,G,100,0.85693359375,-1.84375,1.2978515625,0.489990234375,-2.130859375,1.125,1.1552734375,-1.90234375,0.95361328125,0.39111328125,-1.484375,0.73828125,0.74462890625,-1.6875,0.80517578125
R1138_101,U,101,0.6708984375,-3.427734375,1.7421875,0.53759765625,-3.154296875,1.7783203125,0.70751953125,-3.380859375,2.26171875,0.6982421875,-3.5703125,1.3349609375,0.65380859375,-3.408203125,1.62890625
R1138_102,G,102,0.99462890625,-1.447265625,0.73828125,0.95263671875,-2.12109375,0.5048828125,0.89794921875,-2.080078125,0.96923828125,0.81640625,-1.6474609375,0.81005859375,0.490966796875,-1.578125,1.2080078125
R1138_103,C,103,0.59326171875,-0.57958984375,1.21484375,0.29931640625,-1.20703125,1.75390625,1.1943359375,-1.6025390625,1.763671875,0.95849609375,-1.935546875,1.98046875,1.5048828125,-1.95703125,1.7783203125
R1138_104,C,104,0.73388671875,-1.587890625,1.6845703125,0.5517578125,-2.09375,1.947265625,0.6240234375,-1.248046875,1.2529296875,0.8369140625,-1.3818359375,1.5791015625,0.95068359375,-2.052734375,2.26171875
R1138_105,U,105,0.75048828125,-2.376953125,2.126953125,1.1884765625,-3.658203125,2.796875,0.373046875,-2.802734375,1.3427734375,0.60546875,-2.798828125,1.7490234375,1.484375,-2.98046875,1.6904296875
R1138_106,U,106,0.219970703125,-3.056640625,2.107421875,1.330078125,-3.244140625,2.1171875,0.78173828125,-2.154296875,2.12890625,1.009765625,-3.208984375,2.201171875,0.64404296875,-3.255859375,1.6123046875
R1138_107,G,107,1.171875,-1.2939453125,0.712890625,0.9658203125,-0.892578125,0.63330078125,1.0712890625,-2.029296875,0.6962890625,0.64453125,-0.89453125,0.7021484375,1.2802734375,-0.72314453125,0.421875
R1138_108,U,108,1.0595703125,-2.791015625,1.4677734375,0.59619140625,-2.6640625,1.0166015625,0.99462890625,-2.521484375,2.00390625,1.21484375,-2.611328125,1.419921875,0.400634765625,-2.681640625,1.5390625
R1138_109,G,109,0.61865234375,-0.92333984375,0.70458984375,1.1298828125,-1.306640625,1.3916015625,0.87939453125,-1.7177734375,0.83642578125,0.51953125,-1.1015625,0.86181640625,0.452392578125,-1.80078125,1.181640625
R1138_110,C,110,1.052734375,-0.73974609375,1.837890625,1.8173828125,-1.51171875,2.20703125,1.2890625,-0.783203125,1.4599609375,1.255859375,-0.90625,2.095703125,0.994140625,-0.818359375,2.5546875
R1138_111,C,111,1.0048828125,-1.044921875,2.380859375,0.86328125,-0.65869140625,1.7626953125,1.09375,-0.9150390625,2.384765625,0.93017578125,-0.83056640625,2.17578125,0.908203125,-0.93017578125,2.517578125
R1138_112,U,112,0.3359375,-2.2421875,1.9814453125,0.40087890625,-2.68359375,1.912109375,0.42236328125,-2.486328125,2.162109375,0.415771484375,-2.67578125,2.654296875,0.232177734375,-2.486328125,2.009765625
R1138_113,G,113,0.47314453125,-1.3779296875,1.642578125,0.208251953125,-1.3134765625,0.97607421875,0.3916015625,-1.078125,1.021484375,0.75634765625,-1.654296875,1.87109375,0.80517578125,-1.818359375,1.8359375
R1138_114,C,114,1.5439453125,-1.6416015625,1.525390625,1.3369140625,-1.291015625,1.83984375,1.4345703125,-1.240234375,2.521484375,0.77099609375,-1.1533203125,2.19921875,1.3271484375,-1.587890625,2.181640625
R1138_115,U,115,1.9765625,-2.48046875,1.62890625,1.8310546875,-2.275390625,0.9306640625,1.572265625,-2.337890625,0.97021484375,1.486328125,-2.8203125,1.287109375,1.2119140625,-2.47265625,1.150390625
R1138_116,U,116,1.3828125,-2.279296875,1.37109375,1.6259765625,-2.38671875,1.5107421875,1.982421875,-2.16015625,1.4599609375,0.7197265625,-2.423828125,1.1064453125,0.64794921875,-1.994140625,0.488037109375
R1138_117,C,117,1.4248046875,-1.64453125,1.447265625,1.7578125,-1.6337890625,1.5673828125,1.2802734375,-0.93359375,1.0908203125,1.544921875,-1.060546875,0.64599609375,1.439453125,-1.3740234375,0.89501953125
R1138_118,G,118,1.072265625,-0.82470703125,0.262939453125,0.5615234375,-1.1103515625,0.423583984375,0.57470703125,0.0438232421875,0.458251953125,0.78076171875,-1.17578125,0.355712890625,0.923828125,-0.9560546875,0.330810546875
R1138_119,G,119,0.435302734375,-0.509765625,0.66943359375,0.51318359375,-0.828125,0.303955078125,0.244384765625,-1.0126953125,0.3037109375,0.82080078125,-1.611328125,0.0281219482421875,0.64404296875,-0.84765625,0.29541015625
R1138_120,C,120,2.01171875,-1.4765625,0.87451171875,1.6455078125,-1.4873046875,0.998046875,1.37109375,-1.1123046875,1.03515625,1.451171875,-1.671875,1.6064453125,1.1455078125,-1.2548828125,0.81982421875
R1138_121,A,121,0.361083984375,-1.314453125,-0.2435302734375,1.09375,-2.314453125,0.64404296875,0.62890625,-1.458984375,-0.051544189453125,-0.59228515625,-1.2001953125,-0.27978515625,-0.41845703125,-1.4560546875,-0.054290771484375
R1138_122,G,122,0.626953125,-0.86962890625,-0.75,0.40673828125,-1.1865234375,-0.61767578125,1.005859375,-0.501953125,-1.13671875,0.461669921875,-0.92822265625,-0.84814453125,0.61279296875,-0.97998046875,-0.315185546875
R1138_123,G,123,0.1302490234375,-0.66748046875,-0.403564453125,-0.1400146484375,-0.77734375,-0.152099609375,0.32958984375,-0.47509765625,-0.0721435546875,0.380859375,-1.0634765625,-0.5966796875,0.425537109375,-1.2314453125,-0.166748046875
R1138_124,C,124,1.1318359375,-1.6337890625,0.94140625,0.90625,-1.2607421875,1.498046875,0.77197265625,-0.84912109375,0.97216796875,0.90869140625,-0.708984375,1.0888671875,0.497314453125,-1.078125,0.421875
R1138_125,A,125,-0.82421875,-1.2646484375,0.1280517578125,-0.5478515625,-0.78271484375,0.4248046875,-0.380615234375,-1.6904296875,0.37158203125,-0.08831787109375,-1.603515625,0.04461669921875,0.132080078125,-1.412109375,0.61279296875
R1138_126,U,126,0.428466796875,-2.275390625,1.623046875,0.4091796875,-2.455078125,1.5400390625,0.259521484375,-2.453125,0.50439453125,1.0966796875,-3.318359375,1.3359375,0.096435546875,-2.130859375,0.8310546875
R1138_127,G,127,0.33837890625,-1.8544921875,0.3076171875,1.021484375,-1.0712890625,-0.6533203125,0.24658203125,-1.3583984375,-0.04632568359375,0.517578125,-1.474609375,0.41796875,0.595703125,-1.6962890625,0.63134765625
R1138_128,A,128,0.1446533203125,-2.396484375,0.7705078125,0.4501953125,-2.5625,1.2294921875,0.050689697265625,-1.755859375,0.541015625,-0.703125,-2.0703125,0.740234375,0.295166015625,-1.310546875,0.0161895751953125
R1138_129,C,129,1.4697265625,-1.34765625,1.3671875,1.35546875,-1.8232421875,1.181640625,1.3798828125,-1.734375,0.88134765625,1.552734375,-1.8037109375,0.72412109375,1.603515625,-1.64453125,1.0576171875
R1138_130,C,130,1.091796875,-1.7255859375,1.3154296875,0.76708984375,-1.69921875,1.1787109375,1.0283203125,-1.4521484375,1.3779296875,1.5595703125,-2.16015625,1.10546875,1.3583984375,-2.017578125,1.310546875
R1138_131,C,131,1.38671875,-1.8173828125,0.87158203125,1.236328125,-1.2939453125,1.1611328125,1.2236328125,-1.47265625,1.4716796875,1.1845703125,-1.646484375,1.314453125,1.7001953125,-2.029296875,0.99951171875
R1138_132,A,132,-0.466552734375,-1.8388671875,-0.14013671875,-0.1776123046875,-2.00390625,-0.10943603515625,-0.00911712646484375,-2.068359375,0.07696533203125,-0.31103515625,-1.6572265625,0.2203369140625,-0.74609375,-1.609375,0.2822265625
R1138_133,A,133,0.053497314453125,-2.5078125,1.3251953125,-0.10687255859375,-2.73046875,0.43310546875,-0.53369140625,-2.521484375,0.46728515625,-0.64794921875,-2.77734375,0.552734375,-0.595703125,-2.376953125,0.08837890625
R1138_134,A,134,-0.29638671875,-2.564453125,0.06512451171875,0.163330078125,-2.8828125,1.078125,-0.465087890625,-2.998046875,-0.1944580078125,-0.7998046875,-2.5859375,0.29638671875,-0.29931640625,-2.126953125,0.030059814453125
R1138_135,U,135,0.269775390625,-3.81640625,1.28125,-0.05999755859375,-3.37890625,1.392578125,-0.238525390625,-3.064453125,0.91259765625,0.04058837890625,-3.060546875,0.72509765625,-0.53759765625,-3.00390625,1.1328125
R1138_136,G,136,-0.61279296875,-1.7099609375,-0.2392578125,-0.5966796875,-1.9150390625,0.349365234375,-0.1485595703125,-1.662109375,-1.1728515625,-0.2724609375,-2.1171875,0.1746826171875,-0.373046875,-2.060546875,-0.59521484375
R1138_137,U,137,-0.67822265625,-2.544921875,0.49951171875,-0.720703125,-1.6728515625,0.73681640625,-0.239990234375,-2.896484375,0.9560546875,-0.35205078125,-2.505859375,-0.05303955078125,-0.53857421875,-2.662109375,0.53466796875
R1138_138,G,138,-0.30859375,-0.98828125,-0.08270263671875,0.317138671875,-1.3095703125,0.4375,-0.2919921875,-1.1748046875,0.312255859375,0.385986328125,-1.4111328125,0.55419921875,0.03936767578125,-1.16015625,0.3056640625
R1138_139,C,139,1.052734375,-1.0263671875,2.119140625,1.6513671875,-1.35546875,2.017578125,1.2177734375,-1.4208984375,1.67578125,0.88818359375,-1.5751953125,1.609375,1.0830078125,-1.279296875,1.15234375
R1138_140,C,140,1.591796875,-1.453125,2.28515625,1.83203125,-0.95361328125,1.7197265625,1.447265625,-1.6005859375,2.51953125,1.060546875,-0.94921875,1.9140625,1.5986328125,-1.671875,2.076171875
R1138_141,U,141,0.417236328125,-2.1953125,2.056640625,0.79345703125,-2.142578125,1.9970703125,0.88916015625,-2.41796875,2.6015625,0.78515625,-2.59375,2.201171875,0.46533203125,-2.509765625,2.46484375
R1138_142,U,142,1.498046875,-1.724609375,2.328125,2.0078125,-2.375,1.7958984375,0.285400390625,-1.8447265625,1.30859375,1.2080078125,-2.17578125,1.6796875,1.4453125,-2.099609375,2.1875
R1138_143,U,143,0.9169921875,-2.509765625,1.400390625,1.4853515625,-2.75,1.712890625,1.009765625,-2.4375,1.8681640625,1.5302734375,-2.30078125,1.8193359375,0.9794921875,-2.28125,1.6552734375
R1138_144,C,144,1.84375,-1.4912109375,1.9072265625,2.1015625,-1.8349609375,1.4072265625,2.49609375,-1.60546875,1.8662109375,2.01171875,-1.5078125,1.451171875,1.6337890625,-1.43359375,1.3388671875
R1138_145,G,145,0.654296875,-1.71875,0.4296875,0.85302734375,-1.09765625,1.126953125,0.9287109375,-1.2724609375,0.619140625,1.0390625,-1.7822265625,0.74951171875,0.283447265625,-1.203125,0.399658203125
R1138_146,G,146,1.1533203125,-1.6572265625,0.70458984375,0.6298828125,-2.05078125,1.14453125,0.353271484375,-1.7236328125,1.248046875,0.29150390625,-2.06640625,1.26171875,0.3896484375,-1.515625,1.748046875
R1138_147,G,147,0.70166015625,-2.09765625,0.98095703125,0.7607421875,-1.4091796875,0.7431640625,0.451171875,-2.20703125,1.234375,0.80419921875,-1.6767578125,1.330078125,0.10675048828125,-1.6220703125,1.359375
R1138_148,G,148,-0.251953125,-1.134765625,0.9091796875,1.1298828125,-1.9794921875,1.9921875,0.258056640625,-1.5546875,1.2841796875,0.26953125,-2.087890625,1.6923828125,0.5537109375,-1.515625,0.955078125
R1138_149,C,149,0.89697265625,-1.5498046875,1.630859375,1.052734375,-1.66796875,1.7978515625,1.693359375,-1.5673828125,1.9794921875,0.822265625,-1.7587890625,1.90234375,1.3134765625,-1.8544921875,2.4296875
R1138_150,A,150,0.261474609375,-2.01953125,0.9755859375,-0.96337890625,-2.154296875,0.85205078125,0.07281494140625,-2.111328125,0.8779296875,0.38427734375,-1.75390625,1.23046875,0.2042236328125,-1.853515625,0.65673828125
R1138_151,C,151,1.87109375,-2.080078125,2.66796875,2.001953125,-1.94921875,2.34375,1.3310546875,-1.9453125,1.2392578125,2.5625,-1.927734375,2.189453125,2.568359375,-1.9384765625,2.064453125
R1138_152,A,152,0.0181884765625,-2.197265625,1.2333984375,-0.302001953125,-1.6201171875,0.69140625,0.1448974609375,-2.158203125,1.681640625,0.0626220703125,-1.658203125,1.0634765625,0.1363525390625,-2.35546875,0.95458984375
R1138_153,U,153,0.68603515625,-3.009765625,2.3828125,0.8115234375,-2.736328125,2.39453125,1.1484375,-3.318359375,2.701171875,1.615234375,-3.646484375,2.57421875,0.17822265625,-2.65234375,2.69921875
R1138_154,U,154,1.5537109375,-3.357421875,3.1328125,0.30810546875,-2.595703125,2.392578125,0.8349609375,-2.740234375,2.705078125,0.86767578125,-3.361328125,2.1875,1.0244140625,-1.5947265625,2.3515625
R1138_155,U,155,1.4658203125,-2.712890625,3.3046875,0.9775390625,-3.224609375,2.146484375,1.2587890625,-3.19140625,3.45703125,1.724609375,-3.392578125,3.271484375,1.6064453125,-3.900390625,3.62890625
R1138_156,C,156,1.80078125,-2.080078125,3.142578125,1.2978515625,-1.2939453125,2.060546875,2.046875,-1.671875,2.78515625,1.869140625,-2.41796875,2.4453125,2.1171875,-2.05078125,2.48046875
R1138_157,C,157,2.02734375,-1.671875,2.3359375,2.53125,-1.7451171875,2.44921875,2.54296875,-2.125,2.19140625,2.3203125,-1.8359375,2.341796875,1.9404296875,-1.984375,1.740234375
R1138_158,G,158,1.076171875,-1.166015625,2.171875,1.177734375,-0.9814453125,1.1826171875,1.455078125,-1.6787109375,2.162109375,1.890625,-1.515625,1.1240234375,1.2353515625,-1.34375,1.6044921875
R1138_159,G,159,1.3095703125,-0.9580078125,1.48828125,1.708984375,-1.041015625,1.9482421875,1.4169921875,-1.099609375,2.1796875,1.89453125,-0.475830078125,1.1123046875,1.5302734375,-1.1708984375,2.07421875
R1138_160,U,160,1.62890625,-1.9228515625,3.314453125,1.646484375,-1.8818359375,3.234375,0.9404296875,-2.212890625,3.302734375,1.6708984375,-2.126953125,3.232421875,0.95849609375,-1.5693359375,3.296875
R1138_161,C,161,1.390625,-1.2783203125,2.26171875,1.51953125,-1.0166015625,2.236328125,1.5302734375,-1.3427734375,2.197265625,1.6005859375,-1.68359375,1.947265625,1.212890625,-1.24609375,1.5478515625
R1138_162,A,162,0.2744140625,-1.82421875,1.4169921875,1.3671875,-2.095703125,1.939453125,0.439453125,-1.4609375,1.8232421875,0.88232421875,-2.265625,1.6337890625,0.7138671875,-2.125,2.0
R1138_163,U,163,1.3828125,-2.779296875,3.150390625,1.0224609375,-2.689453125,3.322265625,1.12109375,-2.6328125,2.76171875,1.1474609375,-2.935546875,2.693359375,1.294921875,-2.6875,3.1484375
R1138_164,C,164,1.912109375,-2.888671875,2.353515625,2.423828125,-3.279296875,2.83203125,2.439453125,-3.1171875,2.53125,1.626953125,-2.173828125,1.8681640625,1.75390625,-2.412109375,2.255859375
R1138_165,C,165,1.8515625,-2.685546875,2.544921875,1.7080078125,-3.181640625,2.45703125,1.580078125,-3.07421875,2.5859375,1.568359375,-2.349609375,2.966796875,1.8115234375,-2.642578125,2.369140625
R1138_166,A,166,0.625,-2.88671875,1.0986328125,0.048248291015625,-2.15625,1.62890625,1.3330078125,-2.6015625,1.474609375,0.2022705078125,-2.01953125,1.0673828125,0.40869140625,-2.796875,1.4697265625
R1138_167,A,167,0.77197265625,-2.34765625,0.94677734375,1.0830078125,-3.125,2.158203125,1.0400390625,-3.435546875,2.595703125,0.276611328125,-2.619140625,1.853515625,1.3701171875,-2.46484375,1.8212890625
R1138_168,G,168,1.1298828125,-1.8359375,2.2109375,1.2119140625,-2.390625,2.681640625,0.64208984375,-2.203125,2.5234375,0.787109375,-1.4072265625,2.46484375,1.4609375,-1.4560546875,2.39453125
R1138_169,U,169,2.244140625,-3.125,2.865234375,2.29296875,-3.103515625,3.01171875,1.5068359375,-2.349609375,2.615234375,1.439453125,-2.837890625,3.103515625,2.392578125,-3.384765625,3.33203125
R1138_170,U,170,1.9560546875,-3.2578125,2.646484375,1.5498046875,-2.99609375,2.70703125,2.0859375,-2.25390625,2.703125,1.62890625,-3.150390625,2.56640625,2.03515625,-3.013671875,3.005859375
R1138_171,C,171,2.548828125,-2.79296875,1.689453125,2.671875,-2.541015625,2.544921875,3.240234375,-2.525390625,2.14453125,1.88671875,-2.62109375,2.095703125,2.62890625,-2.3125,2.119140625
R1138_172,G,172,1.0419921875,-1.767578125,0.8623046875,0.9404296875,-1.6396484375,0.4638671875,1.212890625,-2.869140625,1.4599609375,1.2001953125,-1.71484375,0.912109375,1.3583984375,-2.53125,0.9755859375
R1138_173,C,173,1.8828125,-2.251953125,2.03125,2.08203125,-2.48828125,2.390625,1.689453125,-2.45703125,2.095703125,1.51953125,-2.693359375,2.458984375,1.8447265625,-2.416015625,2.265625
R1138_174,U,174,1.07421875,-2.951171875,2.115234375,0.7138671875,-2.87890625,2.4765625,0.67333984375,-3.052734375,2.111328125,0.2291259765625,-2.283203125,2.248046875,1.05078125,-2.390625,1.8798828125
R1138_175,U,175,1.111328125,-2.56640625,2.412109375,1.5068359375,-2.591796875,2.1484375,0.97802734375,-2.671875,1.935546875,0.77001953125,-2.6875,2.546875,1.2685546875,-3.02734375,2.38671875
R1138_176,G,176,0.63232421875,-2.373046875,1.318359375,0.97607421875,-1.6279296875,1.6962890625,0.5556640625,-1.767578125,1.2490234375,0.81982421875,-1.5986328125,0.921875,1.44921875,-2.12109375,1.3525390625
R1138_177,G,177,0.8037109375,-1.6875,0.6650390625,0.435791015625,-1.7392578125,1.2236328125,1.1591796875,-2.3515625,1.140625,1.6884765625,-2.423828125,1.8115234375,0.82861328125,-1.5400390625,0.38134765625
R1138_178,G,178,1.548828125,-0.95166015625,0.25244140625,1.5322265625,-1.7060546875,0.5576171875,1.5830078125,-1.1875,0.5439453125,0.96923828125,-1.888671875,0.658203125,1.3955078125,-1.54296875,0.51806640625
R1138_179,U,179,1.5107421875,-2.62890625,1.869140625,0.79638671875,-2.0859375,1.7861328125,0.79052734375,-2.4609375,1.861328125,0.9189453125,-1.697265625,1.0888671875,0.6591796875,-2.17578125,1.8271484375
R1138_180,G,180,0.7841796875,-0.607421875,-0.72412109375,1.080078125,-0.61865234375,-0.355224609375,1.125,-0.87841796875,0.43798828125,1.0771484375,-0.29052734375,-0.372802734375,1.4482421875,-0.513671875,-0.64697265625
R1138_181,A,181,0.4326171875,-0.4873046875,-0.054412841796875,0.85986328125,-1.478515625,0.5478515625,0.363525390625,-1.2099609375,0.7744140625,0.7412109375,-0.9833984375,0.031768798828125,0.720703125,-1.0771484375,-0.025421142578125
R1138_182,U,182,0.57177734375,-1.5634765625,1.607421875,0.5966796875,-1.5126953125,1.8623046875,0.421142578125,-1.345703125,1.1376953125,0.5576171875,-1.4443359375,1.1865234375,0.3466796875,-1.4072265625,0.8681640625
R1138_183,G,183,1.431640625,-0.52880859375,0.33544921875,1.1845703125,-0.79736328125,0.05609130859375,1.3115234375,-0.5546875,-0.0264739990234375,1.455078125,-0.46533203125,0.0806884765625,1.1513671875,-0.84326171875,-0.2481689453125
R1138_184,C,184,1.6123046875,-1.41015625,1.1796875,1.4150390625,-0.65283203125,0.791015625,1.87890625,-1.1484375,1.505859375,1.478515625,-0.990234375,1.4755859375,1.599609375,-0.9853515625,0.931640625
R1138_185,G,185,1.1005859375,-0.256591796875,-0.3037109375,1.248046875,0.09539794921875,0.9072265625,1.125,-0.90673828125,1.5927734375,1.341796875,-0.9892578125,0.56689453125,1.6240234375,-0.9951171875,0.615234375
R1138_186,G,186,1.02734375,-0.8505859375,0.990234375,1.06640625,-0.0660400390625,0.88330078125,1.201171875,-0.66357421875,0.14404296875,0.66162109375,0.11627197265625,-0.0826416015625,0.6396484375,-0.98974609375,0.794921875
R1138_187,G,187,1.2373046875,-0.93701171875,1.0498046875,1.31640625,-1.0927734375,0.67041015625,0.81982421875,-1.3505859375,0.7421875,0.68408203125,-0.9365234375,0.5751953125,0.82763671875,-1.029296875,0.96240234375
R1138_188,C,188,2.05859375,-1.4501953125,1.525390625,1.21875,-0.98681640625,1.2314453125,1.982421875,-0.72119140625,1.6103515625,1.5634765625,-0.93896484375,1.630859375,2.037109375,-1.3349609375,0.73193359375
R1138_189,G,189,1.154296875,-0.76904296875,0.7724609375,1.498046875,-0.74365234375,1.3203125,1.7724609375,-1.427734375,1.6611328125,1.087890625,-0.40966796875,1.0791015625,1.28515625,-1.2470703125,1.5625
R1138_190,U,190,1.81640625,-0.93701171875,1.888671875,1.20703125,-1.431640625,1.7255859375,1.02734375,-1.0888671875,1.7490234375,1.4814453125,-1.669921875,2.05859375,1.212890625,-1.3955078125,1.68359375
R1138_191,A,191,0.30712890625,-2.1328125,1.1181640625,0.7294921875,-2.20703125,1.888671875,0.50341796875,-2.552734375,1.0849609375,0.454833984375,-1.5322265625,1.3232421875,0.96044921875,-1.380859375,1.9072265625
R1138_192,U,192,0.75634765625,-2.23046875,1.544921875,0.72998046875,-1.6123046875,1.8486328125,1.1982421875,-2.77734375,1.7529296875,0.84619140625,-1.9111328125,1.6435546875,0.81103515625,-2.146484375,2.1171875
R1138_193,A,193,1.0224609375,-1.8212890625,1.37890625,0.966796875,-2.275390625,0.9462890625,1.7294921875,-2.650390625,1.3466796875,0.654296875,-2.25,1.724609375,0.5361328125,-2.009765625,0.677734375
R1138_194,G,194,0.94970703125,-1.4404296875,0.51806640625,1.505859375,-1.2958984375,0.464599609375,1.5888671875,-1.4453125,0.7763671875,1.6865234375,-1.8115234375,0.462890625,1.3603515625,-1.7900390625,0.2235107421875
R1138_195,G,195,1.5615234375,-1.0849609375,0.2393798828125,1.796875,-1.8134765625,0.07769775390625,1.73046875,-1.1103515625,0.0963134765625,1.5380859375,-1.0,0.022674560546875,1.626953125,-1.837890625,-0.06787109375
R1138_196,U,196,1.06640625,-2.7734375,0.047515869140625,1.74609375,-2.353515625,1.2900390625,1.501953125,-2.7734375,1.1767578125,1.2880859375,-2.5625,0.7265625,1.4462890625,-2.615234375,1.412109375
R1138_197,U,197,1.4140625,-2.626953125,1.18359375,1.23046875,-2.482421875,1.326171875,1.3427734375,-2.90234375,0.68603515625,1.4951171875,-2.57421875,1.1318359375,1.654296875,-2.5859375,1.380859375
R1138_198,C,198,1.5185546875,-1.3984375,0.513671875,1.5029296875,-1.283203125,1.1923828125,2.306640625,-1.5654296875,1.3193359375,1.791015625,-1.4931640625,1.302734375,1.599609375,-1.7734375,1.087890625
R1138_199,G,199,0.51318359375,-0.80712890625,0.1068115234375,1.9755859375,-0.9326171875,0.39306640625,1.796875,-1.28125,0.576171875,1.392578125,-0.89404296875,0.24658203125,0.93994140625,-0.84130859375,-0.126220703125
R1138_200,U,200,1.94921875,-2.673828125,1.3935546875,0.982421875,-2.134765625,0.66943359375,1.681640625,-2.474609375,1.0869140625,1.224609375,-1.96875,0.548828125,2.048828125,-1.693359375,1.34375
R1138_201,C,201,2.06640625,-2.365234375,2.203125,2.658203125,-2.462890625,2.03125,2.49609375,-1.921875,1.9287109375,2.02734375,-1.6494140625,1.8544921875,2.2890625,-2.556640625,1.51953125
R1138_202,U,202,1.4130859375,-2.69921875,2.07421875,0.82568359375,-3.099609375,1.9541015625,1.2109375,-2.884765625,1.6953125,1.4365234375,-3.275390625,1.9140625,1.751953125,-3.072265625,1.6455078125
R1138_203,A,203,-0.5595703125,-1.3203125,0.76708984375,0.4619140625,-2.099609375,0.5361328125,0.328857421875,-2.2265625,0.50732421875,0.708984375,-1.6162109375,0.78857421875,0.78125,-1.7294921875,1.2607421875
R1138_204,U,204,0.64990234375,-2.5234375,1.99609375,0.36083984375,-2.978515625,1.6904296875,0.56201171875,-2.615234375,1.619140625,1.107421875,-3.01953125,2.283203125,0.51123046875,-2.671875,1.5869140625
R1138_205,A,205,-0.349609375,-1.572265625,0.80615234375,0.40234375,-1.5859375,1.2822265625,-0.269775390625,-1.7294921875,1.0986328125,-0.2261962890625,-1.9833984375,1.4501953125,-0.039642333984375,-1.482421875,1.1337890625
R1138_206,C,206,1.458984375,-1.3994140625,1.9306640625,1.8212890625,-1.7978515625,2.23828125,1.4375,-1.19140625,1.7568359375,1.453125,-0.966796875,1.7666015625,1.720703125,-1.7548828125,1.630859375
R1138_207,G,207,1.267578125,-1.0595703125,0.70068359375,0.7236328125,-0.87109375,0.748046875,1.34375,-1.6220703125,1.232421875,1.580078125,-1.2919921875,1.5341796875,1.044921875,-1.8037109375,1.4345703125
R1138_208,U,208,1.1904296875,-2.75390625,1.8994140625,0.552734375,-2.318359375,1.904296875,1.3896484375,-2.736328125,1.75390625,1.396484375,-2.376953125,1.7177734375,1.2529296875,-2.78125,1.6259765625
R1138_209,C,209,2.51953125,-1.48828125,1.943359375,1.9091796875,-1.7607421875,2.466796875,2.0078125,-1.453125,2.09375,2.30859375,-1.7021484375,2.068359375,1.716796875,-0.86767578125,1.373046875
R1138_210,C,210,1.9638671875,-1.166015625,1.7294921875,1.8994140625,-1.7177734375,1.8427734375,1.697265625,-0.98046875,2.0390625,1.7060546875,-1.3154296875,1.791015625,1.921875,-1.453125,1.775390625
R1138_211,G,211,0.5625,-0.6396484375,0.6474609375,0.73828125,-0.96484375,0.454345703125,0.157470703125,-0.52392578125,0.70654296875,0.53515625,-0.337158203125,0.54541015625,0.334716796875,-1.0654296875,0.370849609375
R1138_212,C,212,1.3935546875,-1.224609375,1.2685546875,1.9033203125,-0.80810546875,1.0595703125,1.32421875,-1.5263671875,1.1630859375,0.70703125,-0.4267578125,0.66162109375,1.7861328125,-0.50830078125,1.5
R1138_213,G,213,0.501953125,-0.19970703125,0.34814453125,0.7509765625,-0.77880859375,1.119140625,1.0888671875,-1.1669921875,0.990234375,0.3525390625,-0.984375,0.91455078125,0.58544921875,-0.67919921875,0.414794921875
R1138_214,U,214,0.5947265625,-1.638671875,1.1904296875,1.0244140625,-2.23046875,1.837890625,1.0380859375,-2.4765625,1.6435546875,1.05078125,-1.5234375,1.2109375,1.1318359375,-2.51171875,1.482421875
R1138_215,U,215,0.998046875,-2.18359375,1.2431640625,0.908203125,-2.16796875,1.07421875,1.0693359375,-1.890625,1.1640625,1.388671875,-2.244140625,1.0791015625,0.488525390625,-1.98828125,1.1875
R1138_216,U,216,1.6162109375,-2.216796875,0.73876953125,1.7861328125,-2.349609375,1.5263671875,1.00390625,-1.724609375,1.4541015625,0.7451171875,-2.2734375,1.201171875,0.65625,-2.416015625,1.4267578125
R1138_217,U,217,1.2568359375,-2.48046875,1.8076171875,1.6796875,-1.7158203125,1.0810546875,1.1435546875,-1.556640625,1.8876953125,1.0654296875,-2.263671875,1.2373046875,1.0966796875,-2.306640625,1.76171875
R1138_218,C,218,2.3828125,-1.8828125,2.005859375,2.162109375,-1.3232421875,1.88671875,1.904296875,-1.515625,1.81640625,2.259765625,-1.7275390625,1.85546875,2.369140625,-1.73046875,2.041015625
R1138_219,C,219,2.26953125,-1.65234375,2.087890625,2.16796875,-1.73828125,1.6806640625,2.568359375,-2.07421875,2.056640625,2.03125,-1.6162109375,2.119140625,2.166015625,-1.748046875,2.052734375
R1138_220,G,220,0.705078125,-1.173828125,1.5771484375,0.74365234375,-0.8876953125,1.171875,0.91943359375,-1.7978515625,1.0751953125,1.11328125,-1.251953125,1.318359375,1.890625,-0.90478515625,1.5244140625
R1138_221,A,221,0.060943603515625,-2.875,1.0791015625,0.46875,-2.005859375,0.65966796875,0.404541015625,-1.837890625,0.337158203125,0.3759765625,-2.822265625,1.3095703125,1.1953125,-2.626953125,1.185546875
R1138_222,G,222,0.38427734375,-1.3974609375,0.72314453125,0.37548828125,-1.8212890625,1.3291015625,0.259033203125,-1.36328125,1.224609375,0.87451171875,-1.392578125,0.66455078125,0.264892578125,-1.302734375,0.63720703125
R1138_223,A,223,-0.1561279296875,-2.099609375,0.0182647705078125,-0.169677734375,-1.9423828125,-0.322509765625,0.255126953125,-2.0390625,-0.1126708984375,0.60400390625,-2.326171875,-0.56005859375,-0.90869140625,-0.79541015625,-0.421630859375
R1138_224,A,224,-0.18505859375,-1.6025390625,-0.7705078125,-0.58984375,-1.4697265625,-0.375,-0.0017261505126953125,-0.50146484375,-0.68017578125,-0.23291015625,-1.35546875,-0.57568359375,-0.40234375,-1.12890625,-0.473388671875
R1138_225,G,225,0.7265625,-1.0556640625,0.71484375,1.4453125,-1.1025390625,-0.37646484375,0.8896484375,-0.849609375,-0.1300048828125,0.748046875,-0.25341796875,-0.68115234375,0.9326171875,-1.0771484375,-0.2423095703125
R1138_226,A,226,-1.1259765625,-0.217041015625,-0.361572265625,-0.30126953125,-0.43212890625,-0.362548828125,0.09295654296875,-0.81298828125,-0.4443359375,0.0046844482421875,-0.79150390625,-0.359375,-0.599609375,-0.5556640625,-0.7216796875
R1138_227,G,227,1.345703125,-0.8095703125,0.160888671875,2.203125,-0.75732421875,0.82177734375,1.8828125,-0.73681640625,0.63134765625,1.9462890625,-1.439453125,1.0,1.919921875,-0.6044921875,0.387939453125
R1138_228,G,228,1.689453125,-0.364501953125,0.212158203125,1.34765625,-0.59912109375,0.6953125,2.111328125,-0.63134765625,0.98779296875,1.462890625,-0.209228515625,0.422607421875,2.189453125,-0.75048828125,0.85009765625
R1138_229,U,229,1.3544921875,-1.908203125,1.0966796875,1.302734375,-1.6142578125,1.390625,1.5693359375,-2.01171875,0.9765625,1.7197265625,-1.7958984375,1.08203125,1.6982421875,-1.9736328125,1.4501953125
R1138_230,A,230,-0.2249755859375,-1.23828125,-0.6142578125,0.7822265625,-1.38671875,0.65380859375,0.7041015625,-1.484375,0.1121826171875,1.3525390625,-1.3876953125,0.751953125,0.77099609375,-0.90576171875,0.71484375
R1138_231,A,231,0.51220703125,-1.2578125,0.3818359375,1.4521484375,-2.533203125,1.771484375,0.91552734375,-1.0439453125,0.051483154296875,1.1923828125,-1.4580078125,0.80126953125,0.517578125,-1.3056640625,-0.33056640625
R1138_232,C,232,2.87109375,-2.001953125,2.28125,2.37890625,-1.625,2.30859375,2.4453125,-1.544921875,2.19921875,2.248046875,-2.150390625,2.68359375,3.095703125,-1.388671875,2.14453125
R1138_233,U,233,1.40625,-2.3515625,2.12890625,1.6806640625,-2.009765625,1.6240234375,1.5830078125,-2.845703125,2.150390625,1.8271484375,-2.4296875,2.060546875,1.6171875,-2.150390625,2.197265625
R1138_234,C,234,2.455078125,-2.12109375,2.2578125,2.736328125,-1.267578125,1.5263671875,2.005859375,-1.390625,1.68359375,2.126953125,-1.31640625,2.16796875,2.181640625,-1.908203125,2.060546875
R1138_235,G,235,1.3388671875,-1.1669921875,0.59814453125,1.26953125,-0.84375,1.224609375,1.1064453125,-1.4423828125,0.515625,1.3779296875,-1.0283203125,0.95556640625,1.013671875,-0.87841796875,0.69091796875
R1138_236,G,236,1.365234375,-0.80126953125,1.6865234375,1.546875,-0.99462890625,1.02734375,1.2685546875,-0.70458984375,1.578125,1.376953125,-0.77001953125,1.0166015625,1.3232421875,-0.77587890625,0.646484375
R1138_237,G,237,0.943359375,-0.80810546875,0.195068359375,1.521484375,-0.95166015625,0.5224609375,0.72412109375,-1.251953125,0.60107421875,1.5546875,-1.1513671875,0.405517578125,1.4326171875,-0.91162109375,0.7861328125
R1138_238,A,238,0.478515625,-1.7548828125,0.1617431640625,0.77685546875,-1.7998046875,0.32080078125,0.22021484375,-1.9716796875,0.2259521484375,0.48193359375,-1.4560546875,0.2392578125,0.5244140625,-1.3486328125,0.28125
R1138_239,A,239,0.2325439453125,-1.2578125,-0.242919921875,0.1246337890625,-1.2978515625,-0.27490234375,0.83056640625,-1.923828125,0.5595703125,0.0943603515625,-1.78515625,0.173828125,0.462158203125,-1.369140625,0.356689453125
R1138_240,A,240,0.035125732421875,-1.4033203125,-0.07623291015625,0.794921875,-1.2841796875,-0.1507568359375,0.697265625,-1.50390625,0.1839599609375,0.2939453125,-1.19140625,-0.48876953125,0.051910400390625,-1.6748046875,-0.05499267578125
R1138_241,C,241,1.740234375,-1.6279296875,1.1591796875,1.8779296875,-1.552734375,1.732421875,2.107421875,-1.71875,1.1572265625,1.9267578125,-1.515625,1.3603515625,2.38671875,-1.60546875,1.2666015625
R1138_242,C,242,2.923828125,-2.1484375,2.09765625,2.240234375,-1.9970703125,1.921875,2.203125,-2.169921875,1.79296875,2.52734375,-1.578125,1.388671875,2.0546875,-1.939453125,2.126953125
R1138_243,G,243,1.75,-1.6953125,0.80859375,2.091796875,-1.8154296875,0.64501953125,1.5322265625,-1.6171875,0.5830078125,1.970703125,-1.3525390625,1.7587890625,1.728515625,-1.03125,1.529296875
R1138_244,G,244,2.001953125,-1.5244140625,1.068359375,1.9267578125,-1.78125,1.34375,1.7705078125,-1.8349609375,1.767578125,1.560546875,-1.4775390625,1.4453125,1.73046875,-2.208984375,1.62890625
R1138_245,U,245,1.3466796875,-2.8046875,1.8095703125,1.7041015625,-2.654296875,2.3671875,1.4912109375,-2.6171875,1.4638671875,1.5380859375,-2.734375,1.892578125,1.7431640625,-2.275390625,1.447265625
R1138_246,C,246,2.404296875,-1.9208984375,2.1484375,2.658203125,-1.35546875,2.330078125,3.16015625,-1.6005859375,2.484375,2.607421875,-1.4208984375,1.7958984375,2.89453125,-1.373046875,2.11328125
R1138_247,C,247,2.154296875,-1.4736328125,2.146484375,2.458984375,-1.5986328125,2.458984375,2.318359375,-1.068359375,2.466796875,2.724609375,-1.2763671875,2.294921875,2.224609375,-1.271484375,2.1171875
R1138_248,A,248,0.8359375,-0.54736328125,0.4853515625,0.84033203125,-0.84619140625,0.69970703125,1.26171875,-0.400146484375,0.43408203125,0.85009765625,-0.92578125,0.783203125,0.73291015625,-1.37890625,0.6025390625
R1138_249,C,249,2.22265625,-0.66845703125,2.2578125,2.634765625,-1.1748046875,2.234375,1.8701171875,-1.275390625,1.9541015625,2.912109375,-0.99755859375,2.1796875,2.4453125,-0.94580078125,2.40234375
R1138_250,G,250,1.283203125,-0.9931640625,1.7578125,1.82421875,-0.1424560546875,1.24609375,2.103515625,-0.90966796875,0.98388671875,2.322265625,-0.53515625,1.19921875,1.60546875,-0.826171875,0.56591796875
R1138_251,U,251,1.4833984375,-2.373046875,1.2705078125,1.8564453125,-2.220703125,1.61328125,1.6279296875,-2.353515625,1.5283203125,1.3427734375,-2.525390625,1.177734375,2.076171875,-2.73046875,2.41015625
R1138_252,G,252,1.724609375,-1.31640625,-0.1590576171875,2.15625,-1.3017578125,0.207275390625,1.95703125,-1.6630859375,-0.41064453125,2.18359375,-0.9619140625,-0.6005859375,2.21484375,-0.9599609375,-0.2117919921875
R1138_253,A,253,0.7958984375,-1.0732421875,-1.51953125,1.1318359375,-1.234375,-1.1845703125,0.57861328125,-1.9296875,-0.54296875,0.5859375,-1.537109375,-1.130859375,0.422119140625,-1.107421875,-0.923828125
R1138_254,C,254,1.9775390625,-1.1767578125,0.5576171875,1.798828125,-1.3193359375,1.46484375,2.294921875,-1.3623046875,1.0595703125,1.91796875,-1.4423828125,0.615234375,1.9404296875,-1.4580078125,0.97705078125
R1138_255,A,255,0.472900390625,-0.15673828125,-1.1552734375,0.54931640625,-0.4111328125,-0.486328125,0.302978515625,-0.1470947265625,-0.85546875,-0.08966064453125,0.33740234375,-1.974609375,0.7607421875,-1.4541015625,-1.166015625
R1138_256,A,256,1.0830078125,-0.268798828125,-1.06640625,0.79150390625,-0.49365234375,-0.96435546875,0.96533203125,-0.541015625,-1.0595703125,-0.0474853515625,-0.5732421875,-1.3740234375,1.0537109375,-0.466796875,-1.0634765625
R1138_257,A,257,0.4765625,-0.472900390625,-1.033203125,0.73291015625,-0.3173828125,-1.150390625,0.6904296875,-0.630859375,-1.3134765625,1.640625,-0.419677734375,-0.8759765625,0.97607421875,-0.1744384765625,-1.142578125
R1138_258,G,258,2.205078125,-0.38671875,-0.587890625,1.3486328125,-0.9140625,-0.98486328125,2.296875,-1.380859375,-1.087890625,1.6796875,-1.201171875,-0.437744140625,1.880859375,-0.80615234375,-0.07440185546875
R1138_259,G,259,2.537109375,-0.8525390625,-0.80322265625,2.265625,-1.35546875,-0.11083984375,1.8037109375,-1.2060546875,-0.270751953125,2.029296875,-0.6572265625,-0.5146484375,1.9619140625,-1.4306640625,-0.5947265625
R1138_260,U,260,2.029296875,-2.203125,1.2744140625,2.55859375,-2.388671875,0.890625,2.333984375,-2.751953125,1.169921875,2.146484375,-2.376953125,0.5927734375,2.0625,-2.001953125,0.8984375
R1138_261,A,261,1.7568359375,-1.0625,-0.91162109375,1.2626953125,-1.951171875,-0.297607421875,0.97314453125,-1.248046875,-0.95166015625,1.2109375,-1.3212890625,-0.73095703125,1.1123046875,-1.6171875,-0.73681640625
R1138_262,G,262,2.41015625,-1.0380859375,-0.07781982421875,2.109375,-1.162109375,-0.195068359375,2.166015625,-1.5244140625,0.164306640625,2.140625,-1.5126953125,-0.350830078125,2.05859375,-1.625,-0.343505859375
R1138_263,A,263,0.9306640625,-1.4130859375,0.13916015625,1.39453125,-1.9384765625,-0.34423828125,1.1181640625,-1.8681640625,-0.46337890625,0.9111328125,-1.80859375,-0.24658203125,1.802734375,-1.5771484375,-0.477783203125
R1138_264,G,264,1.94140625,-1.93359375,0.425537109375,2.654296875,-1.650390625,0.0582275390625,2.080078125,-1.509765625,0.3310546875,2.478515625,-1.751953125,0.454833984375,2.146484375,-1.453125,0.1768798828125
R1138_265,U,265,1.6005859375,-2.29296875,1.025390625,1.8349609375,-2.505859375,1.162109375,1.748046875,-2.705078125,1.6865234375,1.1787109375,-2.41015625,1.2880859375,1.87890625,-2.798828125,1.546875
R1138_266,U,266,1.5126953125,-2.380859375,1.4404296875,1.822265625,-2.21484375,0.759765625,1.7724609375,-3.41015625,1.271484375,2.07421875,-2.849609375,0.5546875,1.8740234375,-2.658203125,0.65625
R1138_267,A,267,1.4892578125,-2.498046875,0.279052734375,1.1005859375,-2.240234375,0.55126953125,1.369140625,-1.771484375,0.07135009765625,1.7490234375,-2.197265625,0.7666015625,1.3232421875,-2.380859375,0.77294921875
R1138_268,C,268,2.404296875,-1.71875,1.48828125,3.017578125,-1.7001953125,1.328125,2.4765625,-1.6611328125,1.67578125,2.158203125,-1.716796875,1.34375,2.6328125,-2.330078125,1.7509765625
R1138_269,G,269,1.8935546875,-1.78125,1.42578125,1.828125,-2.341796875,0.591796875,1.28515625,-2.150390625,0.5009765625,1.7900390625,-2.001953125,0.45947265625,1.0087890625,-1.8681640625,0.411865234375
R1138_270,U,270,2.234375,-2.666015625,1.9970703125,1.908203125,-3.0546875,1.3662109375,2.380859375,-3.57421875,2.046875,1.2607421875,-2.826171875,1.5146484375,1.857421875,-2.716796875,1.572265625
R1138_271,G,271,1.8447265625,-2.42578125,0.6630859375,1.72265625,-1.8798828125,0.71875,1.4599609375,-1.357421875,1.544921875,1.830078125,-1.0478515625,0.69775390625,2.275390625,-1.923828125,-0.0184478759765625
R1138_272,G,272,2.2421875,-2.0,-0.0712890625,1.4169921875,-1.5244140625,0.62939453125,2.181640625,-1.60546875,0.291748046875,1.5908203125,-1.5185546875,0.490478515625,1.46484375,-1.423828125,1.169921875
R1138_273,A,273,1.6142578125,-1.7333984375,1.0068359375,1.8525390625,-1.685546875,1.107421875,1.3369140625,-2.013671875,0.5322265625,1.3740234375,-1.923828125,0.00829315185546875,2.326171875,-2.42578125,1.3447265625
R1138_274,G,274,1.1396484375,-1.091796875,0.96435546875,1.7197265625,-1.4599609375,0.1641845703125,1.7255859375,-1.802734375,0.1871337890625,0.97607421875,-1.0986328125,0.067138671875,1.7421875,-1.0654296875,0.484130859375
R1138_275,G,275,1.9267578125,-1.9658203125,1.0234375,2.11328125,-1.03125,0.84375,1.7255859375,-1.21484375,0.84912109375,2.12890625,-1.5537109375,1.142578125,1.3671875,-1.7568359375,1.3046875
R1138_276,G,276,1.8896484375,-1.3681640625,0.75537109375,1.3173828125,-1.1201171875,1.5498046875,1.8349609375,-1.1640625,1.1611328125,1.3671875,-0.958984375,1.24609375,1.6357421875,-1.0068359375,1.5224609375
R1138_277,A,277,2.330078125,-1.7861328125,1.486328125,1.1884765625,-0.487060546875,0.35986328125,1.6923828125,-1.125,1.0986328125,1.572265625,-0.474609375,1.1611328125,1.4208984375,-1.158203125,1.23046875
R1138_278,G,278,1.421875,-0.7861328125,1.4697265625,1.4072265625,-0.8310546875,0.71533203125,1.8984375,-1.0654296875,0.7939453125,1.3505859375,-0.9453125,1.4423828125,1.7138671875,-1.0859375,1.310546875
R1138_279,C,279,2.458984375,-1.1025390625,1.734375,2.21875,-1.1064453125,1.7587890625,2.443359375,-1.2890625,1.568359375,2.4921875,-0.93994140625,1.5400390625,2.443359375,-1.49609375,2.013671875
R1138_280,A,280,1.5322265625,-1.7890625,0.80126953125,0.8466796875,-1.966796875,1.263671875,1.23828125,-1.4150390625,1.158203125,0.8955078125,-1.4228515625,1.0390625,0.8359375,-0.90966796875,0.71142578125
R1138_281,G,281,1.392578125,-1.287109375,0.58740234375,1.525390625,-1.0185546875,0.427978515625,1.7470703125,-1.2900390625,0.8076171875,1.01171875,-1.1884765625,0.724609375,1.392578125,-1.0576171875,0.89990234375
R1138_282,C,282,2.228515625,-1.6337890625,1.55859375,2.08984375,-1.4052734375,1.37109375,2.806640625,-1.56640625,1.841796875,2.54296875,-1.7841796875,1.9794921875,2.529296875,-1.8671875,1.9052734375
R1138_283,U,283,1.548828125,-2.3046875,1.3759765625,1.4462890625,-2.349609375,1.0966796875,1.66796875,-1.908203125,1.15234375,2.02734375,-2.189453125,1.75390625,2.150390625,-2.37890625,1.798828125
R1138_284,G,284,1.5966796875,-1.28515625,0.157958984375,2.033203125,-0.67626953125,0.5400390625,1.3974609375,-0.98388671875,0.68212890625,1.19140625,-1.296875,0.80810546875,1.6630859375,-0.85205078125,1.115234375
R1138_285,C,285,1.99609375,-1.423828125,1.8427734375,2.337890625,-1.2958984375,1.5810546875,2.126953125,-1.255859375,1.552734375,2.212890625,-0.7880859375,1.583984375,2.056640625,-1.3974609375,1.8994140625
R1138_286,A,286,0.8798828125,-1.333984375,0.654296875,0.45751953125,-0.95849609375,0.57763671875,0.49951171875,-0.95068359375,0.360107421875,0.423095703125,-0.71240234375,0.79150390625,0.61083984375,-0.9296875,0.1593017578125
R1138_287,A,287,-0.0517578125,-1.298828125,0.033203125,-0.04766845703125,-0.83984375,-0.379150390625,-0.051544189453125,-0.65966796875,-0.07293701171875,0.137451171875,-0.76025390625,-0.1986083984375,0.076904296875,-0.74755859375,-0.2073974609375
R1138_288,A,288,-0.09326171875,-1.45703125,0.1700439453125,0.59716796875,-2.076171875,0.1710205078125,0.29541015625,-1.3857421875,-0.0821533203125,0.194091796875,-0.92822265625,-0.08001708984375,0.119384765625,-1.35546875,0.06121826171875
R1138_289,G,289,1.162109375,-1.166015625,-0.250732421875,1.75,-1.595703125,-0.35302734375,1.26171875,-1.4228515625,-0.5400390625,1.2880859375,-0.86279296875,-0.430908203125,1.5263671875,-1.3291015625,-0.4189453125
R1138_290,G,290,1.48046875,-1.1708984375,-0.397705078125,1.3603515625,-0.8095703125,-0.7548828125,1.5751953125,-1.1796875,-0.87255859375,1.2822265625,-0.407470703125,-0.39208984375,1.1435546875,-0.47021484375,-0.57421875
R1138_291,G,291,1.2470703125,-0.98681640625,-0.67333984375,0.794921875,-0.77880859375,-0.67333984375,0.982421875,-0.5400390625,-0.626953125,0.92236328125,-0.327880859375,-0.45068359375,0.85302734375,-0.66015625,-0.53271484375
R1138_292,A,292,-0.0225067138671875,-1.138671875,0.06011962890625,-0.08599853515625,-0.56298828125,0.284423828125,0.1925048828125,-0.69384765625,-0.1251220703125,0.568359375,-1.173828125,-0.02337646484375,-0.55859375,-0.958984375,-0.09027099609375
R1138_293,U,293,2.1484375,-2.2109375,1.138671875,1.7998046875,-1.9130859375,1.0556640625,1.75,-1.7705078125,1.0498046875,2.03515625,-2.125,1.2802734375,1.6201171875,-1.95703125,0.9443359375
R1138_294,A,294,0.355224609375,-0.83642578125,-0.048004150390625,0.802734375,-0.892578125,0.962890625,0.71826171875,-0.33251953125,0.343017578125,0.50830078125,-1.279296875,0.70458984375,0.7626953125,-0.69580078125,0.7431640625
R1138_295,A,295,0.73974609375,-0.81689453125,0.489501953125,1.2255859375,-1.3115234375,0.4443359375,1.119140625,-0.42431640625,0.18408203125,1.126953125,-0.84326171875,0.41943359375,0.2239990234375,-0.304931640625,-0.16357421875
R1138_296,U,296,1.365234375,-2.142578125,1.23046875,1.404296875,-1.982421875,1.7587890625,1.451171875,-1.9228515625,0.8076171875,1.951171875,-1.7958984375,2.185546875,1.60546875,-1.578125,1.66796875
R1138_297,G,297,1.2392578125,-0.369140625,-0.092529296875,1.4677734375,-0.8173828125,0.277099609375,1.3134765625,-0.106201171875,0.9208984375,1.607421875,-0.436279296875,1.1220703125,1.38671875,-0.42431640625,-0.0506591796875
R1138_298,C,298,1.947265625,-1.1806640625,1.7939453125,1.896484375,-0.82373046875,1.3466796875,1.755859375,-0.94677734375,1.2802734375,1.7763671875,-0.80078125,1.44921875,1.552734375,-0.49267578125,1.3955078125
R1138_299,A,299,0.2958984375,-0.8212890625,0.147216796875,0.89111328125,-1.4912109375,0.2447509765625,1.525390625,-0.7646484375,0.059112548828125,0.44921875,-1.0078125,0.451904296875,0.4697265625,-0.6826171875,0.3671875
R1138_300,G,300,1.478515625,-1.7080078125,0.40771484375,1.2060546875,-0.282958984375,0.0258331298828125,1.4521484375,-0.10186767578125,0.12103271484375,1.236328125,-0.49462890625,0.76953125,1.447265625,-0.95166015625,0.66650390625
R1138_301,U,301,0.96337890625,-1.900390625,1.017578125,1.697265625,-2.576171875,1.7568359375,0.95654296875,-1.6923828125,1.330078125,1.63671875,-1.9755859375,1.326171875,1.533203125,-1.8125,1.453125
R1138_302,U,302,1.3955078125,-1.70703125,1.69921875,1.5087890625,-2.666015625,1.037109375,1.828125,-2.412109375,1.1875,1.6005859375,-2.40234375,0.89404296875,1.5078125,-1.208984375,1.359375
R1138_303,G,303,1.611328125,-1.1826171875,0.912109375,1.4111328125,-0.83349609375,0.371826171875,1.7119140625,-1.05078125,0.1361083984375,2.08984375,-1.083984375,-0.159912109375,2.015625,-1.5625,0.65625
R1138_304,C,304,2.32421875,-1.2236328125,1.6328125,2.07421875,-0.7802734375,1.2431640625,2.40234375,-1.166015625,1.2041015625,1.9189453125,-0.984375,1.1806640625,2.244140625,-1.0126953125,1.826171875
R1138_305,U,305,1.0009765625,-1.40625,0.990234375,0.72509765625,-1.2333984375,1.9990234375,0.6484375,-1.677734375,1.60546875,0.916015625,-1.2666015625,1.234375,1.0830078125,-1.9990234375,1.94140625
R1138_306,G,306,0.8525390625,-0.2373046875,0.80126953125,1.25,-0.62548828125,0.431884765625,1.2099609375,-0.70556640625,0.78955078125,1.1591796875,-0.45654296875,1.31640625,1.4267578125,-0.454833984375,0.77490234375
R1138_307,G,307,1.064453125,-0.91357421875,0.5859375,1.169921875,-0.5078125,1.51171875,1.2470703125,-0.9970703125,1.0380859375,1.2822265625,-0.98828125,0.67041015625,1.2451171875,-0.86962890625,1.1845703125
R1138_308,C,308,1.5888671875,-1.380859375,1.369140625,2.86328125,-1.998046875,2.08984375,2.26171875,-0.94287109375,1.736328125,2.076171875,-1.7578125,2.14453125,2.619140625,-1.7822265625,1.8623046875
R1138_309,U,309,1.37109375,-2.021484375,1.283203125,1.4169921875,-2.212890625,1.64453125,1.607421875,-2.142578125,1.6162109375,1.4716796875,-2.64453125,2.365234375,1.1142578125,-2.23828125,1.6328125
R1138_310,G,310,1.44921875,-1.484375,0.6865234375,1.490234375,-1.59375,0.31982421875,1.54296875,-1.5927734375,0.25048828125,1.771484375,-1.65625,0.78369140625,1.5166015625,-1.6572265625,0.6083984375
R1138_311,G,311,0.77197265625,-0.74609375,0.06341552734375,1.2451171875,-1.2724609375,0.357666015625,1.1953125,-1.0341796875,-0.36767578125,1.0927734375,-1.0859375,0.205322265625,1.0849609375,-1.2373046875,0.469970703125
R1138_312,A,312,0.21630859375,-2.255859375,-0.017333984375,0.3115234375,-1.71484375,0.3916015625,0.267822265625,-1.7314453125,0.1600341796875,0.31640625,-1.80859375,0.006961822509765625,0.48876953125,-1.5771484375,0.1182861328125
R1138_313,U,313,0.7099609375,-2.0625,0.66796875,0.65673828125,-1.58984375,1.2119140625,0.87158203125,-2.73046875,1.087890625,0.66162109375,-1.8486328125,0.63818359375,0.8603515625,-2.283203125,0.99560546875
R1138_314,G,314,0.93701171875,-0.34521484375,0.2900390625,1.1376953125,-0.46630859375,0.54248046875,1.27734375,-0.086181640625,0.1995849609375,1.3125,-0.54052734375,0.1590576171875,1.4921875,-1.015625,0.419921875
R1138_315,C,315,1.716796875,-0.6064453125,1.1572265625,2.294921875,-0.5986328125,1.1806640625,2.34765625,-0.95947265625,1.177734375,1.9912109375,-1.1943359375,0.95947265625,2.19140625,-0.77587890625,1.0029296875
R1138_316,C,316,2.375,-1.0947265625,1.0966796875,1.9541015625,-0.6416015625,0.96826171875,2.01171875,-0.099853515625,0.4921875,2.36328125,-0.179443359375,0.5869140625,1.8623046875,-0.25439453125,0.87841796875
R1138_317,A,317,0.6787109375,-0.7724609375,-0.234619140625,0.466064453125,0.275634765625,-1.0556640625,1.1142578125,-0.499755859375,-0.428466796875,1.6220703125,-0.8681640625,-0.2529296875,0.984375,0.27978515625,-0.5146484375
R1138_318,G,318,1.32421875,-0.057037353515625,-0.385009765625,1.734375,0.172119140625,-0.305908203125,1.900390625,-0.1575927734375,-0.2398681640625,1.4443359375,-0.359130859375,0.094482421875,1.904296875,0.1435546875,0.11212158203125
R1138_319,A,319,0.8798828125,0.08819580078125,-0.693359375,0.8349609375,-0.0732421875,-0.0194549560546875,0.7509765625,0.42578125,-0.83154296875,0.951171875,-0.458740234375,0.448974609375,0.75390625,-0.141845703125,0.0479736328125
R1138_320,A,320,1.0966796875,-0.2490234375,0.397216796875,0.92138671875,-0.5029296875,0.77490234375,1.3818359375,-0.63818359375,-0.343994140625,0.39111328125,-0.365234375,-0.419921875,0.80029296875,-0.52294921875,0.313232421875
R1138_321,C,321,2.646484375,-0.84130859375,1.0771484375,3.130859375,-1.3837890625,1.078125,2.826171875,-1.486328125,0.9072265625,2.3828125,-1.0205078125,0.74169921875,2.62890625,-1.2861328125,1.40234375
R1138_322,U,322,1.78515625,-2.373046875,0.488037109375,2.048828125,-2.11328125,0.5478515625,2.283203125,-2.125,0.92333984375,1.8544921875,-2.513671875,0.90869140625,2.3984375,-2.365234375,1.1064453125
R1138_323,C,323,2.35546875,-1.0751953125,0.69677734375,2.19921875,-1.37109375,1.0625,1.98046875,-1.2890625,0.89111328125,2.021484375,-1.1533203125,0.384033203125,2.373046875,-1.408203125,1.0341796875
R1138_324,A,324,0.88720703125,-1.25,0.309326171875,0.41357421875,-0.7646484375,0.0276641845703125,0.54443359375,-0.9072265625,-1.1787109375,0.473876953125,-1.4287109375,-0.2451171875,0.6279296875,-1.521484375,-0.08990478515625
R1138_325,C,325,2.322265625,-2.087890625,1.1865234375,2.09765625,-1.625,1.0693359375,2.392578125,-1.71484375,1.34375,1.9501953125,-1.720703125,1.0419921875,1.818359375,-2.025390625,1.3427734375
R1138_326,G,326,1.80078125,-1.8828125,0.4560546875,1.8994140625,-1.662109375,0.62890625,1.44140625,-1.546875,0.54736328125,1.6435546875,-1.474609375,0.630859375,2.36328125,-1.3876953125,0.6767578125
R1138_327,A,327,0.252197265625,-1.1572265625,-0.04742431640625,-0.151611328125,-1.283203125,-0.5693359375,0.1796875,-1.4501953125,0.398681640625,0.9609375,-0.9033203125,0.01904296875,1.12890625,-1.2431640625,0.1676025390625
R1138_328,C,328,2.53125,-2.1171875,1.1240234375,2.6796875,-2.3046875,1.4541015625,2.744140625,-2.10546875,1.0361328125,2.279296875,-1.9404296875,1.2470703125,2.294921875,-2.134765625,1.1220703125
R1138_329,U,329,1.2421875,-2.40234375,1.0576171875,1.96875,-2.76953125,1.140625,1.494140625,-2.115234375,1.048828125,1.46484375,-2.712890625,0.42236328125,2.189453125,-2.984375,1.0068359375
R1138_330,G,330,1.458984375,-1.2587890625,-0.287353515625,1.7001953125,-1.5498046875,0.20703125,1.703125,-1.0107421875,-0.5224609375,1.6142578125,-1.4814453125,0.01186370849609375,1.8564453125,-1.0712890625,-0.310546875
R1138_331,G,331,1.2783203125,-1.80859375,0.1156005859375,1.9365234375,-1.8134765625,-0.1324462890625,1.60546875,-1.5087890625,-0.0308685302734375,1.1376953125,-1.5732421875,-0.6484375,1.8056640625,-1.6181640625,-0.2449951171875
R1138_332,C,332,2.54296875,-1.9521484375,1.326171875,2.486328125,-1.88671875,2.12890625,2.744140625,-1.8115234375,1.2158203125,2.84765625,-2.1796875,1.1708984375,2.748046875,-2.396484375,1.654296875
R1138_333,A,333,0.89697265625,-2.220703125,0.261474609375,0.58984375,-1.873046875,0.42041015625,1.123046875,-2.62890625,0.1922607421875,0.5849609375,-1.794921875,0.482666015625,1.0400390625,-1.9482421875,0.381103515625
R1138_334,U,334,1.359375,-2.373046875,1.5166015625,1.7529296875,-2.650390625,1.1357421875,1.4130859375,-2.24609375,1.7470703125,1.607421875,-2.353515625,1.89453125,1.5888671875,-2.634765625,1.5712890625
R1138_335,C,335,2.60546875,-1.7626953125,2.494140625,2.583984375,-1.7607421875,2.431640625,2.7890625,-1.9873046875,2.419921875,2.109375,-1.5498046875,2.140625,2.326171875,-1.36328125,2.056640625
R1138_336,U,336,1.5205078125,-2.7890625,1.3017578125,2.005859375,-3.390625,1.8212890625,1.97265625,-2.794921875,2.515625,1.0439453125,-2.228515625,1.6015625,1.6123046875,-2.83203125,1.9580078125
R1138_337,A,337,1.6513671875,-3.044921875,0.2193603515625,0.89453125,-3.353515625,0.58203125,0.88232421875,-2.875,0.41015625,0.9111328125,-1.873046875,0.211181640625,0.72412109375,-1.7373046875,-0.1478271484375
R1138_338,C,338,2.7890625,-2.30078125,1.71484375,2.30078125,-1.8662109375,1.7509765625,2.732421875,-2.19921875,1.779296875,1.88671875,-1.9541015625,2.013671875,2.892578125,-1.7548828125,1.740234375
R1138_339,G,339,1.796875,-1.41015625,-0.42529296875,1.548828125,-2.203125,0.41064453125,1.099609375,-1.2294921875,-0.70068359375,1.298828125,-1.673828125,-0.67138671875,1.1220703125,-1.8759765625,-0.27490234375
R1138_340,G,340,0.7265625,-0.9794921875,-0.76806640625,1.8671875,-0.93310546875,-1.4619140625,0.98583984375,-1.4716796875,-0.313720703125,1.15234375,-1.0732421875,0.06256103515625,1.55859375,-0.75830078125,-0.8056640625
R1138_341,G,341,1.0,-0.94482421875,0.309326171875,0.67578125,-1.0595703125,-0.8984375,0.70703125,-0.63134765625,-0.6142578125,1.708984375,-1.2392578125,-0.587890625,1.427734375,-1.34765625,-0.677734375
R1138_342,G,342,1.0234375,-0.2138671875,-0.41650390625,0.53173828125,-0.64404296875,-0.1981201171875,0.54052734375,-1.091796875,-0.1329345703125,0.74462890625,-0.69091796875,-0.231689453125,0.671875,-0.9716796875,-0.35400390625
R1138_343,A,343,-0.2802734375,-1.24609375,-0.5380859375,-0.404052734375,-1.5546875,-0.034149169921875,-0.474853515625,-1.482421875,-0.1246337890625,-0.294677734375,-1.8759765625,0.1563720703125,-0.35498046875,-1.126953125,-0.75341796875
R1138_344,U,344,1.24609375,-2.828125,1.1533203125,1.2587890625,-2.673828125,1.4638671875,0.60888671875,-2.943359375,0.94677734375,0.78369140625,-2.4921875,1.146484375,0.5908203125,-2.509765625,0.81396484375
R1138_345,G,345,0.71240234375,-0.978515625,0.3232421875,0.6845703125,-1.2958984375,0.227294921875,0.71337890625,-1.14453125,0.541015625,0.962890625,-1.6181640625,0.51171875,1.1064453125,-1.1337890625,-0.1407470703125
R1138_346,G,346,1.037109375,-1.787109375,0.30810546875,1.306640625,-1.380859375,0.0775146484375,1.1279296875,-1.1298828125,0.25830078125,1.1005859375,-1.740234375,0.037872314453125,0.90625,-1.462890625,-0.0291748046875
R1138_347,U,347,0.1546630859375,-2.751953125,0.60009765625,0.912109375,-2.650390625,0.282470703125,0.84228515625,-2.671875,0.40478515625,0.5634765625,-2.833984375,1.125,0.68798828125,-2.73046875,0.90234375
R1138_348,G,348,0.8681640625,-1.4501953125,1.12109375,0.88427734375,-0.89013671875,0.344482421875,1.171875,-0.82861328125,0.085205078125,0.5537109375,-0.451416015625,-0.345703125,0.51318359375,-0.61865234375,0.1607666015625
R1138_349,C,349,1.7685546875,-1.037109375,1.3193359375,2.66796875,-1.6748046875,2.162109375,1.4345703125,-0.853515625,1.3974609375,1.8623046875,-1.041015625,2.115234375,2.068359375,-0.849609375,1.9267578125
R1138_350,U,350,1.275390625,-1.875,1.7705078125,1.22265625,-2.111328125,1.8603515625,1.8984375,-1.6376953125,1.83203125,1.0400390625,-2.0078125,1.5009765625,1.2841796875,-1.4638671875,1.2900390625
R1138_351,C,351,2.669921875,-1.1953125,1.796875,2.7578125,-1.0986328125,1.697265625,2.2265625,-1.5888671875,2.181640625,2.66015625,-1.619140625,1.33984375,2.83984375,-1.322265625,2.40625
R1138_352,U,352,1.2705078125,-1.4580078125,1.228515625,1.9501953125,-1.8212890625,2.486328125,1.7607421875,-1.513671875,1.6181640625,1.3212890625,-2.095703125,1.41796875,0.935546875,-1.783203125,2.201171875
R1138_353,C,353,2.8359375,-1.6044921875,1.7646484375,2.6640625,-1.3369140625,1.75,2.734375,-1.5478515625,2.015625,2.373046875,-1.8310546875,2.138671875,2.615234375,-1.552734375,1.7822265625
R1138_354,C,354,2.572265625,-1.0810546875,0.61865234375,2.412109375,-1.5322265625,1.6787109375,1.712890625,-1.443359375,1.25390625,2.154296875,-1.365234375,1.55859375,2.25,-1.650390625,1.46484375
R1138_355,C,355,1.3056640625,-0.66162109375,1.0859375,1.3974609375,-1.072265625,1.5419921875,1.630859375,-0.75732421875,1.3583984375,1.400390625,-1.130859375,0.68359375,1.7490234375,-0.849609375,0.360595703125
R1138_356,A,356,-0.50244140625,-1.33984375,-0.04840087890625,-0.41015625,-1.1591796875,-0.80615234375,-0.44482421875,-0.80126953125,0.1259765625,-0.433349609375,-1.6640625,-0.212890625,-0.4658203125,-1.8564453125,-0.51611328125
R1138_357,A,357,-0.9892578125,-1.7080078125,-0.623046875,-0.188720703125,-0.7373046875,-0.56298828125,-0.6259765625,-1.5263671875,-0.96142578125,-0.8173828125,-1.3681640625,-0.251220703125,0.042449951171875,-1.7509765625,0.0307159423828125
R1138_358,U,358,0.1473388671875,-1.6337890625,1.3154296875,-0.2218017578125,-2.2109375,1.333984375,0.306884765625,-2.396484375,1.6181640625,0.1259765625,-2.44140625,1.52734375,-0.0706787109375,-2.2109375,1.201171875
R1138_359,U,359,0.63720703125,-1.962890625,1.1005859375,0.55712890625,-1.4853515625,0.97119140625,0.276123046875,-1.431640625,0.9951171875,-0.32958984375,-1.3974609375,0.89599609375,0.7431640625,-1.421875,1.4189453125
R1138_360,C,360,2.140625,-1.396484375,0.70849609375,2.267578125,-1.767578125,1.1103515625,1.705078125,-0.84130859375,0.7158203125,1.5908203125,-0.88037109375,0.46484375,1.6904296875,-1.1630859375,0.2259521484375
R1138_361,U,361,1.0400390625,-1.3828125,1.4833984375,0.78173828125,-1.7412109375,0.1812744140625,0.859375,-1.681640625,0.180908203125,1.19140625,-1.4189453125,1.056640625,1.3359375,-1.2783203125,0.65234375
R1138_362,C,362,1.4208984375,-0.98681640625,0.830078125,1.880859375,-0.958984375,1.7041015625,1.16015625,-1.3935546875,1.556640625,1.5517578125,-0.60009765625,1.439453125,2.1875,-1.2998046875,1.5107421875
R1138_363,C,363,1.810546875,-1.13671875,1.74609375,2.15625,-1.43359375,1.8740234375,1.5947265625,-0.9140625,1.45703125,1.4130859375,-1.203125,1.529296875,1.8203125,-0.9306640625,1.5224609375
R1138_364,A,364,0.259521484375,-1.2978515625,0.98388671875,0.406982421875,-0.9814453125,-0.10980224609375,0.3125,-1.1064453125,0.3720703125,0.2427978515625,-0.6806640625,0.53955078125,0.46728515625,-0.73486328125,0.85986328125
R1138_365,U,365,1.376953125,-1.5986328125,1.556640625,1.4189453125,-1.6181640625,2.220703125,1.26953125,-1.75,1.5107421875,1.498046875,-0.99365234375,1.267578125,1.888671875,-1.5234375,2.166015625
R1138_366,U,366,1.0908203125,-1.2958984375,1.326171875,0.82568359375,-2.015625,1.8076171875,1.15625,-1.546875,1.7373046875,1.4970703125,-1.5595703125,2.01953125,1.3359375,-1.71875,1.9755859375
R1138_367,U,367,0.89599609375,-2.029296875,1.7197265625,1.1923828125,-2.095703125,1.69140625,1.3173828125,-1.98046875,1.404296875,0.8212890625,-1.416015625,0.92626953125,0.486083984375,-1.2998046875,0.94775390625
R1138_368,A,368,-0.671875,-1.10546875,-0.1650390625,-0.6298828125,-1.80859375,-0.14599609375,-0.319580078125,-1.8955078125,0.444580078125,-0.00707244873046875,-1.85546875,-0.2308349609375,0.407958984375,-2.517578125,0.39306640625
R1138_369,C,369,1.5107421875,-1.3466796875,0.8720703125,1.775390625,-0.7001953125,1.5,1.64453125,-1.201171875,1.46875,0.9521484375,-1.01953125,0.85693359375,2.046875,-1.5732421875,1.767578125
R1138_370,C,370,1.732421875,-1.7294921875,1.158203125,1.921875,-1.369140625,0.386474609375,1.88671875,-0.833984375,1.703125,1.6865234375,-1.91796875,1.24609375,1.431640625,-1.017578125,1.21875
R1138_371,G,371,1.0859375,-1.0078125,0.1800537109375,1.455078125,-0.5,0.1319580078125,1.1474609375,-1.728515625,0.7724609375,0.64453125,-0.55419921875,0.5673828125,1.1865234375,-0.9248046875,0.533203125
R1138_372,C,372,1.92578125,-1.6787109375,1.3037109375,1.5107421875,-0.98974609375,1.2001953125,1.8857421875,-1.203125,1.0263671875,2.048828125,-1.5732421875,1.5458984375,1.341796875,-0.79736328125,0.54736328125
R1138_373,C,373,1.421875,-1.5634765625,1.3916015625,0.884765625,-1.6015625,0.97265625,1.080078125,-1.345703125,1.2626953125,0.724609375,-1.37109375,0.8671875,1.8720703125,-1.9453125,2.255859375
R1138_374,G,374,0.74462890625,-0.54541015625,0.26953125,1.4072265625,-0.80126953125,0.162841796875,1.3115234375,-0.7294921875,0.16943359375,0.6455078125,-1.0224609375,-0.1507568359375,0.79443359375,-0.8837890625,-0.1270751953125
R1138_375,A,375,-0.490966796875,-2.38671875,-0.11395263671875,-0.2137451171875,-1.4736328125,-0.79541015625,-0.50830078125,-1.974609375,-0.34375,0.08770751953125,-2.41015625,-0.425048828125,-0.384033203125,-1.9599609375,-0.414306640625
R1138_376,A,376,-0.05902099609375,-2.0,-0.23388671875,0.43603515625,-2.986328125,-0.405029296875,-0.1041259765625,-2.65234375,0.2100830078125,-0.1690673828125,-2.3984375,-0.051849365234375,-0.31640625,-2.31640625,-0.39453125
R1138_377,U,377,1.0556640625,-3.4296875,1.5,1.138671875,-3.607421875,1.55859375,1.390625,-3.326171875,1.1826171875,1.5048828125,-3.701171875,2.037109375,1.439453125,-3.732421875,1.658203125
R1138_378,C,378,2.646484375,-3.1015625,1.75390625,2.41796875,-2.791015625,1.8359375,2.4765625,-3.048828125,2.076171875,2.412109375,-3.11328125,1.6552734375,2.591796875,-3.630859375,1.9873046875
R1138_379,G,379,1.3203125,-2.560546875,0.383056640625,1.4208984375,-2.66015625,1.1611328125,0.84423828125,-1.9560546875,0.552734375,1.236328125,-2.177734375,0.841796875,0.76171875,-2.169921875,0.1953125
R1138_380,A,380,-0.18212890625,-2.7578125,0.24755859375,-0.0452880859375,-2.2421875,0.62841796875,-0.705078125,-2.125,-0.455322265625,-0.85302734375,-2.25,0.26953125,0.054656982421875,-2.94921875,0.5888671875
R1138_381,C,381,1.021484375,-2.0546875,1.5322265625,1.59765625,-2.708984375,1.337890625,2.01953125,-2.52734375,1.9150390625,2.16015625,-2.7890625,1.4736328125,2.07421875,-2.548828125,1.833984375
R1138_382,C,382,1.611328125,-2.818359375,1.369140625,1.7314453125,-2.615234375,1.79296875,1.806640625,-2.783203125,2.05859375,1.3837890625,-2.5625,1.751953125,2.5625,-2.666015625,1.482421875
R1138_383,C,383,2.30859375,-2.302734375,0.90771484375,1.8466796875,-2.46484375,2.103515625,2.296875,-3.46875,1.873046875,2.0703125,-2.638671875,1.1064453125,2.1796875,-2.73828125,1.9130859375
R1138_384,C,384,2.55078125,-2.947265625,2.099609375,3.138671875,-3.41015625,2.09765625,2.19921875,-2.626953125,1.560546875,2.583984375,-2.93359375,1.82421875,2.322265625,-3.353515625,1.576171875
R1138_385,A,385,0.2308349609375,-1.9423828125,-0.58056640625,0.005222320556640625,-1.8759765625,-1.0869140625,0.490234375,-2.658203125,-0.50048828125,0.0197296142578125,-2.173828125,-0.78173828125,0.30908203125,-2.5078125,-0.69189453125
R1138_386,A,386,-0.3037109375,-2.44921875,-0.9287109375,0.375732421875,-2.294921875,-0.82861328125,0.1251220703125,-2.29296875,-0.33642578125,0.023040771484375,-2.0703125,-0.475341796875,-0.2061767578125,-2.484375,-0.76806640625
R1138_387,C,387,2.283203125,-3.115234375,1.8916015625,2.392578125,-2.39453125,1.697265625,2.51953125,-2.888671875,1.822265625,1.88671875,-1.873046875,1.9228515625,2.033203125,-2.181640625,1.517578125
R1138_388,G,388,1.650390625,-2.41015625,-0.833984375,1.365234375,-2.24609375,-1.4130859375,1.6884765625,-2.2890625,-0.2008056640625,0.787109375,-1.990234375,-0.45751953125,1.4375,-2.40234375,0.275146484375
R1138_389,U,389,1.978515625,-3.279296875,0.8154296875,1.443359375,-2.93359375,0.395751953125,1.7255859375,-3.326171875,0.771484375,0.80126953125,-3.380859375,0.3466796875,1.4345703125,-3.828125,0.537109375
R1138_390,G,390,1.3369140625,-2.552734375,-0.6376953125,1.771484375,-1.8779296875,-1.37109375,1.275390625,-2.40625,-0.720703125,1.3984375,-2.021484375,-1.259765625,1.861328125,-1.74609375,-1.22265625
R1138_391,A,391,-0.51318359375,-1.2060546875,-1.0732421875,0.251708984375,-1.9677734375,-1.4599609375,0.1600341796875,-1.56640625,-1.767578125,-0.12158203125,-1.9462890625,-1.2880859375,-0.60498046875,-1.3984375,-1.5556640625
R1138_392,G,392,1.763671875,-1.16015625,-1.251953125,1.8095703125,-1.244140625,-0.673828125,1.7568359375,-1.38671875,-0.67236328125,1.6728515625,-1.7431640625,-1.1962890625,1.2958984375,-1.056640625,-1.5087890625
R1138_393,A,393,-0.76123046875,-1.3232421875,-0.97900390625,-0.31201171875,-1.08203125,-1.65234375,-0.276611328125,-0.748046875,-0.8359375,-0.15625,-0.66748046875,-0.63330078125,-0.6923828125,0.0136260986328125,-1.130859375
R1138_394,G,394,1.318359375,-1.2666015625,0.340087890625,1.0068359375,-1.3232421875,0.435546875,0.91650390625,-1.703125,0.826171875,0.86474609375,-1.2900390625,0.489501953125,0.572265625,-1.7158203125,0.419677734375
R1138_395,G,395,1.548828125,-1.578125,0.6982421875,1.5849609375,-1.98046875,0.44580078125,0.607421875,-1.111328125,0.57568359375,0.681640625,-1.6103515625,0.5556640625,1.2578125,-1.4326171875,0.32470703125
R1138_396,G,396,1.640625,-1.4814453125,-0.04254150390625,2.18359375,-2.173828125,0.296142578125,1.82421875,-1.6103515625,0.48828125,2.123046875,-1.888671875,0.2047119140625,2.091796875,-2.3984375,-0.12646484375
R1138_397,G,397,1.8876953125,-1.59375,-0.50048828125,2.921875,-1.3037109375,-0.68505859375,2.193359375,-1.8564453125,-0.413818359375,2.71875,-1.4609375,-0.328857421875,2.388671875,-1.66796875,-0.458740234375
R1138_398,U,398,1.9599609375,-2.8203125,0.338134765625,1.9453125,-2.318359375,0.185302734375,2.10546875,-2.99609375,1.0693359375,1.705078125,-2.564453125,1.38671875,1.7744140625,-2.650390625,0.8359375
R1138_399,C,399,2.224609375,-1.75,1.4736328125,1.6474609375,-1.7255859375,1.3173828125,1.978515625,-1.5498046875,1.1748046875,2.177734375,-1.5478515625,0.81005859375,2.271484375,-2.08984375,1.0048828125
R1138_400,G,400,1.50390625,-1.3271484375,-0.2021484375,1.6484375,-1.25390625,0.36962890625,1.712890625,-1.626953125,0.182373046875,1.572265625,-1.08203125,-0.2279052734375,1.7919921875,-1.1318359375,-0.474853515625
R1138_401,G,401,0.87646484375,-1.1806640625,0.59716796875,1.453125,-1.4658203125,0.6455078125,2.00390625,-1.7421875,0.28662109375,1.296875,-1.251953125,0.05316162109375,1.9091796875,-1.54296875,0.414794921875
R1138_402,U,402,1.1552734375,-3.14453125,1.3896484375,1.4345703125,-2.408203125,1.8232421875,1.4638671875,-3.224609375,1.7978515625,1.8974609375,-2.779296875,1.6669921875,0.89453125,-2.673828125,1.2919921875
R1138_403,U,403,0.90625,-3.14453125,1.3564453125,1.5068359375,-3.07421875,1.771484375,0.98388671875,-2.982421875,1.58984375,1.025390625,-2.375,1.7392578125,1.33984375,-2.728515625,1.0009765625
R1138_404,C,404,1.37890625,-2.03125,0.98779296875,2.67578125,-2.072265625,1.5615234375,2.03515625,-2.236328125,1.9384765625,2.5859375,-2.212890625,1.802734375,2.146484375,-2.359375,1.41015625
R1138_405,C,405,1.8427734375,-1.892578125,1.015625,2.359375,-2.642578125,1.38671875,2.0859375,-1.7216796875,1.24609375,2.291015625,-2.3359375,1.07421875,2.291015625,-2.615234375,1.3349609375
R1138_406,C,406,2.3203125,-2.302734375,0.7802734375,1.9033203125,-2.38671875,1.0556640625,2.08984375,-2.595703125,1.3623046875,1.6875,-2.21875,1.31640625,1.9521484375,-1.8544921875,0.22705078125
R1138_407,C,407,2.6015625,-2.3984375,1.6357421875,2.53125,-2.53125,1.3759765625,2.189453125,-2.837890625,1.666015625,1.91796875,-1.8388671875,0.81396484375,2.419921875,-2.24609375,1.1962890625
R1138_408,G,408,1.537109375,-1.4775390625,0.1497802734375,2.25390625,-2.16015625,0.39013671875,1.8359375,-1.408203125,0.1658935546875,1.3408203125,-1.630859375,-0.4345703125,1.6572265625,-1.859375,0.323486328125
R1138_409,A,409,1.142578125,-2.435546875,1.078125,1.115234375,-2.8359375,1.1728515625,1.7705078125,-2.435546875,0.9248046875,1.427734375,-2.650390625,0.82275390625,0.9990234375,-1.904296875,-0.1414794921875
R1138_410,G,410,2.48046875,-2.650390625,0.6005859375,2.427734375,-1.849609375,0.347900390625,2.59765625,-1.6787109375,0.5341796875,2.677734375,-2.580078125,0.41015625,1.619140625,-2.43359375,0.1529541015625
R1138_411,C,411,2.689453125,-2.427734375,1.005859375,2.826171875,-2.5859375,1.8876953125,2.828125,-2.43359375,1.3056640625,2.677734375,-2.09765625,0.88525390625,2.90625,-2.818359375,1.3974609375
R1138_412,A,412,0.9580078125,-2.330078125,-0.1595458984375,0.54150390625,-2.81640625,0.50341796875,0.8720703125,-2.06640625,0.69189453125,1.3125,-2.580078125,0.1494140625,0.7470703125,-1.9052734375,0.03350830078125
R1138_413,U,413,1.4912109375,-3.439453125,2.208984375,1.298828125,-3.240234375,1.224609375,1.81640625,-3.091796875,1.9267578125,1.4443359375,-3.0859375,1.9169921875,2.404296875,-3.548828125,2.349609375
R1138_414,A,414,1.0478515625,-2.62890625,0.537109375,1.1513671875,-2.931640625,1.310546875,0.98388671875,-3.171875,1.6396484375,1.0966796875,-2.97265625,1.1083984375,0.78564453125,-3.267578125,0.41748046875
R1138_415,G,415,1.701171875,-0.5849609375,-0.1982421875,1.8369140625,-2.205078125,0.60302734375,1.326171875,-1.4365234375,-0.64453125,1.681640625,-1.1708984375,0.08984375,2.013671875,-1.814453125,0.490966796875
R1138_416,A,416,1.44140625,-1.5810546875,0.3583984375,0.498779296875,-2.07421875,-0.11004638671875,0.9755859375,-1.9833984375,-0.2020263671875,1.34375,-2.0625,-0.1337890625,0.779296875,-1.9814453125,0.423828125
R1138_417,C,417,1.3330078125,-1.3154296875,0.482177734375,1.962890625,-1.630859375,1.2314453125,1.8115234375,-1.7021484375,0.63916015625,1.759765625,-1.5712890625,0.282958984375,1.451171875,-1.7109375,1.3310546875
R1138_418,C,418,1.740234375,-1.5888671875,0.78125,1.8857421875,-1.353515625,0.65869140625,1.5126953125,-1.5126953125,0.7431640625,1.66796875,-1.455078125,0.8095703125,2.28125,-1.59765625,0.9794921875
R1138_419,A,419,0.8154296875,-1.6162109375,-1.3681640625,0.53662109375,-1.5673828125,-1.5107421875,0.84423828125,-1.0361328125,-1.775390625,0.87890625,-1.25,-1.32421875,0.306396484375,-1.30078125,-1.236328125
R1138_420,A,420,1.041015625,-1.50390625,-1.421875,0.5791015625,-1.5478515625,-1.115234375,0.8271484375,-1.1240234375,-1.2099609375,0.55419921875,-1.564453125,-1.47265625,0.5859375,-1.216796875,-1.0263671875
R1138_421,U,421,1.24609375,-2.05078125,0.5419921875,1.5859375,-1.587890625,0.65771484375,1.3388671875,-1.677734375,0.414306640625,1.7060546875,-1.77734375,0.7041015625,1.7119140625,-1.7060546875,0.86083984375
R1138_422,A,422,0.71337890625,-1.296875,-1.259765625,1.30078125,-1.638671875,-0.1246337890625,0.85302734375,-1.880859375,-0.489013671875,1.0107421875,-1.09765625,-0.876953125,0.42041015625,-1.224609375,-0.58740234375
R1138_423,U,423,1.5107421875,-2.349609375,0.9296875,1.634765625,-2.302734375,0.27392578125,1.033203125,-1.8720703125,1.142578125,1.466796875,-2.3359375,0.8671875,1.1630859375,-1.9208984375,0.68359375
R1138_424,C,424,2.02734375,-1.3046875,1.0693359375,1.9580078125,-1.8818359375,1.0400390625,1.3623046875,-1.568359375,0.463623046875,1.9375,-1.759765625,1.0595703125,1.98046875,-2.05078125,0.8564453125
R1138_425,C,425,1.4326171875,-2.041015625,1.3271484375,1.951171875,-1.8134765625,1.27734375,2.150390625,-2.6015625,2.025390625,1.73828125,-2.7578125,1.4921875,1.3818359375,-2.25390625,1.1953125
R1138_426,C,426,2.3359375,-2.140625,1.00390625,1.97265625,-2.306640625,1.228515625,1.716796875,-2.138671875,1.2646484375,1.7744140625,-2.138671875,1.203125,2.419921875,-2.08984375,1.693359375
R1138_427,A,427,0.97509765625,-2.662109375,0.361572265625,1.3876953125,-2.837890625,0.5537109375,0.6845703125,-2.525390625,-0.1649169921875,0.5791015625,-2.068359375,-0.61083984375,1.0908203125,-3.30078125,0.251220703125
R1138_428,G,428,0.978515625,-1.7822265625,0.339111328125,0.89990234375,-1.501953125,0.279296875,0.88232421875,-1.6083984375,0.646484375,1.0439453125,-1.7265625,0.051239013671875,0.76904296875,-1.5185546875,0.263427734375
R1138_429,G,429,0.9404296875,-1.619140625,0.55859375,0.90234375,-1.3369140625,0.51513671875,0.66552734375,-1.1669921875,0.61865234375,1.3017578125,-1.611328125,0.95166015625,1.2470703125,-1.8408203125,0.38916015625
R1138_430,U,430,0.248046875,-2.017578125,1.5849609375,0.88623046875,-1.9990234375,1.4794921875,0.81396484375,-2.47265625,1.7138671875,0.8251953125,-2.8125,1.685546875,0.398193359375,-2.24609375,1.345703125
R1138_431,U,431,0.497802734375,-2.31640625,1.876953125,0.57177734375,-2.541015625,2.0390625,0.412353515625,-2.66015625,1.95703125,1.1513671875,-2.396484375,1.7939453125,0.6826171875,-2.0,1.958984375
R1138_432,U,432,1.048828125,-2.736328125,1.6435546875,0.71337890625,-2.607421875,1.7138671875,0.3388671875,-2.28125,1.55859375,0.59912109375,-2.455078125,1.7734375,0.61376953125,-2.625,1.8525390625
R1138_433,A,433,0.72412109375,-2.41015625,0.09521484375,1.1337890625,-2.875,0.271484375,1.3505859375,-3.140625,0.58740234375,0.71826171875,-2.232421875,-0.017120361328125,0.7724609375,-3.3359375,0.63720703125
R1138_434,U,434,0.94287109375,-3.36328125,1.771484375,0.744140625,-2.841796875,1.439453125,1.2685546875,-3.390625,1.8232421875,1.060546875,-2.943359375,1.193359375,1.333984375,-2.923828125,1.5458984375
R1138_435,G,435,1.205078125,-1.5458984375,-0.07208251953125,1.6328125,-1.5869140625,-0.37646484375,1.89453125,-1.8408203125,-0.287109375,1.4404296875,-1.6708984375,0.185791015625,1.2998046875,-1.4716796875,-0.2225341796875
R1138_436,C,436,1.669921875,-1.501953125,1.658203125,1.34765625,-1.8642578125,1.52734375,1.5517578125,-1.63671875,1.1162109375,1.5810546875,-1.4208984375,1.5458984375,1.3681640625,-1.5810546875,1.416015625
R1138_437,U,437,1.0166015625,-3.03515625,1.9365234375,1.3974609375,-3.404296875,2.5234375,0.650390625,-2.642578125,1.8291015625,0.87109375,-3.220703125,2.71484375,0.9638671875,-2.52734375,1.8447265625
R1138_438,C,438,1.6396484375,-2.087890625,1.6552734375,1.486328125,-1.8369140625,1.1669921875,1.4482421875,-2.078125,1.353515625,1.2255859375,-1.7392578125,1.5927734375,1.625,-1.3408203125,1.3818359375
R1138_439,C,439,1.5263671875,-2.568359375,1.705078125,1.779296875,-2.25390625,1.64453125,1.66796875,-2.236328125,1.884765625,1.982421875,-2.720703125,1.87890625,1.98828125,-2.556640625,1.904296875
R1138_440,C,440,2.265625,-2.974609375,1.8583984375,2.1328125,-2.3828125,1.26953125,2.314453125,-2.423828125,1.904296875,2.154296875,-2.994140625,1.6015625,2.310546875,-2.65625,1.7255859375
R1138_441,C,441,2.474609375,-2.697265625,1.68359375,1.9990234375,-3.0390625,2.107421875,2.537109375,-3.34765625,2.205078125,2.017578125,-2.7421875,1.4677734375,2.62109375,-3.328125,1.962890625
R1138_442,A,442,1.3876953125,-2.83203125,0.355224609375,1.1591796875,-2.77734375,0.146728515625,0.372802734375,-1.9609375,0.10693359375,0.92578125,-2.685546875,-0.277587890625,0.75439453125,-1.8017578125,0.364990234375
R1138_443,A,443,0.487548828125,-2.765625,0.03668212890625,0.26171875,-2.837890625,0.09466552734375,-0.127685546875,-2.55078125,-0.2264404296875,0.06536865234375,-2.306640625,0.09356689453125,1.1083984375,-3.3671875,0.378662109375
R1138_444,C,444,2.24609375,-3.056640625,1.19140625,2.103515625,-3.12109375,1.939453125,1.8671875,-3.32421875,1.529296875,2.4609375,-3.7109375,1.6318359375,1.990234375,-3.6484375,1.611328125
R1138_445,G,445,1.4951171875,-3.23828125,0.416015625,0.86572265625,-3.419921875,-1.0419921875,0.595703125,-3.1484375,-0.11114501953125,0.99853515625,-3.0234375,-0.172119140625,1.3095703125,-3.63671875,0.6123046875
R1138_446,C,446,1.9111328125,-3.58203125,0.56591796875,2.427734375,-3.822265625,1.42578125,2.396484375,-4.1953125,1.33203125,2.236328125,-3.322265625,1.2919921875,2.33203125,-4.59765625,2.126953125
R1138_447,U,447,1.10546875,-4.74609375,1.185546875,1.06640625,-4.74609375,1.494140625,0.43896484375,-5.1328125,0.8486328125,0.1136474609375,-4.5390625,1.341796875,0.8828125,-4.9375,1.978515625
R1138_448,G,448,0.5947265625,-3.2421875,-0.8349609375,0.8623046875,-3.4765625,-0.427490234375,1.2314453125,-3.73828125,-0.92333984375,1.17578125,-3.42578125,-0.55322265625,1.4453125,-3.421875,-0.56591796875
R1138_449,G,449,1.6435546875,-3.505859375,-0.6298828125,1.19140625,-2.591796875,-1.0654296875,1.2490234375,-3.5546875,-0.7890625,1.03515625,-2.708984375,-0.52392578125,1.0087890625,-2.98046875,-0.86767578125
R1138_450,A,450,0.60400390625,-3.525390625,0.10101318359375,0.6494140625,-3.0390625,0.88818359375,0.2392578125,-2.28515625,-0.8408203125,0.77392578125,-2.423828125,-0.14453125,0.54296875,-2.31640625,-0.7373046875
R1138_451,C,451,2.275390625,-3.501953125,2.076171875,2.2578125,-3.3359375,1.7333984375,2.265625,-3.23828125,2.095703125,2.365234375,-3.78515625,2.517578125,2.0,-2.9765625,1.7216796875
R1138_452,G,452,1.755859375,-2.51171875,0.6064453125,1.9208984375,-1.880859375,0.417236328125,1.349609375,-1.4462890625,0.1883544921875,1.4287109375,-2.7421875,0.11700439453125,1.9658203125,-3.50390625,1.076171875
R1138_453,A,453,0.67919921875,-2.166015625,0.327880859375,0.89404296875,-2.451171875,0.17138671875,0.98828125,-2.3359375,-0.1612548828125,0.99658203125,-2.23046875,-0.44921875,1.5302734375,-2.396484375,-0.45703125
R1138_454,A,454,1.2568359375,-3.09765625,-0.322265625,1.1044921875,-2.603515625,-0.113525390625,1.55078125,-2.390625,-0.54345703125,1.3583984375,-2.068359375,-0.34130859375,1.4443359375,-2.587890625,-0.1968994140625
R1138_455,C,455,2.869140625,-2.9140625,0.765625,2.26171875,-2.669921875,0.611328125,2.744140625,-2.001953125,0.5244140625,2.623046875,-2.97265625,0.99951171875,2.8515625,-2.322265625,1.0654296875
R1138_456,U,456,0.9990234375,-2.96484375,-0.00859832763671875,0.513671875,-2.39453125,-0.7734375,0.72998046875,-2.6171875,-0.07232666015625,0.81005859375,-3.29296875,-0.312744140625,1.4306640625,-2.97265625,-0.1029052734375
R1138_457,A,457,0.56494140625,-1.8095703125,-1.255859375,0.6298828125,-2.4375,-1.29296875,0.249267578125,-2.13671875,-2.341796875,0.65771484375,-2.43359375,-0.6572265625,0.6162109375,-2.3359375,-0.6845703125
R1138_458,C,458,2.19921875,-1.9853515625,0.703125,1.9775390625,-2.56640625,0.128662109375,1.5830078125,-1.515625,0.358154296875,1.939453125,-2.3046875,0.350830078125,1.017578125,-2.17578125,0.2318115234375
R1138_459,C,459,1.32421875,-2.720703125,0.393798828125,1.4853515625,-1.4775390625,0.240478515625,1.4384765625,-2.046875,0.56298828125,1.1640625,-1.8916015625,0.52001953125,1.265625,-2.119140625,0.31005859375
R1138_460,U,460,0.736328125,-2.6640625,0.2188720703125,1.0380859375,-2.71875,0.0445556640625,0.51416015625,-2.953125,0.283447265625,0.367919921875,-3.30078125,0.057647705078125,0.5185546875,-2.875,0.003147125244140625
R1138_461,A,461,-0.07177734375,-1.4443359375,-1.3916015625,0.08233642578125,-0.98876953125,-1.3134765625,0.375244140625,-2.443359375,-1.0419921875,-0.1773681640625,-1.1943359375,-1.197265625,0.345458984375,-2.099609375,-1.66015625
R1138_462,C,462,1.47265625,-3.107421875,1.4140625,1.81640625,-2.64453125,1.240234375,1.609375,-2.08984375,0.8427734375,1.447265625,-2.88671875,1.076171875,1.1806640625,-2.48046875,1.0224609375
R1138_463,G,463,0.9033203125,-1.7802734375,-0.7890625,0.9189453125,-2.40625,-0.90673828125,0.6181640625,-2.03515625,-0.91552734375,0.60888671875,-2.26171875,-0.62109375,1.5634765625,-2.236328125,-1.5751953125
R1138_464,U,464,0.76611328125,-3.166015625,1.3681640625,0.9521484375,-3.7421875,1.6337890625,0.8720703125,-3.58984375,1.7939453125,0.392822265625,-3.455078125,2.009765625,1.349609375,-3.33984375,2.001953125
R1138_465,C,465,1.76171875,-2.875,1.173828125,0.93310546875,-3.439453125,1.58203125,1.0546875,-2.7109375,1.2275390625,1.5419921875,-3.125,1.65234375,1.427734375,-3.154296875,1.3994140625
R1138_466,U,466,0.55224609375,-2.96875,1.3740234375,0.08331298828125,-3.66796875,1.5283203125,0.59619140625,-3.09765625,1.361328125,0.82958984375,-3.3046875,1.7978515625,0.428955078125,-3.4609375,1.501953125
R1138_467,A,467,0.37060546875,-2.73046875,-0.465576171875,0.127197265625,-2.681640625,0.1480712890625,0.42041015625,-2.16015625,-0.0653076171875,1.12890625,-2.509765625,0.0970458984375,0.42578125,-2.470703125,-0.5322265625
R1138_468,G,468,0.646484375,-2.3671875,-0.1148681640625,0.422607421875,-2.50390625,0.383056640625,0.60400390625,-2.1171875,0.0193634033203125,1.6474609375,-2.166015625,-0.0275421142578125,0.8759765625,-2.048828125,0.048095703125
R1138_469,C,469,1.986328125,-2.865234375,2.25,1.3642578125,-2.9765625,1.5498046875,2.0078125,-2.853515625,1.958984375,1.6806640625,-2.72265625,1.62109375,1.2412109375,-2.26953125,1.8017578125
R1138_470,G,470,1.1845703125,-2.60546875,0.86083984375,1.197265625,-2.84375,0.447265625,1.0068359375,-2.90234375,0.60205078125,0.7119140625,-2.767578125,0.236083984375,0.92626953125,-2.267578125,0.0379638671875
R1138_471,U,471,1.12890625,-3.015625,1.3623046875,1.201171875,-3.390625,1.3271484375,0.7080078125,-3.666015625,1.984375,0.63916015625,-3.619140625,1.7900390625,1.1572265625,-3.69921875,1.763671875
R1138_472,U,472,1.4013671875,-2.84765625,1.8603515625,1.0498046875,-3.802734375,1.396484375,1.0546875,-3.3125,1.3818359375,0.8466796875,-3.8515625,2.193359375,1.2060546875,-3.333984375,0.7490234375
R1138_473,C,473,1.8955078125,-2.328125,1.7119140625,1.966796875,-2.966796875,1.4599609375,2.08203125,-2.07421875,0.84326171875,1.564453125,-2.046875,1.001953125,2.30078125,-2.697265625,1.2236328125
R1138_474,C,474,1.7060546875,-2.37109375,1.44140625,1.8310546875,-2.0234375,1.3525390625,1.8212890625,-2.51953125,1.701171875,2.005859375,-2.23046875,0.93994140625,2.00390625,-2.591796875,1.7353515625
R1138_475,G,475,1.27734375,-2.556640625,-0.29443359375,1.8662109375,-2.609375,0.149169921875,1.638671875,-3.12890625,-0.63330078125,1.3720703125,-2.384765625,-0.96337890625,0.9599609375,-2.07421875,0.33203125
R1138_476,G,476,1.7763671875,-2.576171875,0.178955078125,1.384765625,-2.6015625,-0.25830078125,1.5537109375,-2.58984375,0.1563720703125,1.5478515625,-2.23828125,-0.58984375,1.9873046875,-3.05859375,-0.52880859375
R1138_477,C,477,1.9345703125,-3.033203125,1.7529296875,2.19921875,-2.78125,1.5341796875,2.478515625,-3.11328125,1.47265625,2.71875,-2.68359375,1.89453125,2.1484375,-3.23828125,1.72265625
R1138_478,A,478,0.64208984375,-3.345703125,0.66064453125,0.8173828125,-3.65234375,0.68701171875,0.64453125,-2.1328125,-0.218017578125,0.80029296875,-2.921875,0.76416015625,1.189453125,-2.380859375,-0.47998046875
R1138_479,A,479,0.1802978515625,-2.52734375,0.09613037109375,0.2203369140625,-2.404296875,-0.10150146484375,0.82080078125,-1.705078125,-0.1531982421875,1.0908203125,-2.09765625,0.34033203125,0.97314453125,-2.546875,0.6728515625
R1138_480,A,480,0.490234375,-2.49609375,0.1751708984375,0.54345703125,-1.6396484375,0.053741455078125,0.39404296875,-1.880859375,0.5908203125,0.73193359375,-2.173828125,0.11029052734375,0.400146484375,-2.076171875,0.470703125
R1138_481,U,481,1.45703125,-3.10546875,1.89453125,1.2685546875,-3.5,2.056640625,1.1259765625,-3.234375,2.564453125,1.5478515625,-3.521484375,2.326171875,1.892578125,-3.693359375,2.142578125
R1138_482,G,482,0.81884765625,-1.9716796875,0.60595703125,1.5478515625,-2.462890625,0.1734619140625,0.41796875,-1.521484375,0.6806640625,0.9541015625,-2.25,0.5478515625,0.6796875,-2.470703125,0.95068359375
R1138_483,A,483,0.1820068359375,-3.369140625,1.0654296875,0.2252197265625,-3.189453125,0.515625,0.708984375,-2.873046875,0.30810546875,0.75146484375,-3.392578125,1.400390625,0.71728515625,-3.123046875,1.0361328125
R1138_484,G,484,1.8408203125,-2.55859375,1.4375,1.5625,-3.1328125,1.41015625,1.3310546875,-2.04296875,0.34521484375,1.3486328125,-2.765625,0.2412109375,1.9921875,-3.291015625,0.86962890625
R1138_485,U,485,1.7080078125,-3.8125,2.314453125,1.6484375,-3.9140625,2.56640625,1.8388671875,-3.416015625,2.1953125,1.9111328125,-3.294921875,2.359375,2.2578125,-3.98046875,2.427734375
R1138_486,C,486,2.48828125,-2.916015625,2.630859375,2.265625,-2.3203125,2.419921875,3.029296875,-2.796875,2.599609375,2.201171875,-2.75390625,2.4609375,2.75390625,-2.71875,2.75
R1138_487,A,487,0.8447265625,-1.57421875,0.4404296875,0.4091796875,-1.919921875,0.806640625,1.208984375,-1.33984375,0.88232421875,0.72705078125,-2.255859375,1.5537109375,0.94580078125,-1.236328125,0.87255859375
R1138_488,A,488,0.52099609375,-1.8759765625,1.4697265625,0.24072265625,-1.18359375,0.1689453125,0.408447265625,-1.7109375,0.65966796875,0.177001953125,-2.056640625,0.92333984375,0.54150390625,-1.947265625,1.294921875
R1138_489,U,489,1.62890625,-3.427734375,1.9541015625,1.5126953125,-3.177734375,1.99609375,1.5322265625,-3.169921875,2.05859375,1.373046875,-3.91796875,2.3984375,1.875,-3.421875,2.236328125
R1138_490,A,490,0.16455078125,-1.791015625,-0.26220703125,0.314453125,-2.4453125,-0.258544921875,1.2353515625,-2.115234375,0.402587890625,0.451171875,-3.01953125,0.8232421875,0.54541015625,-2.03125,0.0380859375
R1138_491,C,491,2.330078125,-1.9189453125,1.787109375,1.7744140625,-2.6953125,1.5849609375,1.798828125,-2.19921875,1.3994140625,1.6171875,-1.9384765625,0.71240234375,1.953125,-2.837890625,1.5693359375
R1138_492,C,492,1.2958984375,-2.515625,1.4296875,1.8271484375,-2.611328125,1.880859375,1.8046875,-2.138671875,1.515625,1.431640625,-2.423828125,0.8955078125,1.3798828125,-2.07421875,1.033203125
R1138_493,U,493,1.669921875,-3.048828125,1.0009765625,1.369140625,-3.4296875,0.640625,1.5693359375,-3.232421875,0.611328125,1.25390625,-3.345703125,1.3720703125,1.8046875,-3.39453125,1.26953125
R1138_494,C,494,1.4052734375,-2.283203125,1.451171875,1.611328125,-1.7197265625,1.384765625,1.6162109375,-2.12109375,1.298828125,1.50390625,-1.951171875,0.96728515625,1.5654296875,-2.8203125,1.6904296875
R1138_495,A,495,-0.42578125,-1.728515625,-1.1396484375,-0.7138671875,-1.38671875,-1.23828125,-0.430908203125,-0.9248046875,-1.3984375,-0.288330078125,-1.6357421875,-0.460693359375,-0.16845703125,-1.37109375,-0.26708984375
R1138_496,G,496,0.56005859375,-1.625,-0.07183837890625,0.64453125,-2.009765625,-0.0477294921875,0.9013671875,-1.771484375,0.07720947265625,1.142578125,-1.666015625,-0.0248260498046875,1.0078125,-1.6298828125,-0.129150390625
R1138_497,A,497,-0.0550537109375,-1.548828125,0.2293701171875,0.451416015625,-1.140625,-0.45703125,-0.1475830078125,-1.501953125,-0.50537109375,0.5654296875,-1.365234375,-0.0692138671875,0.115966796875,-1.224609375,-0.5361328125
R1138_498,C,498,2.41015625,-1.8623046875,0.96240234375,2.048828125,-1.880859375,1.544921875,2.642578125,-1.6630859375,1.171875,2.341796875,-1.6962890625,1.1953125,1.830078125,-1.966796875,1.0615234375
R1138_499,U,499,1.3359375,-2.4765625,0.56201171875,1.7314453125,-1.8740234375,0.61083984375,1.4072265625,-2.638671875,0.64013671875,1.4873046875,-2.8125,1.1982421875,1.1513671875,-2.359375,0.79150390625
R1138_500,U,500,1.69921875,-1.755859375,0.80322265625,1.4228515625,-2.1875,1.1767578125,0.8564453125,-2.580078125,0.72705078125,1.7421875,-2.8828125,0.71923828125,1.599609375,-3.134765625,1.3642578125
R1138_501,A,501,-0.035919189453125,-1.4873046875,-0.2349853515625,0.31396484375,-2.21484375,0.11187744140625,0.1014404296875,-1.421875,-1.1748046875,0.53076171875,-1.80859375,-0.01971435546875,0.10675048828125,-1.177734375,-0.42626953125
R1138_502,U,502,1.5205078125,-3.322265625,1.9697265625,2.166015625,-3.0546875,1.7275390625,1.5673828125,-2.912109375,1.599609375,1.228515625,-2.69140625,2.044921875,1.4453125,-2.27734375,1.4521484375
R1138_503,U,503,1.560546875,-3.142578125,1.9482421875,2.291015625,-3.130859375,2.037109375,1.337890625,-2.77734375,1.16015625,1.5146484375,-2.82421875,1.208984375,1.8466796875,-2.712890625,1.4443359375
R1138_504,U,504,1.6318359375,-2.56640625,1.3623046875,1.947265625,-3.06640625,1.1865234375,1.7705078125,-3.048828125,1.5634765625,1.22265625,-3.482421875,1.4990234375,1.845703125,-3.232421875,1.9609375
R1138_505,G,505,0.9931640625,-1.7734375,-0.90625,0.97119140625,-1.8466796875,-0.018218994140625,1.4990234375,-1.9267578125,-0.0946044921875,1.5341796875,-1.6728515625,-0.90869140625,1.92578125,-2.08984375,-0.548828125
R1138_506,C,506,1.771484375,-1.8359375,0.477294921875,1.8330078125,-2.146484375,0.9267578125,1.265625,-1.4248046875,0.595703125,1.5546875,-1.7177734375,0.185791015625,1.951171875,-2.416015625,1.203125
R1138_507,G,507,1.77734375,-2.076171875,-1.3232421875,1.7314453125,-1.50390625,-0.7216796875,1.5126953125,-1.462890625,-0.88427734375,1.48828125,-1.6826171875,-0.9375,1.291015625,-2.60546875,-0.8056640625
R1138_508,G,508,1.4609375,-1.7236328125,-0.77685546875,1.4921875,-1.39453125,-1.171875,0.9775390625,-2.009765625,-0.75830078125,1.962890625,-1.548828125,-0.78564453125,1.8125,-1.4189453125,-0.84130859375
R1138_509,U,509,2.275390625,-2.220703125,0.91748046875,1.6103515625,-2.6015625,0.49755859375,1.6474609375,-2.525390625,0.41943359375,0.8251953125,-2.689453125,1.1328125,1.8720703125,-2.453125,0.78369140625
R1138_510,G,510,1.3115234375,-1.55859375,-0.6240234375,1.19921875,-1.966796875,-0.45068359375,1.62890625,-2.203125,-0.071533203125,1.5009765625,-1.6650390625,-0.271240234375,1.7626953125,-1.8583984375,-0.52392578125
R1138_511,C,511,2.4453125,-2.451171875,1.3212890625,2.943359375,-2.01171875,0.5751953125,3.28125,-2.908203125,1.412109375,3.13671875,-2.7578125,1.43359375,2.849609375,-1.3134765625,1.6376953125
R1138_512,C,512,2.74609375,-3.013671875,1.6474609375,2.005859375,-2.357421875,1.037109375,2.578125,-2.568359375,0.9541015625,2.38671875,-2.478515625,1.3984375,2.93359375,-2.369140625,1.658203125
R1138_513,U,513,1.751953125,-3.30859375,0.8388671875,2.33203125,-3.681640625,1.1904296875,2.13671875,-4.10546875,1.1748046875,1.42578125,-4.18359375,1.6455078125,2.48828125,-2.90234375,0.751953125
R1138_514,G,514,2.08984375,-2.587890625,-0.69140625,1.7470703125,-2.923828125,0.032684326171875,2.138671875,-2.54296875,-0.08843994140625,1.5537109375,-2.994140625,-0.2607421875,1.6865234375,-3.1640625,0.357666015625
R1138_515,A,515,1.5185546875,-2.748046875,0.8369140625,1.177734375,-2.439453125,0.3662109375,1.2294921875,-2.470703125,1.427734375,1.10546875,-2.7265625,0.8173828125,0.68408203125,-2.119140625,0.2000732421875
R1138_516,G,516,1.7333984375,-2.349609375,0.3330078125,2.08984375,-2.6484375,0.802734375,1.734375,-2.36328125,0.2257080078125,1.54296875,-2.40234375,0.470458984375,2.021484375,-2.546875,0.25
R1138_517,C,517,2.060546875,-2.00390625,1.890625,2.0078125,-2.0546875,2.169921875,2.453125,-1.95703125,2.291015625,1.8818359375,-1.734375,1.7861328125,1.986328125,-2.4375,1.6328125
R1138_518,C,518,1.953125,-2.099609375,1.8056640625,1.732421875,-1.970703125,1.8515625,2.21484375,-1.98828125,2.390625,2.14453125,-1.529296875,1.8369140625,1.8115234375,-1.8291015625,1.6328125
R1138_519,U,519,1.4345703125,-3.26171875,1.59765625,2.4765625,-3.484375,1.6884765625,2.16796875,-3.14453125,2.30078125,2.185546875,-3.33203125,2.095703125,1.8427734375,-3.3828125,2.3046875
R1138_520,A,520,0.63720703125,-2.888671875,0.80810546875,0.9189453125,-2.353515625,-0.06640625,1.578125,-2.78515625,0.625,0.73388671875,-2.189453125,-0.0430908203125,0.783203125,-2.50390625,0.29833984375
R1138_521,A,521,1.037109375,-2.443359375,-0.4931640625,0.83544921875,-2.134765625,-0.1385498046875,0.779296875,-2.19140625,-0.72265625,0.7216796875,-1.76953125,-0.32373046875,1.861328125,-2.552734375,-0.05743408203125
R1138_522,A,522,1.0498046875,-2.1953125,-1.0556640625,0.60595703125,-1.275390625,-1.09765625,1.0,-2.05078125,-0.537109375,1.3076171875,-1.919921875,-0.91259765625,1.1298828125,-1.6513671875,-0.346923828125
R1138_523,C,523,1.8857421875,-1.7392578125,0.685546875,2.125,-1.3359375,1.2421875,2.056640625,-1.271484375,0.93505859375,2.052734375,-1.4638671875,1.0341796875,2.77734375,-1.99609375,1.3173828125
R1138_524,U,524,1.7275390625,-2.990234375,0.34814453125,1.6259765625,-2.45703125,0.33984375,2.046875,-2.693359375,-0.03204345703125,1.431640625,-2.736328125,0.10528564453125,2.26171875,-3.052734375,0.335205078125
R1138_525,G,525,1.4560546875,-1.134765625,-1.0791015625,1.470703125,-0.89501953125,-1.4091796875,1.287109375,-0.75341796875,-1.17578125,1.3251953125,-0.7548828125,-1.490234375,1.7734375,-1.2294921875,-1.5537109375
R1138_526,A,526,0.5908203125,-1.083984375,-0.466064453125,0.46630859375,-1.330078125,-0.4482421875,0.54443359375,-0.787109375,0.03143310546875,1.068359375,-1.1484375,-0.56689453125,0.8759765625,-0.71923828125,-0.68212890625
R1138_527,A,527,1.5224609375,-1.8056640625,-0.65380859375,1.2666015625,-1.2783203125,-0.421630859375,1.357421875,-1.453125,-0.1258544921875,1.505859375,-1.3193359375,-0.1707763671875,1.7822265625,-0.455810546875,0.200927734375
R1138_528,C,528,3.166015625,-1.96875,1.3515625,3.490234375,-2.294921875,1.185546875,2.828125,-1.73828125,1.1220703125,3.45703125,-1.9033203125,1.9228515625,3.484375,-2.390625,1.5078125
R1138_529,A,529,1.875,-1.1171875,-0.2255859375,1.8134765625,-1.2021484375,-0.08929443359375,1.765625,-1.158203125,-0.009613037109375,1.5576171875,-1.8203125,0.65966796875,1.6337890625,-2.05078125,-0.468994140625
R1138_530,U,530,2.212890625,-2.857421875,1.6337890625,2.357421875,-3.341796875,1.9892578125,1.8291015625,-3.978515625,1.611328125,2.232421875,-3.666015625,1.763671875,1.6201171875,-3.5859375,1.6259765625
R1138_531,G,531,1.873046875,-1.3486328125,0.32275390625,2.466796875,-1.7275390625,0.0743408203125,2.009765625,-1.5283203125,0.4619140625,2.279296875,-1.734375,0.350341796875,2.025390625,-1.4990234375,0.10638427734375
R1138_532,G,532,1.7587890625,-1.9638671875,0.5341796875,1.365234375,-1.3583984375,0.4765625,1.595703125,-2.21484375,0.1580810546875,1.9951171875,-1.58203125,0.5419921875,2.091796875,-1.642578125,0.442626953125
R1138_533,G,533,1.9892578125,-2.494140625,0.02001953125,1.720703125,-2.720703125,-0.5224609375,1.603515625,-1.7734375,-0.155517578125,1.767578125,-1.53125,0.10479736328125,1.7021484375,-1.822265625,0.1875
R1138_534,U,534,1.9345703125,-3.53125,0.671875,1.8369140625,-3.623046875,1.30859375,2.03515625,-3.283203125,1.0341796875,1.8994140625,-3.326171875,0.591796875,1.6298828125,-3.080078125,1.50390625
R1138_535,U,535,2.02734375,-3.5859375,0.9677734375,1.6103515625,-3.0234375,0.748046875,1.8251953125,-3.376953125,1.58984375,1.7783203125,-3.376953125,1.208984375,1.5302734375,-3.517578125,0.92333984375
R1138_536,C,536,1.9384765625,-2.150390625,1.365234375,1.8681640625,-2.17578125,1.421875,2.40234375,-1.8349609375,1.2861328125,2.509765625,-2.037109375,1.4169921875,2.4453125,-2.005859375,1.52734375
R1138_537,A,537,0.400390625,-1.419921875,0.358154296875,0.9541015625,-0.92822265625,-0.97216796875,0.53564453125,-1.8193359375,0.150390625,0.60986328125,-0.84423828125,-0.76513671875,1.1953125,-1.818359375,0.352783203125
R1138_538,G,538,1.34375,-1.197265625,0.341552734375,1.0986328125,-0.73779296875,0.537109375,1.1826171875,-1.23046875,0.0308380126953125,1.35546875,-0.91015625,0.296630859375,1.0556640625,-0.94189453125,0.880859375
R1138_539,G,539,1.4150390625,-1.3212890625,0.65966796875,1.560546875,-0.458251953125,0.3017578125,1.0224609375,-0.428955078125,0.07513427734375,0.88232421875,-0.9091796875,0.1622314453125,1.115234375,-0.91259765625,1.1484375
R1138_540,C,540,1.796875,-1.8896484375,1.90234375,2.611328125,-1.7392578125,1.9140625,2.458984375,-1.8466796875,2.060546875,2.345703125,-1.3896484375,1.7197265625,2.3671875,-1.416015625,2.1796875
R1138_541,A,541,1.4189453125,-1.361328125,-0.080810546875,0.39501953125,-1.3857421875,-0.26611328125,0.6943359375,-1.294921875,0.384765625,1.4599609375,-2.306640625,1.138671875,0.331787109375,-1.2197265625,-0.322509765625
R1138_542,U,542,1.6259765625,-2.904296875,1.814453125,2.455078125,-2.6015625,2.01953125,1.4443359375,-2.80078125,1.5341796875,1.6279296875,-2.826171875,1.6669921875,2.38671875,-3.318359375,1.73828125
R1138_543,C,543,2.740234375,-2.150390625,2.48046875,2.51953125,-1.9814453125,2.142578125,2.638671875,-2.279296875,2.248046875,2.86328125,-1.529296875,1.7587890625,2.26953125,-1.6064453125,1.5068359375
R1138_544,U,544,1.1240234375,-3.4765625,1.4677734375,1.3349609375,-3.048828125,1.8564453125,1.501953125,-2.814453125,2.1953125,1.5673828125,-3.029296875,1.2255859375,1.646484375,-2.544921875,2.326171875
R1138_545,U,545,0.908203125,-3.33984375,1.7255859375,1.62109375,-3.3515625,2.61328125,0.7421875,-2.62890625,1.94921875,0.86376953125,-3.37890625,1.8955078125,1.2392578125,-3.193359375,2.20703125
R1138_546,G,546,0.94140625,-2.376953125,1.1806640625,0.98876953125,-2.271484375,1.158203125,1.6552734375,-1.451171875,0.994140625,0.66796875,-2.25,1.0439453125,1.3662109375,-1.9619140625,1.173828125
R1138_547,G,547,1.279296875,-1.4345703125,0.7724609375,1.6064453125,-1.2607421875,0.379150390625,0.88671875,-1.302734375,-0.054168701171875,1.3740234375,-1.3642578125,0.171630859375,1.009765625,-1.5791015625,1.2958984375
R1138_548,C,548,1.4462890625,-1.4755859375,1.1904296875,2.412109375,-1.6123046875,1.4296875,1.9208984375,-1.2373046875,1.4375,1.7314453125,-1.8193359375,1.45703125,1.4951171875,-1.669921875,1.341796875
R1138_549,U,549,1.4306640625,-3.064453125,0.72412109375,1.5478515625,-2.6953125,0.80517578125,0.568359375,-2.66015625,0.54052734375,0.755859375,-2.7578125,1.1357421875,1.013671875,-2.189453125,0.662109375
R1138_550,C,550,1.748046875,-1.865234375,1.1474609375,1.3828125,-1.27734375,0.59765625,2.056640625,-1.4970703125,0.65185546875,1.7265625,-1.9853515625,1.6669921875,1.712890625,-1.685546875,0.8271484375
R1138_551,C,551,1.53125,-1.0146484375,0.82666015625,1.3740234375,-1.4169921875,0.873046875,2.478515625,-1.146484375,0.84765625,1.921875,-1.4130859375,0.927734375,1.55859375,-1.5322265625,1.0234375
R1138_552,A,552,0.419921875,-0.64453125,-0.87939453125,0.15771484375,-1.0576171875,-0.90087890625,-0.05621337890625,-0.845703125,-0.5068359375,0.259033203125,-1.48046875,-0.73388671875,0.04888916015625,-1.2109375,-0.6064453125
R1138_553,G,553,2.220703125,-1.03515625,-0.69482421875,1.0283203125,-1.3037109375,0.0616455078125,1.7470703125,-1.205078125,-0.48291015625,1.3779296875,-1.12109375,0.07733154296875,1.357421875,-0.951171875,-0.170654296875
R1138_554,U,554,2.169921875,-2.033203125,1.0615234375,2.244140625,-2.76171875,1.1923828125,1.921875,-2.005859375,1.5380859375,2.0234375,-1.9091796875,0.77783203125,2.357421875,-2.017578125,0.9501953125
R1138_555,U,555,2.0859375,-2.1171875,1.0771484375,2.189453125,-2.15234375,0.6640625,2.123046875,-1.8779296875,0.94873046875,1.6533203125,-2.427734375,1.5537109375,2.185546875,-1.759765625,1.037109375
R1138_556,C,556,1.771484375,-0.6875,0.466552734375,2.2265625,-0.470703125,0.89013671875,1.6884765625,-0.6796875,0.916015625,1.873046875,-0.53759765625,0.54736328125,1.927734375,-0.66259765625,0.68359375
R1138_557,G,557,1.1923828125,-0.572265625,-0.54931640625,1.384765625,-0.46923828125,-1.2353515625,1.6162109375,-0.2340087890625,-0.331787109375,1.4853515625,-0.80810546875,-0.443603515625,1.1357421875,-0.452880859375,-0.630859375
R1138_558,C,558,1.2724609375,-0.998046875,1.0302734375,1.4970703125,-1.0146484375,0.46484375,1.34765625,-0.88330078125,1.4189453125,1.7607421875,-1.51953125,1.5732421875,1.72265625,-1.10546875,1.0078125
R1138_559,U,559,1.3076171875,-1.6640625,1.0615234375,1.279296875,-1.7578125,1.0048828125,1.033203125,-1.6865234375,0.87158203125,1.3603515625,-1.943359375,1.5625,1.0390625,-1.8583984375,1.7783203125
R1138_560,G,560,1.173828125,-1.2744140625,0.77197265625,1.208984375,-0.36572265625,0.1785888671875,1.521484375,-0.951171875,-0.19091796875,1.2060546875,-0.82666015625,-0.279541015625,1.3095703125,-1.2392578125,-0.029205322265625
R1138_561,G,561,1.53125,-1.1787109375,0.450439453125,1.4453125,-1.3427734375,-0.361083984375,0.810546875,-1.080078125,0.417724609375,1.0849609375,-1.12109375,-0.283203125,1.107421875,-0.99169921875,0.198974609375
R1138_562,A,562,-0.437744140625,-1.345703125,-0.160888671875,-0.560546875,-1.1533203125,0.1170654296875,-0.01139068603515625,-1.60546875,0.50244140625,0.266845703125,-1.1982421875,-0.76806640625,0.381591796875,-0.97705078125,0.405029296875
R1138_563,G,563,0.99365234375,-1.3076171875,-0.1439208984375,1.1259765625,-1.97265625,0.252197265625,1.107421875,-1.3330078125,-0.13525390625,0.86962890625,-1.0654296875,0.125,0.69873046875,-1.5595703125,-0.439208984375
R1138_564,C,564,1.6923828125,-2.021484375,0.86376953125,1.9833984375,-2.236328125,2.16015625,2.0,-1.982421875,1.013671875,2.0234375,-2.3515625,1.388671875,1.625,-1.5,0.88525390625
R1138_565,C,565,1.892578125,-2.6953125,1.3896484375,2.201171875,-1.5439453125,1.5966796875,1.685546875,-1.755859375,1.5205078125,1.248046875,-2.09765625,1.1474609375,1.9736328125,-2.5078125,1.421875
R1138_566,G,566,0.99853515625,-1.7548828125,-0.045318603515625,1.880859375,-1.712890625,-0.1763916015625,0.9267578125,-1.119140625,-0.57421875,1.4111328125,-1.4560546875,-0.2685546875,1.33203125,-1.5107421875,0.52099609375
R1138_567,A,567,0.548828125,-0.853515625,-0.2095947265625,0.58447265625,-1.2666015625,-0.463134765625,0.041473388671875,-0.60009765625,-0.49365234375,0.52587890625,-1.12890625,-0.0682373046875,-0.311279296875,-1.4052734375,-0.6123046875
R1138_568,C,568,1.53125,-1.7744140625,2.115234375,1.1923828125,-1.8740234375,2.134765625,1.060546875,-1.65234375,1.3115234375,2.19921875,-1.5146484375,1.474609375,2.07421875,-1.78125,1.6015625
R1138_569,G,569,0.8515625,-1.4990234375,0.29931640625,1.84375,-1.3544921875,0.378173828125,1.2919921875,-1.1982421875,-0.043701171875,1.2763671875,-1.3154296875,0.3212890625,1.2373046875,-1.0556640625,-0.288330078125
R1138_570,G,570,1.5498046875,-1.1669921875,0.036224365234375,1.59375,-1.4736328125,0.2705078125,1.5244140625,-1.537109375,0.054412841796875,1.39453125,-0.9404296875,-0.327392578125,1.521484375,-1.6650390625,0.32275390625
R1138_571,U,571,2.10546875,-2.314453125,0.6875,1.744140625,-2.751953125,1.1875,1.7666015625,-2.564453125,1.4560546875,1.572265625,-2.853515625,1.109375,1.611328125,-2.8046875,1.966796875
R1138_572,A,572,0.953125,-1.302734375,-0.74560546875,0.5078125,-1.5791015625,-0.76123046875,1.033203125,-0.92822265625,-0.599609375,0.82373046875,-1.60546875,-0.490234375,0.583984375,-0.78564453125,-1.716796875
R1138_573,G,573,2.208984375,-1.1728515625,-0.56982421875,1.87890625,-1.6767578125,-0.409912109375,2.216796875,-1.4599609375,-0.90234375,1.689453125,-0.7607421875,-1.05078125,2.037109375,-1.09765625,-0.449951171875
R1138_574,C,574,1.8076171875,-0.491943359375,1.45703125,1.9619140625,-0.6826171875,1.314453125,2.435546875,-0.71142578125,1.3046875,2.31640625,-0.9462890625,1.4541015625,2.15625,-0.80908203125,0.9521484375
R1138_575,G,575,1.6806640625,-0.39697265625,-0.52978515625,2.15234375,-0.64697265625,-0.405029296875,1.962890625,-0.316162109375,-0.470458984375,1.943359375,-0.249267578125,-0.251220703125,1.7548828125,-0.0936279296875,-1.244140625
R1138_576,C,576,2.41015625,-0.62451171875,1.7412109375,1.705078125,-0.85693359375,1.203125,2.125,-0.99169921875,2.015625,2.15625,-0.91357421875,1.8466796875,2.201171875,-0.63330078125,1.16796875
R1138_577,U,577,1.9521484375,-1.87890625,0.8544921875,1.71484375,-2.146484375,1.677734375,1.7294921875,-2.50390625,1.4375,1.71875,-2.12890625,1.353515625,1.658203125,-2.701171875,2.1875
R1138_578,G,578,1.837890625,-1.5439453125,-0.2060546875,1.890625,-1.541015625,0.482421875,1.701171875,-0.89501953125,0.0159759521484375,1.4189453125,-1.333984375,0.111572265625,1.72265625,-1.625,0.10406494140625
R1138_579,C,579,2.591796875,-1.505859375,1.0419921875,1.9501953125,-1.853515625,1.2822265625,2.375,-2.248046875,1.91796875,1.9375,-2.232421875,1.7041015625,2.19140625,-2.10546875,1.3349609375
R1138_580,G,580,1.099609375,-1.775390625,0.041259765625,1.4951171875,-1.8173828125,0.269775390625,1.2900390625,-1.3896484375,-0.56689453125,0.99267578125,-1.69921875,-0.8466796875,1.693359375,-1.2373046875,0.0726318359375
R1138_581,U,581,1.4677734375,-2.94140625,1.1572265625,1.1005859375,-2.42578125,0.6396484375,1.546875,-2.892578125,0.045440673828125,1.244140625,-2.845703125,0.3388671875,0.890625,-2.84765625,0.42578125
R1138_582,U,582,1.537109375,-2.857421875,0.95458984375,1.0087890625,-2.755859375,0.8125,1.4501953125,-2.9609375,0.673828125,0.95654296875,-3.0703125,0.92724609375,0.818359375,-2.65234375,0.7060546875
R1138_583,C,583,1.65234375,-1.9326171875,0.9482421875,1.5888671875,-2.064453125,1.2451171875,2.056640625,-2.072265625,1.3369140625,2.11328125,-2.2421875,1.26953125,1.5302734375,-2.138671875,1.119140625
R1138_584,G,584,1.1943359375,-1.2880859375,-1.7939453125,1.2578125,-1.0146484375,-0.9345703125,1.5908203125,-1.689453125,-0.0919189453125,1.076171875,-1.537109375,-0.68212890625,1.525390625,-1.404296875,-1.197265625
R1138_585,C,585,2.6796875,-2.6796875,1.7138671875,1.927734375,-2.560546875,1.7587890625,1.908203125,-2.7421875,1.740234375,1.2373046875,-2.0546875,1.0283203125,2.015625,-2.587890625,1.5869140625
R1138_586,G,586,1.470703125,-1.373046875,-0.732421875,1.974609375,-1.6123046875,-0.4306640625,1.5498046875,-1.8798828125,-0.26171875,1.458984375,-1.916015625,-0.0679931640625,1.361328125,-1.7880859375,-0.1099853515625
R1138_587,C,587,1.8916015625,-2.10546875,1.9619140625,2.16796875,-2.55078125,2.181640625,2.07421875,-2.580078125,2.263671875,2.171875,-2.466796875,2.37890625,1.966796875,-2.17578125,2.123046875
R1138_588,A,588,-0.08197021484375,-2.576171875,0.7822265625,0.2276611328125,-2.345703125,0.54736328125,-0.29638671875,-1.9140625,-0.319091796875,-0.27783203125,-2.18359375,0.495849609375,0.086669921875,-2.388671875,0.07275390625
R1138_589,G,589,1.3779296875,-2.150390625,0.552734375,1.126953125,-2.140625,0.57861328125,1.263671875,-0.99853515625,0.395263671875,0.95703125,-1.830078125,0.69189453125,0.8310546875,-1.7119140625,1.099609375
R1138_590,U,590,1.5478515625,-4.1484375,2.37109375,0.57958984375,-3.625,2.447265625,0.52880859375,-3.380859375,2.5234375,1.44140625,-4.4140625,2.39453125,0.7421875,-3.564453125,2.189453125
R1138_591,G,591,0.974609375,-2.529296875,0.74609375,1.4521484375,-2.740234375,0.67041015625,1.6953125,-2.576171875,0.8564453125,1.6142578125,-2.416015625,0.414794921875,1.353515625,-2.1796875,1.0283203125
R1138_592,C,592,1.5849609375,-2.76953125,1.859375,1.546875,-2.11328125,2.279296875,0.9453125,-2.47265625,1.447265625,2.333984375,-3.193359375,2.009765625,1.650390625,-2.8828125,2.05078125
R1138_593,U,593,1.3310546875,-3.1953125,1.5146484375,1.4638671875,-3.177734375,1.3212890625,1.455078125,-3.255859375,1.2802734375,1.3720703125,-3.671875,2.130859375,0.90087890625,-3.1875,1.138671875
R1138_594,A,594,0.19384765625,-1.654296875,-0.1832275390625,0.00940704345703125,-1.5859375,-0.035675048828125,0.2734375,-1.421875,-0.68505859375,0.39306640625,-2.3984375,0.515625,0.57373046875,-1.8125,0.2249755859375
R1138_595,G,595,1.224609375,-1.458984375,0.73828125,1.3779296875,-1.6943359375,0.57080078125,1.6904296875,-1.5078125,0.481201171875,1.7548828125,-1.0908203125,-0.272216796875,1.615234375,-1.8720703125,0.414306640625
R1138_596,G,596,1.470703125,-1.572265625,0.10321044921875,1.259765625,-2.0859375,0.9873046875,1.244140625,-1.96484375,0.79345703125,1.568359375,-1.615234375,1.037109375,1.298828125,-2.00390625,0.50634765625
R1138_597,G,597,1.6708984375,-1.572265625,0.43359375,1.2216796875,-1.7958984375,0.0787353515625,0.90234375,-1.4375,0.319091796875,0.82763671875,-1.4208984375,0.480712890625,1.615234375,-1.931640625,0.33935546875
R1138_598,A,598,0.304931640625,-1.216796875,-0.052154541015625,0.47265625,-1.7021484375,-0.57177734375,0.377685546875,-1.32421875,-0.779296875,0.96484375,-1.5859375,-0.10321044921875,0.6240234375,-2.0859375,0.286376953125
R1138_599,G,599,1.0380859375,-1.44921875,-0.65625,1.4501953125,-1.6337890625,-0.47021484375,0.7578125,-1.55859375,-0.325927734375,1.150390625,-1.701171875,-0.248779296875,0.916015625,-1.1865234375,-0.7685546875
R1138_600,C,600,1.7177734375,-2.060546875,1.7607421875,1.13671875,-1.732421875,1.138671875,1.6298828125,-1.798828125,1.1875,1.544921875,-1.8447265625,0.720703125,1.3115234375,-1.677734375,0.97509765625
R1138_601,A,601,-0.34912109375,-1.4091796875,-0.8212890625,0.56591796875,-1.609375,-1.0849609375,0.4765625,-1.6796875,-1.1669921875,0.0380859375,-1.359375,-0.86181640625,-0.19482421875,-1.1953125,-1.080078125
R1138_602,U,602,1.5048828125,-2.984375,1.6318359375,1.57421875,-3.15625,1.611328125,1.3916015625,-3.083984375,1.2744140625,0.77880859375,-2.87890625,1.5341796875,1.18359375,-2.666015625,1.03515625
R1138_603,C,603,1.830078125,-2.36328125,1.5947265625,1.7880859375,-2.158203125,1.5126953125,1.5009765625,-2.443359375,1.443359375,1.42578125,-2.529296875,1.650390625,1.6103515625,-2.4375,1.5625
R1138_604,C,604,2.14453125,-2.494140625,1.42578125,2.15625,-2.43359375,1.6708984375,1.4833984375,-2.462890625,1.6005859375,1.7314453125,-2.294921875,1.3330078125,1.7470703125,-2.625,1.787109375
R1138_605,G,605,1.8828125,-1.4892578125,0.572265625,1.38671875,-1.1240234375,0.61279296875,1.447265625,-1.53125,0.623046875,1.12109375,-1.7998046875,1.1455078125,1.7529296875,-1.48046875,1.7919921875
R1138_606,U,606,1.9072265625,-3.689453125,1.6083984375,1.7236328125,-3.048828125,2.484375,2.20703125,-3.1171875,2.1796875,1.853515625,-2.84375,1.857421875,1.3955078125,-3.177734375,1.8916015625
R1138_607,U,607,1.2490234375,-3.232421875,1.9990234375,1.51171875,-3.3359375,1.927734375,1.6640625,-3.919921875,1.5703125,1.0693359375,-2.8984375,2.28125,1.58984375,-3.37890625,1.89453125
R1138_608,U,608,1.2421875,-3.015625,0.6650390625,1.7998046875,-2.423828125,0.787109375,2.09765625,-3.1953125,0.8115234375,2.173828125,-2.818359375,1.32421875,1.853515625,-3.646484375,1.3681640625
R1138_609,U,609,1.82421875,-2.943359375,0.334716796875,1.7998046875,-2.56640625,0.3642578125,2.11328125,-3.1171875,0.491943359375,2.052734375,-2.724609375,0.70361328125,2.4921875,-2.837890625,1.1669921875
R1138_610,C,610,2.044921875,-1.4150390625,0.86962890625,2.6796875,-2.279296875,0.98974609375,2.017578125,-1.7744140625,0.5859375,1.6806640625,-2.1484375,1.166015625,2.123046875,-1.5126953125,0.7314453125
R1138_611,G,611,0.7587890625,-1.263671875,-1.0322265625,1.3662109375,-1.2734375,-0.80712890625,1.240234375,-0.51416015625,-1.0283203125,1.35546875,-0.9580078125,-1.3291015625,1.080078125,-0.796875,-0.55615234375
R1138_612,A,612,-0.2384033203125,-0.97216796875,-0.77099609375,0.1368408203125,-1.509765625,-0.217529296875,-0.36962890625,-1.0126953125,-0.90478515625,-0.102294921875,-1.400390625,-1.140625,0.4033203125,-1.896484375,-0.2095947265625
R1138_613,G,613,0.5947265625,-0.72607421875,-1.4736328125,0.5986328125,-1.6123046875,-0.56201171875,1.26953125,-0.61865234375,-0.09808349609375,0.4921875,-0.88037109375,-0.68310546875,0.5224609375,-0.98583984375,-0.458740234375
R1138_614,C,614,1.3603515625,-1.6083984375,0.7353515625,0.8466796875,-1.47265625,0.578125,1.2548828125,-1.6982421875,1.015625,0.97412109375,-1.314453125,0.028533935546875,0.72509765625,-1.166015625,0.5166015625
R1138_615,G,615,0.80908203125,-1.0048828125,-1.1103515625,0.99169921875,-0.8759765625,-1.39453125,0.69091796875,-0.79443359375,-0.62939453125,0.88427734375,-0.734375,-1.0712890625,0.36083984375,-1.19140625,-0.6943359375
R1138_616,G,616,0.78125,-0.464111328125,-0.63525390625,0.73388671875,-0.626953125,-0.93359375,0.88427734375,-0.708984375,-0.9287109375,1.3994140625,-1.2255859375,-0.04364013671875,0.48046875,-0.488037109375,-1.3330078125
R1138_617,A,617,0.53662109375,-1.41015625,-1.2353515625,-0.06060791015625,-0.6181640625,-0.87255859375,0.427978515625,-0.8671875,-1.4814453125,0.0767822265625,-0.59716796875,-1.177734375,-0.294921875,-0.46484375,-0.8134765625
R1138_618,U,618,0.9873046875,-2.955078125,1.5205078125,1.361328125,-2.587890625,1.1328125,1.259765625,-2.875,1.0078125,1.2138671875,-2.361328125,0.8837890625,1.30859375,-3.208984375,1.6181640625
R1138_619,G,619,1.1220703125,-0.85693359375,0.436767578125,1.2861328125,-1.21875,0.68798828125,1.458984375,-1.1865234375,0.313232421875,1.1376953125,-2.34375,-0.329345703125,1.4873046875,-1.15234375,0.407958984375
R1138_620,C,620,1.634765625,-1.9638671875,2.208984375,1.287109375,-2.265625,1.9970703125,1.958984375,-2.150390625,1.1982421875,1.3798828125,-2.1953125,1.7138671875,1.4267578125,-1.9208984375,1.576171875
R1138_621,U,621,1.77734375,-3.47265625,1.513671875,1.8955078125,-2.9609375,1.453125,1.3759765625,-3.095703125,1.84765625,1.7587890625,-3.240234375,1.712890625,2.025390625,-3.4296875,1.923828125
R1138_622,G,622,1.474609375,-1.5009765625,0.0850830078125,1.5029296875,-1.6162109375,-0.206298828125,1.376953125,-1.5,0.032867431640625,1.6015625,-1.533203125,-0.630859375,1.2705078125,-1.328125,-0.6494140625
R1138_623,G,623,1.3486328125,-1.2099609375,-0.75830078125,1.169921875,-1.77734375,-0.94580078125,1.4033203125,-1.505859375,-0.955078125,0.98291015625,-1.5732421875,-0.8876953125,0.71435546875,-1.1962890625,-0.36865234375
R1138_624,G,624,0.32470703125,-1.2646484375,-0.09490966796875,1.017578125,-1.103515625,-0.8525390625,0.732421875,-1.12890625,-0.634765625,0.85595703125,-1.6650390625,0.06451416015625,0.59375,-1.1591796875,-0.86669921875
R1138_625,C,625,0.84765625,-1.443359375,0.98046875,0.8916015625,-1.357421875,0.91796875,0.77197265625,-1.6689453125,1.3037109375,0.83154296875,-1.7861328125,1.0283203125,0.6875,-1.8369140625,1.490234375
R1138_626,G,626,0.66357421875,-1.9814453125,0.275146484375,0.68310546875,-1.7119140625,-0.59814453125,0.287841796875,-1.5283203125,-0.80517578125,-0.1563720703125,-1.1337890625,-0.1669921875,0.445556640625,-1.4482421875,-0.1859130859375
R1138_627,G,627,0.6484375,-1.58984375,-0.50927734375,0.41796875,-2.11328125,-0.32666015625,1.2421875,-1.439453125,-0.5341796875,0.91845703125,-1.783203125,-0.287109375,0.1519775390625,-1.2841796875,-0.367431640625
R1138_628,U,628,0.34130859375,-3.15625,1.0537109375,0.76953125,-3.552734375,0.80517578125,0.6845703125,-3.203125,0.59228515625,0.82177734375,-3.74609375,0.83642578125,1.029296875,-3.357421875,0.67138671875
R1138_629,U,629,1.15234375,-3.75,0.79248046875,1.27734375,-3.89453125,0.9404296875,0.73974609375,-3.880859375,0.93994140625,1.404296875,-3.708984375,0.52783203125,1.1044921875,-3.83984375,0.62255859375
R1138_630,G,630,1.005859375,-1.919921875,-0.62939453125,0.68017578125,-2.45703125,-0.89990234375,1.6572265625,-2.072265625,-1.126953125,1.234375,-1.998046875,-1.740234375,1.4453125,-1.486328125,-1.029296875
R1138_631,C,631,1.61328125,-1.625,1.765625,1.734375,-1.845703125,1.5693359375,1.572265625,-1.62890625,1.2548828125,1.25390625,-1.4384765625,1.064453125,1.197265625,-1.2001953125,1.259765625
R1138_632,C,632,1.7724609375,-1.65234375,2.126953125,1.283203125,-1.5166015625,1.82421875,1.1650390625,-2.216796875,1.5146484375,1.4931640625,-1.8173828125,1.462890625,0.62890625,-1.63671875,1.98828125
R1138_633,U,633,0.6962890625,-3.02734375,2.123046875,0.69287109375,-3.083984375,1.623046875,0.3681640625,-3.060546875,2.056640625,0.70947265625,-2.771484375,1.23828125,0.35009765625,-2.916015625,1.84375
R1138_634,G,634,0.56298828125,-1.52734375,0.64208984375,0.98486328125,-1.306640625,0.62548828125,1.0009765625,-1.0458984375,-0.141357421875,0.65966796875,-1.3984375,0.66064453125,0.65185546875,-1.2021484375,0.67822265625
R1138_635,U,635,1.349609375,-2.748046875,1.7109375,1.361328125,-1.9462890625,1.0009765625,1.0927734375,-3.1953125,1.2197265625,1.2421875,-3.060546875,1.296875,1.0595703125,-2.572265625,0.9482421875
R1138_636,U,636,1.1669921875,-2.232421875,1.0576171875,1.4169921875,-2.564453125,0.7783203125,1.73828125,-2.28515625,1.6162109375,1.2421875,-2.01953125,0.88671875,1.57421875,-2.76171875,0.7490234375
R1138_637,C,637,2.298828125,-1.60546875,1.525390625,1.517578125,-1.142578125,1.57421875,1.50390625,-1.4365234375,1.228515625,1.7578125,-1.154296875,0.99462890625,1.96484375,-1.744140625,1.728515625
R1138_638,G,638,0.81640625,-0.95458984375,0.092529296875,1.158203125,-0.76611328125,-0.78564453125,0.90234375,-0.66455078125,-0.48193359375,0.6005859375,-0.595703125,-0.364013671875,1.0361328125,-0.88427734375,-0.63623046875
R1138_639,C,639,0.55078125,-0.93115234375,1.408203125,0.68408203125,-1.3828125,1.5791015625,0.630859375,-1.19140625,1.4765625,0.75341796875,-1.5302734375,1.7021484375,1.1318359375,-1.7568359375,1.361328125
R1138_640,A,640,0.3984375,-2.2265625,0.2373046875,-0.12005615234375,-1.4150390625,0.1458740234375,0.391845703125,-1.45703125,-0.15234375,-0.10516357421875,-1.0712890625,-0.662109375,0.94287109375,-1.728515625,1.0703125
R1138_641,G,641,1.1171875,-0.6533203125,-0.40283203125,1.357421875,-1.564453125,0.87353515625,0.990234375,-1.3818359375,0.1053466796875,1.05078125,-0.52685546875,0.284423828125,1.10546875,-0.962890625,-0.39599609375
R1138_642,G,642,1.1884765625,-0.30029296875,0.5390625,1.5068359375,-0.62109375,0.0692138671875,1.5244140625,-0.35107421875,-0.525390625,1.1796875,-0.5400390625,-0.25927734375,1.515625,-0.6796875,-0.02508544921875
R1138_643,C,643,1.2412109375,-1.1708984375,1.3466796875,1.271484375,-1.1474609375,1.6796875,1.3232421875,-1.453125,2.15625,1.267578125,-0.94384765625,1.4736328125,1.19921875,-1.4453125,1.3310546875
R1138_644,A,644,0.06182861328125,-1.56640625,0.465576171875,0.67822265625,-1.28125,0.2373046875,0.5517578125,-0.587890625,0.288818359375,0.80908203125,-0.9111328125,0.2626953125,0.8125,-0.256591796875,0.3115234375
R1138_645,A,645,0.399169921875,-1.4150390625,0.63671875,1.3056640625,-2.193359375,0.9248046875,0.7001953125,-1.4443359375,0.87255859375,0.43896484375,-1.201171875,0.8037109375,0.83056640625,-1.7734375,1.41015625
R1138_646,U,646,0.638671875,-2.818359375,2.517578125,1.2392578125,-2.1640625,3.12109375,0.5078125,-2.625,2.396484375,1.5908203125,-2.638671875,3.23828125,0.9599609375,-2.44140625,2.78515625
R1138_647,C,647,1.8017578125,-2.232421875,2.40625,1.8291015625,-1.6484375,1.826171875,1.5576171875,-1.7607421875,1.7861328125,1.6943359375,-1.767578125,2.009765625,2.01171875,-1.7841796875,2.220703125
R1138_648,G,648,1.455078125,-1.328125,1.7109375,1.3681640625,-1.8662109375,1.6015625,1.642578125,-1.1796875,1.5400390625,1.90625,-1.4638671875,1.232421875,2.009765625,-1.3876953125,1.6103515625
R1138_649,G,649,1.064453125,-1.646484375,1.6552734375,1.79296875,-1.826171875,1.6103515625,1.689453125,-1.544921875,1.5751953125,0.95361328125,-1.59765625,1.6083984375,1.3369140625,-1.5703125,1.5068359375
R1138_650,G,650,1.181640625,-2.001953125,1.2734375,1.0810546875,-1.61328125,1.091796875,1.279296875,-1.646484375,1.3935546875,1.2880859375,-1.5283203125,0.78955078125,0.96337890625,-1.2763671875,1.169921875
R1138_651,C,651,1.705078125,-2.115234375,2.083984375,1.6279296875,-2.302734375,1.650390625,1.306640625,-1.5703125,1.859375,1.4033203125,-2.5625,1.8076171875,1.4990234375,-2.359375,2.068359375
R1138_652,C,652,1.97265625,-2.5546875,2.32421875,1.6259765625,-2.896484375,2.53515625,1.8212890625,-2.365234375,1.5068359375,1.9140625,-2.24609375,2.041015625,2.001953125,-2.724609375,2.75
R1138_653,U,653,1.6416015625,-3.3828125,2.44140625,1.9853515625,-3.833984375,3.29296875,1.7177734375,-3.541015625,3.08984375,2.267578125,-3.37109375,2.798828125,1.4521484375,-3.15625,2.794921875
R1138_654,A,654,0.38232421875,-2.103515625,1.3447265625,0.37890625,-1.9765625,1.1748046875,0.68994140625,-2.552734375,2.0703125,0.6416015625,-2.494140625,1.4873046875,0.410888671875,-2.572265625,1.703125
R1138_655,C,655,2.046875,-2.685546875,2.69140625,2.111328125,-2.220703125,2.353515625,1.427734375,-2.173828125,1.9599609375,1.7685546875,-2.14453125,1.8876953125,1.7685546875,-2.392578125,2.626953125
R1138_656,U,656,1.2490234375,-3.39453125,2.859375,1.7001953125,-3.3046875,2.84375,1.509765625,-3.50390625,3.15625,1.8681640625,-3.94140625,3.46875,1.806640625,-3.134765625,2.439453125
R1138_657,C,657,1.8623046875,-2.541015625,2.02734375,1.6982421875,-1.9638671875,2.083984375,1.921875,-2.927734375,2.361328125,2.462890625,-3.009765625,2.982421875,1.43359375,-2.482421875,2.291015625
R1138_658,A,658,1.0732421875,-3.3046875,0.9365234375,1.111328125,-2.701171875,0.9033203125,1.478515625,-3.17578125,1.623046875,1.2314453125,-3.892578125,0.9375,1.0966796875,-3.669921875,1.2802734375
R1138_659,U,659,2.630859375,-3.994140625,3.111328125,1.982421875,-3.9453125,2.958984375,1.8984375,-4.08984375,3.068359375,1.9873046875,-3.349609375,2.224609375,1.912109375,-4.3203125,3.513671875
R1138_660,G,660,1.7666015625,-1.85546875,0.77734375,1.6982421875,-1.4765625,0.9326171875,1.2783203125,-2.12109375,1.205078125,1.8857421875,-2.125,1.0087890625,1.74609375,-2.298828125,1.0546875
R1138_661,A,661,1.6142578125,-3.078125,1.681640625,0.9375,-2.6875,0.8896484375,1.2919921875,-2.240234375,0.5302734375,0.78564453125,-2.625,0.99609375,0.82958984375,-3.12109375,0.83984375
R1138_662,U,662,1.927734375,-3.15234375,2.541015625,2.056640625,-3.248046875,2.71484375,1.98046875,-3.123046875,2.6328125,2.466796875,-2.3828125,2.12890625,1.826171875,-2.8984375,2.31640625
R1138_663,U,663,2.662109375,-2.546875,3.18359375,3.111328125,-1.666015625,2.630859375,1.98046875,-2.744140625,2.2890625,2.24609375,-2.400390625,2.646484375,2.234375,-2.48046875,2.607421875
R1138_664,C,664,2.857421875,-2.189453125,2.443359375,3.369140625,-2.005859375,1.765625,2.908203125,-1.8662109375,2.427734375,2.630859375,-2.1640625,2.486328125,2.794921875,-2.158203125,2.037109375
R1138_665,G,665,1.900390625,-1.4384765625,0.8505859375,2.23828125,-1.5478515625,0.82177734375,2.125,-1.84765625,1.0087890625,2.2734375,-1.2919921875,0.8095703125,2.32421875,-1.7001953125,1.4443359375
R1138_666,U,666,1.748046875,-3.138671875,2.537109375,2.162109375,-3.591796875,2.984375,1.552734375,-3.31640625,2.53515625,1.388671875,-3.455078125,2.568359375,1.8173828125,-3.171875,2.66015625
R1138_667,C,667,1.9560546875,-2.2890625,2.775390625,1.7734375,-2.82421875,2.66015625,2.06640625,-2.748046875,2.59765625,2.060546875,-2.935546875,2.927734375,2.541015625,-2.4453125,2.423828125
R1138_668,A,668,0.50341796875,-2.44921875,1.0322265625,1.0263671875,-2.859375,0.5478515625,1.416015625,-3.298828125,0.8330078125,0.828125,-2.76953125,0.51513671875,0.787109375,-2.6328125,1.1357421875
R1138_669,U,669,1.6884765625,-3.130859375,2.919921875,2.025390625,-3.203125,3.1953125,1.7001953125,-2.58984375,2.86328125,1.779296875,-3.337890625,2.60546875,1.849609375,-3.75390625,2.818359375
R1138_670,G,670,1.232421875,-2.548828125,2.27734375,1.8662109375,-2.595703125,1.5400390625,2.08984375,-1.7783203125,1.95703125,1.349609375,-2.546875,1.8818359375,2.10546875,-1.8779296875,1.689453125
R1138_671,A,671,1.212890625,-2.40234375,0.9462890625,1.5537109375,-2.892578125,1.5029296875,1.484375,-2.291015625,1.462890625,1.4208984375,-2.806640625,0.29833984375,1.0107421875,-2.56640625,0.41357421875
R1138_672,G,672,1.447265625,-1.861328125,1.4130859375,2.14453125,-1.6533203125,1.4228515625,1.7978515625,-1.435546875,1.5849609375,1.859375,-1.0732421875,0.9169921875,1.419921875,-2.06640625,1.6875
R1138_673,U,673,1.775390625,-2.85546875,2.50390625,2.390625,-2.59375,2.2421875,1.873046875,-2.294921875,2.302734375,1.6181640625,-3.177734375,2.630859375,1.8154296875,-3.15625,3.001953125
R1138_674,G,674,1.349609375,-0.69873046875,0.2135009765625,1.7822265625,-0.354736328125,0.66015625,1.1494140625,-0.314697265625,0.304931640625,1.38671875,-0.57568359375,0.8310546875,1.4267578125,-0.76513671875,0.45703125
R1138_675,G,675,1.361328125,-0.09759521484375,0.63623046875,1.3125,-0.238037109375,1.3408203125,1.021484375,-0.1292724609375,0.47216796875,1.591796875,-0.2108154296875,0.86572265625,1.548828125,-0.60107421875,0.43115234375
R1138_676,U,676,0.9873046875,-1.5947265625,1.97265625,1.818359375,-2.658203125,2.529296875,1.0517578125,-1.7421875,2.365234375,1.099609375,-1.31640625,1.7998046875,1.6875,-1.5595703125,1.8916015625
R1138_677,G,677,1.6630859375,-1.203125,0.9501953125,1.619140625,-1.0849609375,1.3896484375,1.8896484375,-1.2509765625,0.791015625,1.404296875,-0.24951171875,0.92822265625,1.390625,-0.64501953125,0.58544921875
R1138_678,A,678,1.3203125,-1.638671875,0.2257080078125,1.37109375,-2.048828125,0.473876953125,1.6640625,-1.8701171875,0.8056640625,1.15234375,-2.14453125,0.80029296875,0.91748046875,-1.759765625,0.341064453125
R1138_679,C,679,2.642578125,-1.9443359375,2.07421875,2.8046875,-1.96875,2.009765625,2.65234375,-2.265625,1.9892578125,2.541015625,-2.005859375,2.046875,2.578125,-1.951171875,1.794921875
R1138_680,A,680,1.4853515625,-2.234375,0.404296875,1.1484375,-1.5400390625,-0.338134765625,1.6953125,-2.21484375,0.16259765625,0.9658203125,-1.833984375,0.201904296875,1.478515625,-2.076171875,-0.07080078125
R1138_681,G,681,1.8798828125,-0.7568359375,0.418701171875,1.546875,-0.5068359375,1.005859375,2.046875,-0.21435546875,0.260986328125,2.1015625,-0.77392578125,1.2060546875,1.8447265625,-0.68408203125,0.54248046875
R1138_682,C,682,1.564453125,-1.3681640625,2.0546875,1.4921875,-1.224609375,1.33984375,1.33203125,-1.4033203125,2.03125,2.146484375,-0.6806640625,1.9560546875,1.802734375,-0.365234375,1.494140625
R1138_683,G,683,1.693359375,0.2227783203125,0.841796875,1.6455078125,-0.87109375,0.7744140625,1.1240234375,-1.0078125,1.9736328125,1.8916015625,-0.748046875,0.99072265625,1.5361328125,-0.689453125,1.7607421875
R1138_684,U,684,1.6640625,-2.001953125,2.05078125,1.6640625,-2.125,1.837890625,1.5654296875,-2.390625,2.40625,1.4970703125,-2.1484375,2.703125,1.1015625,-2.70703125,2.587890625
R1138_685,G,685,2.1875,-1.7939453125,0.9189453125,2.365234375,-1.330078125,0.87451171875,1.8388671875,-1.13671875,0.90087890625,2.025390625,-0.99267578125,0.253173828125,1.7919921875,-1.197265625,0.91748046875
R1138_686,A,686,1.94140625,-1.91796875,-0.0750732421875,1.099609375,-1.6630859375,-0.2283935546875,1.888671875,-1.8974609375,0.426025390625,1.4951171875,-1.796875,0.1185302734375,1.28515625,-1.505859375,0.916015625
R1138_687,U,687,2.171875,-3.408203125,0.88720703125,1.58984375,-2.544921875,0.595703125,2.353515625,-3.501953125,1.3193359375,2.296875,-2.8515625,1.25390625,1.9736328125,-2.8828125,1.5361328125
R1138_688,G,688,1.9375,-1.0166015625,-0.439453125,2.2421875,-1.775390625,0.238525390625,1.98046875,-1.7470703125,-0.62353515625,2.6328125,-1.341796875,-0.53125,2.1328125,-1.818359375,-0.040557861328125
R1138_689,U,689,2.205078125,-2.978515625,0.86572265625,2.44140625,-3.01953125,0.5625,2.1796875,-2.404296875,0.42333984375,2.16796875,-3.025390625,0.77685546875,2.44921875,-2.7109375,1.3515625
R1138_690,U,690,2.232421875,-3.06640625,0.9697265625,2.34375,-2.8984375,0.70263671875,2.8046875,-2.798828125,0.76123046875,2.388671875,-3.046875,0.625,2.703125,-2.92578125,0.794921875
R1138_691,C,691,3.017578125,-1.6123046875,0.62841796875,2.736328125,-1.923828125,0.436767578125,2.736328125,-1.853515625,0.326904296875,3.716796875,-1.6865234375,0.7294921875,3.09375,-1.7802734375,0.170166015625
R1138_692,G,692,3.076171875,-1.560546875,0.215576171875,2.7890625,-1.294921875,0.150146484375,2.1953125,-1.7841796875,0.307373046875,2.5390625,-1.09375,-0.4755859375,2.623046875,-1.412109375,0.1976318359375
R1138_693,C,693,2.310546875,-2.2421875,1.24609375,2.798828125,-1.6796875,0.8720703125,1.9697265625,-2.486328125,1.583984375,1.9052734375,-1.6689453125,1.1767578125,2.341796875,-2.216796875,1.4072265625
R1138_694,A,694,1.994140625,-2.53515625,0.9228515625,1.765625,-2.98046875,0.6923828125,1.634765625,-2.27734375,0.435546875,1.4248046875,-2.716796875,0.8681640625,1.6337890625,-2.287109375,0.8310546875
R1138_695,U,695,1.9921875,-3.494140625,1.240234375,2.01171875,-2.873046875,2.10546875,2.1171875,-3.271484375,2.07421875,2.423828125,-3.560546875,1.583984375,2.09765625,-3.134765625,1.978515625
R1138_696,U,696,2.015625,-3.75390625,2.369140625,2.125,-3.728515625,2.111328125,2.13671875,-4.35546875,2.521484375,1.7685546875,-3.916015625,1.83203125,2.296875,-3.638671875,2.96484375
R1138_697,A,697,1.6884765625,-3.4765625,1.24609375,2.384765625,-2.828125,0.7451171875,2.072265625,-2.416015625,1.1748046875,1.5478515625,-2.8125,1.4208984375,1.4169921875,-1.921875,1.357421875
R1138_698,C,698,2.4140625,-2.302734375,1.779296875,2.70703125,-2.60546875,2.158203125,1.779296875,-2.783203125,1.3232421875,2.177734375,-2.935546875,2.00390625,2.33203125,-2.939453125,1.720703125
R1138_699,G,699,1.693359375,-2.126953125,0.6943359375,1.8173828125,-2.033203125,0.385498046875,1.646484375,-2.740234375,-0.040771484375,1.89453125,-2.220703125,0.238525390625,1.5576171875,-2.13671875,0.912109375
R1138_700,C,700,1.6845703125,-2.474609375,1.6083984375,1.732421875,-2.763671875,2.09765625,1.65625,-2.79296875,1.5400390625,2.005859375,-2.375,1.94921875,2.29296875,-2.671875,1.87890625
R1138_701,U,701,0.8779296875,-3.828125,1.0927734375,1.2578125,-4.12109375,1.42578125,1.3359375,-4.265625,1.84765625,0.6357421875,-3.73046875,1.5703125,1.4814453125,-4.4140625,1.9736328125
R1138_702,G,702,0.96484375,-2.478515625,0.25,0.87353515625,-2.466796875,0.305419921875,1.4580078125,-2.109375,-0.371826171875,1.556640625,-2.115234375,0.2685546875,1.4345703125,-2.375,0.10943603515625
R1138_703,U,703,0.91845703125,-4.23828125,1.990234375,1.4541015625,-3.697265625,1.9013671875,0.5673828125,-3.337890625,2.3515625,0.82275390625,-4.03515625,1.4873046875,1.025390625,-3.880859375,1.958984375
R1138_704,C,704,1.900390625,-3.017578125,1.896484375,2.1875,-2.966796875,2.193359375,2.21875,-2.80078125,1.5654296875,1.7392578125,-2.58203125,1.6962890625,2.048828125,-3.25390625,1.4755859375
R1138_705,G,705,1.0126953125,-2.49609375,0.8798828125,0.95654296875,-2.373046875,0.030792236328125,0.74169921875,-2.453125,0.416748046875,1.291015625,-2.048828125,-0.217529296875,0.67919921875,-2.482421875,0.325927734375
R1138_706,G,706,0.931640625,-2.32421875,0.8291015625,0.8359375,-2.01953125,0.73193359375,0.681640625,-1.7958984375,0.69287109375,1.0859375,-1.7578125,0.39990234375,0.6484375,-1.703125,0.30419921875
R1138_707,G,707,1.068359375,-2.123046875,0.42724609375,1.2392578125,-1.6708984375,0.413818359375,1.0810546875,-1.509765625,0.485107421875,1.544921875,-1.78515625,0.5419921875,0.62646484375,-2.306640625,0.70556640625
R1138_708,U,708,1.931640625,-3.763671875,2.126953125,1.876953125,-3.958984375,1.666015625,1.6396484375,-3.79296875,1.8955078125,1.0478515625,-4.23828125,1.8720703125,1.9638671875,-4.16796875,2.328125
R1138_709,A,709,1.580078125,-2.78515625,0.71240234375,1.681640625,-2.677734375,1.0712890625,0.9814453125,-2.630859375,0.556640625,1.306640625,-2.349609375,0.859375,1.046875,-2.548828125,0.90771484375
R1138_710,G,710,1.5400390625,-2.71484375,1.0146484375,1.3046875,-1.763671875,0.276123046875,1.919921875,-2.287109375,0.54638671875,1.126953125,-2.978515625,0.91259765625,1.119140625,-2.451171875,0.83740234375
R1138_711,A,711,1.1396484375,-2.447265625,0.110107421875,1.376953125,-2.0078125,0.494384765625,1.205078125,-2.455078125,0.66650390625,1.2470703125,-2.326171875,0.31103515625,1.33203125,-2.0,0.251220703125
R1138_712,U,712,1.3974609375,-3.400390625,1.787109375,1.8515625,-3.384765625,1.7314453125,1.2744140625,-3.12109375,2.13671875,1.63671875,-3.205078125,1.9541015625,1.3056640625,-3.3203125,1.9287109375
R1138_713,G,713,1.001953125,-1.43359375,0.8896484375,0.9755859375,-1.4169921875,0.48974609375,1.1123046875,-1.666015625,0.276123046875,0.47314453125,-1.5205078125,0.286376953125,1.158203125,-1.515625,1.212890625
R1138_714,G,714,0.99169921875,-2.28515625,0.96630859375,0.75048828125,-2.123046875,0.642578125,0.84814453125,-1.765625,0.76318359375,0.6142578125,-2.15234375,1.0205078125,1.1337890625,-1.3583984375,0.468505859375
R1138_715,A,715,0.525390625,-3.072265625,0.2142333984375,0.88525390625,-2.955078125,0.88037109375,0.77783203125,-2.8828125,0.495361328125,1.1279296875,-3.275390625,0.9814453125,0.953125,-3.001953125,0.195556640625
R1138_716,G,716,0.85546875,-2.046875,-0.2139892578125,0.69873046875,-1.8544921875,0.146728515625,1.0654296875,-2.443359375,-0.326904296875,1.115234375,-2.52734375,0.06866455078125,1.1533203125,-2.1875,-0.281494140625
R1138_717,A,717,0.03759765625,-2.859375,-0.15234375,0.352294921875,-2.939453125,-0.314697265625,0.48681640625,-2.603515625,-0.1781005859375,0.237060546875,-2.91015625,-0.1483154296875,-0.077392578125,-2.763671875,-0.2203369140625
R1138_718,A,718,0.59716796875,-3.0234375,0.267333984375,0.1673583984375,-2.078125,-0.01206207275390625,-0.0002474784851074219,-1.904296875,-0.0721435546875,-0.19970703125,-2.068359375,-0.1739501953125,0.02801513671875,-2.04296875,-0.0011930465698242188
R1138_719,U,719,0.921875,-4.03515625,2.015625,1.6103515625,-3.6171875,1.7431640625,0.69580078125,-3.810546875,2.46875,1.5146484375,-3.318359375,2.2265625,0.685546875,-3.36328125,1.740234375
R1138_720,U,720,1.20703125,-4.12109375,2.388671875,1.7080078125,-3.71484375,3.28515625,1.4873046875,-3.935546875,2.5703125,1.4423828125,-3.775390625,2.296875,1.8642578125,-3.9140625,2.384765625
R1149_1,G,1,1.5673828125,-1.2998046875,0.21630859375,1.71875,-1.48828125,0.6904296875,1.97265625,-1.294921875,-0.39794921875,1.2802734375,-2.05859375,0.443603515625,1.4033203125,-2.2734375,0.677734375
R1149_2,G,2,1.2529296875,-0.9423828125,0.2191162109375,0.990234375,-2.310546875,0.99169921875,1.173828125,-2.0390625,0.7431640625,1.3896484375,-0.6396484375,-0.0657958984375,1.5478515625,-1.4951171875,0.44482421875
R1149_3,A,3,1.1474609375,-1.6435546875,0.80712890625,1.185546875,-2.138671875,1.0107421875,1.369140625,-1.51171875,0.6337890625,2.15625,-2.375,1.35546875,0.80224609375,-1.8623046875,1.177734375
R1149_4,C,4,2.341796875,-2.392578125,1.771484375,1.5595703125,-1.5576171875,1.67578125,1.9423828125,-2.12109375,0.919921875,2.0859375,-1.6767578125,2.013671875,1.3798828125,-2.05859375,1.9189453125
R1149_5,A,5,2.455078125,-2.41015625,1.2236328125,1.537109375,-2.626953125,0.74267578125,1.9775390625,-2.01171875,1.185546875,1.818359375,-1.5732421875,0.303955078125,2.24609375,-2.302734375,0.93701171875
R1149_6,C,6,3.673828125,-2.802734375,1.673828125,3.27734375,-2.546875,1.8876953125,2.62890625,-1.9462890625,2.193359375,2.71875,-2.376953125,1.9990234375,3.349609375,-2.72265625,1.46875
R1149_7,G,7,1.994140625,-2.4375,0.2152099609375,2.111328125,-2.396484375,-0.07269287109375,2.650390625,-2.76171875,0.8203125,2.3671875,-2.1953125,0.2181396484375,2.671875,-2.2578125,-0.8046875
R1149_8,A,8,1.5546875,-3.87109375,1.2060546875,0.350830078125,-2.396484375,1.0947265625,1.7783203125,-3.3515625,1.0185546875,1.361328125,-2.919921875,1.1953125,1.24609375,-3.50390625,0.873046875
R1149_9,G,9,1.87890625,-3.16796875,0.63037109375,1.330078125,-2.841796875,0.24755859375,1.7802734375,-2.970703125,0.44921875,1.458984375,-2.55859375,0.2529296875,1.5322265625,-3.033203125,0.464111328125
R1149_10,U,10,1.5517578125,-3.37890625,1.2880859375,0.92626953125,-3.833984375,1.7978515625,1.623046875,-3.123046875,1.8828125,2.431640625,-3.845703125,2.1953125,1.1416015625,-3.69140625,1.689453125
R1149_11,A,11,2.0625,-4.66796875,-0.047149658203125,1.2421875,-3.4453125,-0.1820068359375,1.28125,-3.576171875,-0.339599609375,1.6123046875,-3.5703125,0.199951171875,2.03125,-4.546875,1.248046875
R1149_12,A,12,2.287109375,-4.2421875,-0.5986328125,1.73046875,-3.72265625,0.086669921875,1.7666015625,-3.58984375,-0.509765625,2.39453125,-4.046875,-0.15966796875,1.2255859375,-3.3125,0.521484375
R1149_13,C,13,3.146484375,-2.93359375,1.263671875,2.763671875,-2.85546875,1.748046875,3.783203125,-3.548828125,1.21484375,2.515625,-3.322265625,1.62890625,3.072265625,-3.3359375,1.4189453125
R1149_14,U,14,2.361328125,-4.18359375,1.689453125,2.462890625,-4.72265625,1.6689453125,1.8359375,-3.96875,0.62939453125,2.0546875,-4.328125,0.931640625,2.25390625,-4.02734375,1.5244140625
R1149_15,C,15,3.76171875,-3.267578125,2.138671875,3.005859375,-3.806640625,1.6005859375,3.443359375,-2.859375,1.4365234375,2.853515625,-3.03515625,2.15234375,3.076171875,-2.943359375,1.87890625
R1149_16,G,16,1.7861328125,-2.509765625,0.09014892578125,2.06640625,-2.451171875,-0.26171875,2.19921875,-2.625,-0.64208984375,2.015625,-1.53515625,-1.4208984375,2.50390625,-1.96484375,-0.9765625
R1149_17,U,17,1.845703125,-3.71484375,1.12109375,1.990234375,-4.640625,1.6640625,1.90625,-4.3671875,1.8447265625,1.5341796875,-3.92578125,1.6982421875,1.8515625,-4.1796875,1.37890625
R1149_18,C,18,3.169921875,-3.09375,1.7919921875,3.43359375,-2.693359375,1.8701171875,3.21484375,-3.01171875,1.869140625,3.513671875,-3.052734375,1.5107421875,3.833984375,-2.7734375,1.7958984375
R1149_19,U,19,1.931640625,-3.83203125,0.82421875,2.708984375,-3.892578125,1.423828125,2.494140625,-4.09765625,1.2861328125,2.640625,-3.439453125,1.0615234375,2.125,-3.474609375,0.48486328125
R1149_20,A,20,2.740234375,-3.087890625,-0.97314453125,2.619140625,-3.11328125,-1.115234375,2.484375,-3.115234375,-0.496826171875,2.767578125,-3.732421875,-0.20947265625,2.21875,-2.880859375,-0.83837890625
R1149_21,U,21,1.990234375,-3.404296875,0.79150390625,2.32421875,-3.34765625,-0.1214599609375,1.5068359375,-2.935546875,0.76123046875,2.349609375,-3.626953125,0.650390625,1.9755859375,-3.08984375,-0.0098114013671875
R1149_22,C,22,2.865234375,-1.875,1.0107421875,3.064453125,-2.376953125,1.8037109375,2.62109375,-2.349609375,1.08984375,3.322265625,-2.228515625,0.7451171875,2.595703125,-2.55078125,1.51171875
R1149_23,U,23,1.7060546875,-2.349609375,1.365234375,1.8232421875,-2.3359375,1.765625,1.541015625,-3.46484375,1.6494140625,1.302734375,-2.435546875,0.88134765625,2.11328125,-2.51953125,0.55322265625
R1149_24,U,24,1.6982421875,-2.5625,1.4912109375,1.3603515625,-2.755859375,1.4716796875,1.951171875,-2.60546875,1.0029296875,1.75,-3.060546875,1.3681640625,1.064453125,-2.48828125,1.458984375
R1149_25,C,25,3.10546875,-2.048828125,1.6923828125,3.30859375,-1.939453125,1.9794921875,3.53515625,-1.4033203125,2.029296875,3.65234375,-2.59765625,1.56640625,3.869140625,-2.044921875,1.134765625
R1149_26,U,26,2.642578125,-3.107421875,0.970703125,2.890625,-3.615234375,1.3837890625,2.609375,-3.763671875,1.189453125,1.818359375,-2.677734375,1.1259765625,2.1171875,-3.470703125,1.478515625
R1149_27,G,27,2.501953125,-1.0478515625,-0.27587890625,3.12890625,-1.6357421875,-0.35302734375,2.958984375,-1.794921875,-0.11083984375,2.9296875,-2.2265625,-0.91552734375,3.255859375,-1.7744140625,-0.30859375
R1149_28,C,28,2.74609375,-1.9560546875,0.78466796875,3.322265625,-2.23046875,0.61328125,3.71875,-1.8818359375,1.3564453125,3.10546875,-2.248046875,1.0498046875,3.33984375,-2.12109375,1.6982421875
R1149_29,A,29,1.2099609375,-1.9208984375,-0.55078125,1.31640625,-1.75390625,-0.748046875,1.419921875,-2.39453125,-1.1298828125,1.515625,-2.43359375,-0.41748046875,0.853515625,-2.486328125,0.0299530029296875
R1149_30,G,30,1.583984375,-1.9462890625,-0.74755859375,0.94775390625,-2.02734375,-0.2298583984375,1.568359375,-2.3984375,-0.215576171875,1.490234375,-2.333984375,0.0638427734375,1.626953125,-1.8779296875,-0.55029296875
R1149_31,G,31,1.6845703125,-2.1015625,0.5087890625,1.73046875,-1.958984375,-0.7021484375,1.587890625,-1.9677734375,-0.384765625,1.40625,-2.37109375,-0.50439453125,1.412109375,-2.3515625,-0.0482177734375
R1149_32,C,32,2.861328125,-1.9326171875,1.162109375,1.9814453125,-2.2265625,1.0283203125,3.05859375,-1.8427734375,2.0,1.8720703125,-2.05078125,1.212890625,2.107421875,-2.662109375,1.376953125
R1149_33,U,33,1.302734375,-3.18359375,0.39892578125,1.59765625,-3.404296875,0.4814453125,1.5771484375,-3.173828125,0.47216796875,1.2060546875,-2.634765625,-0.281494140625,1.1357421875,-3.0625,0.7646484375
R1149_34,G,34,1.1611328125,-1.9677734375,-1.328125,2.025390625,-1.439453125,-1.001953125,1.6796875,-1.509765625,-0.66845703125,1.4951171875,-1.7978515625,-0.708984375,1.6962890625,-2.13671875,-0.11962890625
R1149_35,C,35,1.4921875,-2.232421875,0.8623046875,1.5478515625,-2.021484375,1.1025390625,2.029296875,-1.70703125,0.76611328125,2.13671875,-2.0703125,0.96533203125,1.7783203125,-2.486328125,0.9150390625
R1149_36,U,36,1.6943359375,-2.77734375,0.0038852691650390625,1.40234375,-3.251953125,0.912109375,1.1005859375,-2.306640625,1.35546875,1.576171875,-3.669921875,1.197265625,1.908203125,-2.751953125,1.25390625
R1149_37,U,37,0.99365234375,-3.197265625,1.6474609375,1.30859375,-2.9296875,1.6015625,1.142578125,-2.91015625,1.458984375,0.85205078125,-2.45703125,1.9638671875,0.05169677734375,-3.14453125,1.8974609375
R1149_38,A,38,1.140625,-1.92578125,0.7001953125,0.74853515625,-1.673828125,0.7734375,0.69482421875,-1.041015625,1.140625,1.220703125,-1.2529296875,0.456298828125,0.86572265625,-1.30859375,1.41015625
R1149_39,C,39,1.55859375,-1.6259765625,1.62109375,2.13671875,-1.7509765625,1.671875,2.580078125,-1.6611328125,1.865234375,2.701171875,-1.43359375,2.03515625,1.80859375,-1.48828125,1.38671875
R1149_40,G,40,2.015625,-1.0361328125,0.1182861328125,1.7890625,-1.3310546875,-0.1434326171875,1.783203125,-1.1015625,0.0361328125,1.623046875,-0.666015625,-0.26318359375,2.0859375,-2.244140625,0.461669921875
R1149_41,G,41,1.796875,-1.1201171875,-0.1776123046875,1.474609375,-0.8623046875,-0.05950927734375,1.6201171875,-1.6123046875,0.09051513671875,1.6376953125,-0.86279296875,-0.1907958984375,1.607421875,-1.28125,0.465576171875
R1149_42,U,42,1.82421875,-3.025390625,0.10772705078125,1.7265625,-2.453125,0.99755859375,1.4140625,-2.279296875,-0.61669921875,1.3623046875,-2.46875,0.2271728515625,1.59375,-2.560546875,0.1104736328125
R1149_43,U,43,1.1953125,-3.158203125,0.96142578125,1.80859375,-3.087890625,0.12030029296875,0.95263671875,-3.208984375,1.0625,1.421875,-2.642578125,-0.1234130859375,1.29296875,-2.884765625,0.60693359375
R1149_44,U,44,1.361328125,-2.244140625,-0.0104522705078125,1.9892578125,-2.18359375,0.54150390625,1.072265625,-1.8271484375,0.36669921875,1.1279296875,-2.251953125,0.152587890625,0.92333984375,-1.9453125,0.60986328125
R1149_45,C,45,2.587890625,-0.873046875,0.286865234375,1.2138671875,-1.224609375,-0.21484375,2.326171875,-0.85498046875,0.046600341796875,2.54296875,-0.3974609375,0.287109375,2.11328125,-0.9814453125,0.07989501953125
R1149_46,G,46,1.5927734375,-0.468994140625,-1.771484375,1.3212890625,-1.5390625,-1.74609375,1.6162109375,-0.66650390625,-1.5390625,1.3671875,-0.1968994140625,-1.892578125,1.1806640625,-0.53369140625,-1.5498046875
R1149_47,U,47,1.3798828125,-2.490234375,-0.12030029296875,1.3583984375,-2.484375,-0.56884765625,1.73046875,-2.845703125,-0.09783935546875,1.2783203125,-2.255859375,-0.11474609375,1.328125,-1.7578125,-0.1126708984375
R1149_48,C,48,1.8837890625,-1.587890625,0.72900390625,2.462890625,-2.376953125,0.65380859375,2.548828125,-1.7470703125,-0.2144775390625,1.37890625,-2.224609375,0.444580078125,1.5859375,-1.984375,0.349609375
R1149_49,C,49,2.58984375,-2.037109375,0.31005859375,1.984375,-2.02734375,0.6025390625,2.64453125,-2.23828125,1.0791015625,1.60546875,-2.728515625,0.7822265625,2.33203125,-2.34375,1.2265625
R1149_50,G,50,1.3330078125,-1.9375,0.0357666015625,1.341796875,-1.798828125,0.1793212890625,1.1064453125,-2.13671875,-0.275390625,1.712890625,-1.6455078125,0.0718994140625,1.6494140625,-1.8876953125,-0.52490234375
R1149_51,U,51,2.03515625,-3.17578125,1.984375,1.6328125,-2.98046875,1.4072265625,1.57421875,-3.666015625,1.779296875,1.7255859375,-3.71875,1.4755859375,1.859375,-3.044921875,2.296875
R1149_52,G,52,2.01171875,-2.609375,0.71630859375,1.6318359375,-2.61328125,1.81640625,1.6884765625,-2.365234375,0.85888671875,1.443359375,-1.6943359375,0.46435546875,1.767578125,-2.201171875,0.33203125
R1149_53,U,53,1.8486328125,-3.330078125,1.224609375,1.56640625,-3.3046875,1.3251953125,1.681640625,-2.62890625,1.181640625,2.03125,-3.328125,2.109375,1.6171875,-3.302734375,1.4814453125
R1149_54,U,54,1.634765625,-3.08203125,1.634765625,1.638671875,-2.640625,1.421875,2.12109375,-3.236328125,1.947265625,1.46875,-3.244140625,1.5703125,1.384765625,-2.96875,1.59375
R1149_55,G,55,0.40966796875,-1.8984375,0.096435546875,0.7041015625,-2.5078125,0.61083984375,0.81298828125,-2.4921875,1.0380859375,0.5751953125,-2.10546875,0.354248046875,0.52978515625,-1.9638671875,0.2490234375
R1149_56,C,56,1.9736328125,-2.849609375,1.814453125,1.8154296875,-1.8974609375,1.3984375,2.361328125,-2.998046875,1.59375,1.8076171875,-2.279296875,1.6396484375,2.05859375,-2.140625,2.001953125
R1149_57,A,57,0.79736328125,-2.91796875,1.400390625,0.00673675537109375,-2.78515625,0.84228515625,0.64501953125,-2.31640625,0.054412841796875,0.66552734375,-2.94921875,0.9990234375,0.10113525390625,-2.34765625,0.3046875
R1149_58,G,58,0.95556640625,-1.8447265625,-0.0287322998046875,0.72705078125,-2.275390625,0.2342529296875,0.80224609375,-2.322265625,0.160400390625,0.488525390625,-1.62890625,-0.09686279296875,1.126953125,-2.060546875,-0.37548828125
R1149_59,C,59,1.77734375,-2.13671875,1.9716796875,1.861328125,-2.37890625,2.34765625,1.9521484375,-2.15234375,2.025390625,1.4033203125,-2.2578125,2.673828125,1.681640625,-2.09765625,2.05859375
R1149_60,C,60,1.03515625,-1.79296875,2.095703125,1.404296875,-2.23828125,1.9736328125,1.5693359375,-2.2578125,2.46875,1.439453125,-1.8623046875,1.9169921875,1.484375,-2.341796875,2.125
R1149_61,G,61,1.1142578125,-1.66015625,-0.400146484375,0.9296875,-1.9560546875,-0.021331787109375,0.62548828125,-1.775390625,-0.45263671875,0.82080078125,-1.6455078125,-0.1400146484375,1.0234375,-1.3935546875,0.09088134765625
R1149_62,A,62,0.2392578125,-2.615234375,0.84326171875,0.3359375,-2.96875,1.0673828125,0.428955078125,-2.732421875,0.962890625,0.40869140625,-2.130859375,0.62548828125,0.206787109375,-2.501953125,0.2440185546875
R1149_63,U,63,1.62109375,-3.4375,1.505859375,1.5361328125,-3.365234375,1.2783203125,1.2919921875,-3.314453125,2.083984375,1.5751953125,-3.8359375,1.5537109375,1.3125,-3.220703125,1.552734375
R1149_64,C,64,1.890625,-2.123046875,1.3623046875,2.244140625,-3.146484375,2.724609375,2.779296875,-2.896484375,2.603515625,2.67578125,-2.546875,2.6796875,2.107421875,-2.673828125,1.7275390625
R1149_65,A,65,0.396240234375,-1.4375,0.6259765625,0.29541015625,-2.076171875,-0.476318359375,0.39453125,-2.07421875,-0.1129150390625,0.463134765625,-2.197265625,0.345947265625,0.54833984375,-2.623046875,-0.09246826171875
R1149_66,U,66,1.4150390625,-3.09375,1.775390625,1.0205078125,-2.92578125,2.169921875,1.17578125,-3.37890625,1.8427734375,1.173828125,-3.26953125,2.01953125,1.517578125,-2.673828125,1.732421875
R1149_67,C,67,2.046875,-2.224609375,1.9013671875,2.408203125,-2.54296875,2.349609375,1.6259765625,-1.625,1.7900390625,2.4375,-2.0546875,2.216796875,1.833984375,-2.1328125,1.955078125
R1149_68,A,68,0.68212890625,-2.947265625,0.4794921875,0.2034912109375,-2.26953125,0.474853515625,0.333740234375,-1.9140625,0.248291015625,-0.0085296630859375,-2.23828125,0.568359375,0.0927734375,-2.625,0.395263671875
R1149_69,G,69,1.0009765625,-1.7568359375,0.4755859375,0.8779296875,-1.2802734375,0.48681640625,0.9775390625,-1.8388671875,0.08251953125,1.2568359375,-1.9130859375,0.318359375,1.35546875,-1.990234375,-0.1461181640625
R1149_70,C,70,1.4755859375,-2.1484375,1.3134765625,2.1015625,-2.05859375,1.009765625,1.9501953125,-1.9755859375,1.07421875,1.4140625,-1.900390625,1.0390625,1.791015625,-2.451171875,1.798828125
R1149_71,A,71,-0.0241241455078125,-1.5732421875,-0.31005859375,0.34375,-2.4375,-0.442138671875,0.271728515625,-2.3671875,-0.2015380859375,0.20654296875,-1.08984375,-0.85107421875,-0.16455078125,-1.591796875,-0.343505859375
R1149_72,C,72,1.798828125,-1.341796875,1.07421875,1.591796875,-2.3515625,1.4072265625,1.9775390625,-0.95068359375,0.654296875,1.5654296875,-0.9560546875,0.8388671875,1.763671875,-0.603515625,1.1591796875
R1149_73,A,73,-0.0836181640625,-2.033203125,-0.302734375,0.31884765625,-1.376953125,-0.43115234375,0.625,-1.220703125,0.152099609375,0.5205078125,-1.91015625,-0.217041015625,0.122314453125,-0.83544921875,-0.71484375
R1149_74,U,74,1.349609375,-2.046875,1.318359375,1.4990234375,-1.82421875,1.134765625,1.318359375,-1.6513671875,0.79931640625,1.015625,-2.41015625,2.12109375,0.7783203125,-2.171875,1.798828125
R1149_75,C,75,1.58203125,-0.58837890625,1.205078125,2.080078125,-1.025390625,1.724609375,1.4755859375,-1.2822265625,1.6123046875,1.8740234375,-2.1875,1.751953125,2.095703125,-1.884765625,1.9619140625
R1149_76,U,76,1.6142578125,-3.166015625,1.439453125,0.61328125,-3.67578125,1.4365234375,1.490234375,-3.109375,2.013671875,1.4775390625,-3.462890625,1.654296875,1.4228515625,-2.751953125,1.4306640625
R1149_77,A,77,0.1651611328125,-1.3740234375,-0.294677734375,-0.043121337890625,-2.1171875,-0.460693359375,0.452880859375,-1.248046875,-0.720703125,0.67431640625,-0.8544921875,-0.65087890625,0.471435546875,-1.634765625,0.0672607421875
R1149_78,G,78,1.2001953125,-1.5703125,0.5849609375,1.357421875,-1.63671875,-0.63232421875,1.0859375,-1.533203125,-0.9658203125,0.75634765625,-1.052734375,-0.6689453125,1.7021484375,-0.689453125,-0.266357421875
R1149_79,G,79,0.806640625,-1.375,-0.794921875,1.1494140625,-0.94189453125,-0.509765625,1.42578125,-1.1005859375,-1.1513671875,1.0732421875,-2.05859375,-0.1875,1.185546875,-1.078125,-1.0712890625
R1149_80,U,80,1.66796875,-2.41015625,0.7119140625,1.50390625,-2.6640625,0.94091796875,1.587890625,-2.451171875,1.291015625,1.263671875,-2.919921875,1.359375,1.7158203125,-2.404296875,1.2314453125
R1149_81,U,81,2.095703125,-2.158203125,0.40234375,1.74609375,-3.201171875,1.328125,1.6640625,-2.80859375,1.294921875,1.7509765625,-2.216796875,0.79296875,1.8642578125,-2.892578125,2.359375
R1149_82,U,82,2.56640625,-2.505859375,2.15234375,2.5078125,-2.07421875,1.88671875,2.2890625,-2.529296875,1.3779296875,2.455078125,-1.8076171875,1.4638671875,2.724609375,-2.642578125,1.3271484375
R1149_83,C,83,3.375,-1.9755859375,1.6640625,2.787109375,-1.84765625,1.98046875,2.646484375,-1.7177734375,0.689453125,3.66796875,-2.287109375,2.630859375,3.615234375,-2.0859375,2.099609375
R1149_84,G,84,2.388671875,-1.44140625,0.394775390625,2.28125,-1.29296875,-0.2371826171875,2.294921875,-1.359375,0.1383056640625,2.349609375,-1.634765625,0.4853515625,2.345703125,-1.677734375,-0.08392333984375
R1149_85,U,85,2.44921875,-2.66796875,1.2587890625,3.208984375,-3.40234375,1.625,2.197265625,-2.79296875,1.484375,2.42578125,-3.03515625,1.3408203125,2.423828125,-2.529296875,1.67578125
R1149_86,C,86,2.42578125,-2.478515625,2.4375,2.76953125,-2.609375,2.013671875,1.908203125,-1.869140625,1.66796875,2.3125,-2.439453125,1.4462890625,2.29296875,-2.28125,1.5380859375
R1149_87,C,87,1.935546875,-2.34765625,1.8193359375,1.646484375,-2.2109375,1.56640625,1.849609375,-2.361328125,1.02734375,1.8486328125,-2.212890625,2.044921875,1.830078125,-2.37890625,2.74609375
R1149_88,G,88,1.384765625,-1.3193359375,0.541015625,1.01171875,-1.548828125,1.150390625,1.599609375,-1.8740234375,0.387451171875,1.556640625,-2.017578125,0.8251953125,1.1796875,-2.271484375,0.80126953125
R1149_89,G,89,0.91015625,-2.17578125,0.990234375,1.6083984375,-1.689453125,1.443359375,1.5927734375,-2.1015625,0.7841796875,1.2646484375,-2.251953125,1.2939453125,0.8583984375,-1.6669921875,1.455078125
R1149_90,G,90,1.359375,-1.8173828125,1.4931640625,1.2314453125,-1.828125,1.5888671875,1.1669921875,-2.046875,1.439453125,1.294921875,-2.216796875,1.09375,1.2060546875,-1.3544921875,0.97021484375
R1149_91,U,91,1.3310546875,-2.66015625,2.435546875,0.85107421875,-3.68359375,2.423828125,1.6103515625,-3.484375,2.4765625,1.611328125,-3.384765625,3.259765625,1.15625,-3.109375,2.470703125
R1149_92,G,92,1.4580078125,-1.658203125,1.2060546875,1.3447265625,-1.5810546875,0.96533203125,1.19140625,-1.2861328125,0.89013671875,1.5556640625,-1.1259765625,0.482421875,1.126953125,-1.4921875,0.5625
R1149_93,U,93,1.8779296875,-3.701171875,2.669921875,1.2900390625,-2.29296875,2.4453125,1.69921875,-3.234375,3.32421875,1.46875,-3.28515625,2.931640625,1.2265625,-2.677734375,2.181640625
R1149_94,G,94,1.11328125,-2.2109375,1.0810546875,1.2060546875,-1.25390625,1.1884765625,1.5849609375,-1.357421875,1.2138671875,1.291015625,-1.5927734375,1.349609375,1.0478515625,-1.23046875,1.03515625
R1149_95,A,95,0.416015625,-2.3359375,0.64013671875,0.1727294921875,-1.978515625,0.83837890625,0.037567138671875,-1.59765625,0.67919921875,0.6396484375,-1.9404296875,2.0,0.061492919921875,-2.35546875,1.12890625
R1149_96,C,96,1.982421875,-2.244140625,2.380859375,1.9072265625,-1.2353515625,3.173828125,2.134765625,-1.1298828125,2.73828125,2.345703125,-1.7939453125,3.1328125,1.5751953125,-1.7333984375,2.607421875
R1149_97,C,97,1.296875,-2.16015625,2.580078125,1.4384765625,-1.328125,2.42578125,1.6787109375,-1.7119140625,2.5625,1.7236328125,-1.6083984375,2.720703125,1.708984375,-1.33203125,2.646484375
R1149_98,G,98,1.4189453125,-1.5791015625,0.1317138671875,1.1640625,-0.86865234375,-0.02398681640625,1.1240234375,-0.94677734375,0.5078125,0.8515625,-0.6904296875,0.048065185546875,1.20703125,-1.080078125,0.264892578125
R1149_99,A,99,0.016693115234375,-2.212890625,0.07037353515625,0.6064453125,-2.94921875,0.6416015625,0.43310546875,-1.8857421875,0.0826416015625,0.06964111328125,-2.51171875,0.4970703125,0.00543212890625,-2.79296875,0.3974609375
R1149_100,A,100,0.15234375,-2.369140625,0.59619140625,-0.40966796875,-1.7490234375,-0.6875,-0.22265625,-2.5859375,0.74169921875,0.46728515625,-3.107421875,0.6162109375,0.13427734375,-2.732421875,0.958984375
R1149_101,A,101,0.65234375,-1.7587890625,1.306640625,0.56201171875,-2.29296875,1.0048828125,0.58642578125,-2.71875,0.2486572265625,-0.12353515625,-2.0234375,-0.1944580078125,0.2430419921875,-1.9111328125,0.160888671875
R1149_102,G,102,0.634765625,-2.7734375,1.2197265625,1.15625,-1.3916015625,0.99609375,0.86572265625,-1.2236328125,0.94921875,0.95654296875,-1.8203125,1.3232421875,0.9912109375,-1.64453125,1.310546875
R1149_103,G,103,0.84765625,-1.2158203125,0.99560546875,0.81787109375,-1.25,1.0947265625,1.1611328125,-0.9111328125,1.2412109375,1.03125,-1.0751953125,1.185546875,0.6044921875,-1.22265625,0.98779296875
R1149_104,U,104,0.595703125,-2.96484375,2.228515625,1.0224609375,-2.990234375,2.431640625,0.7734375,-2.52734375,1.73828125,1.2568359375,-3.21875,2.732421875,0.67138671875,-2.51171875,2.279296875
R1149_105,A,105,0.8359375,-2.5625,1.587890625,0.67578125,-1.5009765625,-0.087890625,0.6201171875,-2.869140625,0.87548828125,0.7587890625,-3.248046875,1.4912109375,0.82080078125,-1.9892578125,1.203125
R1149_106,A,106,1.45703125,-2.36328125,1.1494140625,1.310546875,-2.330078125,0.2235107421875,1.1259765625,-2.576171875,1.2333984375,1.4248046875,-2.693359375,1.7041015625,1.119140625,-2.48046875,0.66455078125
R1149_107,G,107,1.8154296875,-1.748046875,0.791015625,1.423828125,-0.72216796875,-0.1641845703125,1.2548828125,-0.80712890625,0.63671875,1.390625,-1.5986328125,0.65869140625,1.5830078125,-1.3076171875,0.29833984375
R1149_108,A,108,0.912109375,-1.9873046875,1.1845703125,0.40185546875,-1.8662109375,0.13818359375,1.2998046875,-2.12109375,0.7978515625,0.88525390625,-2.166015625,1.662109375,0.2076416015625,-1.54296875,0.223388671875
R1149_109,U,109,1.384765625,-2.73828125,2.14453125,1.2138671875,-2.447265625,1.5126953125,1.484375,-3.3359375,1.0380859375,1.4833984375,-2.564453125,2.509765625,1.0908203125,-2.3359375,1.8525390625
R1149_110,G,110,1.0673828125,-0.89013671875,1.02734375,0.939453125,-0.9482421875,1.08984375,1.04296875,-1.5185546875,0.56884765625,0.338623046875,-1.666015625,0.923828125,1.0576171875,-1.1650390625,1.3876953125
R1149_111,G,111,1.005859375,-1.748046875,1.01171875,1.0732421875,-0.95654296875,0.91748046875,1.169921875,-1.1943359375,1.2041015625,0.7119140625,-1.4375,1.0078125,0.269287109375,-0.9189453125,1.2421875
R1149_112,A,112,0.2086181640625,-1.33984375,0.494140625,0.82373046875,-1.6669921875,1.056640625,0.53955078125,-2.138671875,0.61328125,-0.09527587890625,-2.314453125,1.2158203125,0.404296875,-2.802734375,1.2392578125
R1149_113,G,113,0.6083984375,-0.67822265625,1.0595703125,1.1708984375,-1.4853515625,0.759765625,0.8583984375,-0.8505859375,0.5400390625,1.3994140625,-1.2666015625,1.2587890625,0.529296875,-1.0166015625,1.34765625
R1149_114,A,114,0.6513671875,-1.96484375,0.67236328125,0.978515625,-1.6943359375,0.5166015625,0.297119140625,-1.7158203125,0.2362060546875,1.1435546875,-2.365234375,0.6953125,0.310791015625,-1.373046875,0.6396484375
R1149_115,G,115,1.3994140625,-0.415283203125,0.92724609375,1.7802734375,-0.92822265625,0.90576171875,1.1298828125,-1.3017578125,1.990234375,1.6240234375,-1.29296875,0.89501953125,1.4091796875,-1.0400390625,1.158203125
R1149_116,C,116,2.345703125,-1.58984375,2.01171875,2.9453125,-2.337890625,1.9951171875,2.7578125,-1.4677734375,1.6455078125,2.15234375,-2.119140625,2.087890625,2.271484375,-1.1982421875,2.03125
R1149_117,C,117,2.119140625,-1.6083984375,2.61328125,1.662109375,-1.587890625,1.640625,2.099609375,-1.998046875,2.2734375,2.015625,-1.8759765625,2.6484375,1.849609375,-1.583984375,2.185546875
R1149_118,U,118,1.4150390625,-3.390625,2.43359375,0.9443359375,-3.3203125,2.498046875,1.7060546875,-3.345703125,2.845703125,1.08203125,-3.37109375,2.380859375,1.111328125,-3.3671875,3.0390625
R1149_119,U,119,1.1220703125,-2.876953125,1.6923828125,0.98095703125,-3.49609375,1.7861328125,1.142578125,-2.873046875,1.8310546875,1.1142578125,-3.078125,1.6611328125,1.203125,-2.998046875,2.265625
R1149_120,G,120,1.0244140625,-1.4150390625,-0.0193328857421875,1.0869140625,-1.1123046875,0.286376953125,1.03515625,-1.8935546875,0.07843017578125,1.166015625,-1.388671875,-0.199951171875,0.7880859375,-1.5625,0.169921875
R1149_121,U,121,0.65966796875,-2.69140625,0.76708984375,0.8203125,-3.603515625,1.6640625,1.1025390625,-2.109375,0.5361328125,1.041015625,-3.359375,1.3515625,0.7939453125,-3.283203125,1.5146484375
R1149_122,C,122,1.494140625,-0.9140625,0.7978515625,1.5556640625,-1.2666015625,1.501953125,1.8232421875,-1.5888671875,1.044921875,1.6142578125,-1.59375,0.47802734375,2.19921875,-1.763671875,0.409423828125
R1149_123,C,123,1.8310546875,-1.025390625,0.94384765625,1.921875,-1.501953125,1.1796875,2.02734375,-1.03125,0.54736328125,1.6552734375,-1.501953125,1.37890625,1.72265625,-1.525390625,1.2431640625
R1149_124,C,124,1.1259765625,-1.384765625,1.3349609375,1.236328125,-0.6796875,0.2100830078125,1.314453125,-1.498046875,0.81201171875,1.5478515625,-1.1669921875,0.6787109375,1.091796875,-1.154296875,0.54736328125
R1156_1,G,1,1.341796875,-1.2705078125,0.62255859375,1.673828125,-2.22265625,0.92138671875,1.2431640625,-2.08203125,0.5478515625,1.3330078125,-2.30859375,-0.061492919921875,0.9501953125,-1.4443359375,0.1839599609375
R1156_2,G,2,0.95751953125,-1.466796875,0.146728515625,0.79833984375,-1.578125,-0.34521484375,0.95068359375,-1.4921875,0.4755859375,1.4423828125,-1.248046875,0.19580078125,1.26171875,-1.2978515625,0.454345703125
R1156_3,A,3,1.806640625,-2.513671875,0.77880859375,1.166015625,-1.830078125,0.03851318359375,0.8466796875,-2.2265625,1.294921875,1.703125,-1.736328125,0.859375,1.6484375,-2.357421875,0.97802734375
R1156_4,G,4,1.69140625,-1.775390625,0.060302734375,1.6328125,-1.0703125,-0.473388671875,1.685546875,-1.2158203125,-0.1302490234375,1.8505859375,-1.115234375,-0.3232421875,1.3603515625,-1.6953125,0.1527099609375
R1156_5,C,5,2.451171875,-2.0078125,1.6923828125,2.654296875,-2.205078125,1.2744140625,2.49609375,-2.48828125,1.5849609375,2.8984375,-2.515625,1.89453125,2.65625,-2.138671875,1.177734375
R1156_6,A,6,1.453125,-1.51953125,-0.146240234375,1.8349609375,-2.8359375,0.62060546875,2.279296875,-2.42578125,0.6064453125,1.681640625,-1.546875,0.353271484375,1.947265625,-1.98828125,0.439453125
R1156_7,U,7,1.6826171875,-3.205078125,1.515625,1.5810546875,-2.384765625,0.9140625,2.27734375,-3.0234375,2.26171875,2.353515625,-2.95703125,1.572265625,1.7158203125,-3.15234375,2.513671875
R1156_8,C,8,3.095703125,-2.515625,2.0234375,3.107421875,-2.34375,1.9736328125,3.216796875,-2.625,2.373046875,3.017578125,-3.130859375,2.078125,2.857421875,-2.94921875,2.3359375
R1156_9,G,9,1.4296875,-2.341796875,0.90185546875,2.421875,-3.189453125,0.1820068359375,1.1611328125,-1.76953125,0.458251953125,2.060546875,-2.177734375,1.1962890625,1.6376953125,-2.19921875,-1.0087890625
R1156_10,U,10,1.1982421875,-3.625,2.08984375,1.11328125,-4.11328125,1.7353515625,1.1328125,-3.919921875,2.1328125,0.884765625,-3.87109375,1.5380859375,0.76318359375,-3.048828125,1.5146484375
R1156_11,G,11,2.390625,-3.615234375,0.058380126953125,2.0703125,-3.283203125,-0.1075439453125,1.736328125,-3.193359375,0.47900390625,1.83203125,-3.70703125,-0.0469970703125,1.4765625,-2.822265625,-0.05072021484375
R1156_12,U,12,2.095703125,-4.3828125,0.468994140625,2.08984375,-4.046875,0.82763671875,2.1953125,-4.56640625,0.450927734375,1.90234375,-3.908203125,0.91552734375,2.04296875,-3.775390625,0.91748046875
R1156_13,C,13,2.521484375,-3.826171875,1.720703125,2.92578125,-2.63671875,1.296875,3.140625,-3.087890625,0.7001953125,3.162109375,-3.623046875,1.2255859375,2.828125,-2.6875,0.94775390625
R1156_14,U,14,2.201171875,-3.77734375,1.3017578125,1.6220703125,-4.4375,0.837890625,2.212890625,-3.748046875,0.921875,2.318359375,-4.14453125,1.41015625,1.9443359375,-4.09765625,1.701171875
R1156_15,C,15,3.12109375,-3.486328125,1.376953125,2.73828125,-3.322265625,1.494140625,2.744140625,-3.306640625,1.197265625,3.189453125,-3.083984375,1.6337890625,2.763671875,-2.94921875,1.1767578125
R1156_16,A,16,1.3984375,-2.84765625,-0.86865234375,1.3876953125,-3.544921875,-0.88037109375,1.6298828125,-2.3359375,-1.078125,1.55859375,-2.572265625,-0.7919921875,1.4228515625,-2.966796875,-0.599609375
R1156_17,A,17,1.279296875,-2.724609375,-0.63330078125,1.083984375,-2.287109375,-0.986328125,1.2255859375,-3.11328125,-1.0283203125,1.34765625,-2.595703125,-1.3876953125,2.001953125,-3.048828125,-0.66748046875
R1156_18,G,18,3.162109375,-2.66015625,-0.85205078125,2.37890625,-3.150390625,-0.7607421875,2.08203125,-2.970703125,-0.36669921875,2.12109375,-2.263671875,-1.248046875,2.171875,-2.9453125,-0.485107421875
R1156_19,U,19,2.595703125,-3.625,0.830078125,2.20703125,-4.53125,1.1748046875,2.1328125,-3.974609375,0.73486328125,1.8310546875,-3.884765625,1.3251953125,2.224609375,-3.6953125,0.6142578125
R1156_20,G,20,3.6640625,-2.587890625,-1.455078125,2.892578125,-2.302734375,-1.4814453125,3.302734375,-3.357421875,-0.56103515625,2.8984375,-2.576171875,-1.58984375,3.2734375,-2.43359375,-1.0
R1156_21,C,21,3.849609375,-2.33984375,0.74169921875,3.302734375,-2.98046875,1.4775390625,2.876953125,-2.896484375,0.9521484375,3.291015625,-2.69140625,0.96435546875,3.103515625,-2.73046875,0.8837890625
R1156_22,U,22,1.080078125,-2.328125,0.146484375,1.6611328125,-2.5390625,0.400390625,1.564453125,-2.943359375,-0.0687255859375,0.68603515625,-2.7265625,-0.07354736328125,1.892578125,-1.9931640625,-0.2939453125
R1156_23,U,23,1.4931640625,-2.751953125,0.9736328125,1.3056640625,-1.744140625,-0.113525390625,1.4306640625,-2.939453125,0.80517578125,1.5087890625,-2.8984375,0.29248046875,1.2578125,-2.109375,1.314453125
R1156_24,C,24,3.642578125,-1.4580078125,1.7392578125,2.982421875,-1.7578125,1.765625,3.30859375,-1.4326171875,1.794921875,3.04296875,-1.560546875,0.7431640625,2.9765625,-1.5947265625,1.84765625
R1156_25,A,25,2.048828125,-2.267578125,0.178466796875,1.4013671875,-2.337890625,0.50732421875,2.1171875,-2.8984375,0.261474609375,1.1298828125,-1.9326171875,-0.27099609375,1.447265625,-2.595703125,0.1707763671875
R1156_26,C,26,2.513671875,-2.208984375,1.509765625,3.498046875,-1.689453125,1.861328125,3.12890625,-1.591796875,1.87890625,2.98046875,-2.763671875,1.587890625,3.2265625,-2.150390625,1.861328125
R1156_27,G,27,2.54296875,-2.34375,-0.41015625,2.533203125,-1.9892578125,-1.0400390625,2.533203125,-2.080078125,-0.52490234375,1.744140625,-1.5908203125,-0.250244140625,3.16015625,-1.837890625,0.180908203125
R1156_28,G,28,2.173828125,-2.076171875,-0.61181640625,2.794921875,-2.408203125,-1.3955078125,2.2109375,-2.0234375,-1.1982421875,2.177734375,-1.705078125,-0.413330078125,2.310546875,-2.12109375,-0.9423828125
R1156_29,U,29,1.3046875,-3.201171875,-0.069091796875,0.798828125,-3.517578125,0.1988525390625,1.1826171875,-3.275390625,0.087646484375,0.892578125,-3.03125,0.56640625,0.7314453125,-3.611328125,0.8203125
R1156_30,C,30,2.0390625,-1.7998046875,1.0263671875,2.083984375,-2.4765625,1.142578125,2.9140625,-2.3984375,1.1904296875,2.701171875,-2.609375,1.17578125,2.5703125,-1.974609375,0.57666015625
R1156_31,A,31,1.4482421875,-2.140625,-0.86572265625,1.6298828125,-1.6455078125,0.2012939453125,1.0546875,-2.390625,-0.4931640625,0.9716796875,-2.552734375,-0.25927734375,1.1640625,-2.244140625,-0.2032470703125
R1156_32,C,32,2.71875,-2.388671875,0.931640625,2.935546875,-2.400390625,0.66845703125,2.521484375,-2.572265625,1.029296875,2.505859375,-1.75,0.3359375,2.54296875,-2.611328125,0.70458984375
R1156_33,A,33,1.0654296875,-2.03515625,-0.75830078125,1.068359375,-1.4443359375,-1.3564453125,1.0654296875,-1.671875,-0.57177734375,1.1201171875,-1.3974609375,-1.669921875,0.783203125,-1.91796875,-1.2119140625
R1156_34,A,34,1.0244140625,-2.134765625,-1.59375,0.92578125,-1.4052734375,-1.123046875,0.7109375,-1.90625,-1.0400390625,0.94140625,-1.3544921875,-1.6669921875,1.0380859375,-1.5625,-0.88037109375
R1156_35,U,35,1.53515625,-2.818359375,0.53466796875,1.5,-2.513671875,-0.4013671875,0.6064453125,-3.55078125,0.650390625,1.3837890625,-3.130859375,-0.1885986328125,1.0595703125,-2.9921875,0.7421875
R1156_36,A,36,0.830078125,-1.763671875,-0.5869140625,0.201171875,-1.005859375,-0.015106201171875,0.54296875,-1.322265625,-0.417236328125,1.1279296875,-1.080078125,-0.0267486572265625,0.89208984375,-1.1611328125,-0.0059814453125
R1156_37,U,37,1.890625,-2.892578125,1.162109375,1.9326171875,-2.759765625,1.91796875,1.3388671875,-2.37890625,0.787109375,0.98974609375,-2.7109375,0.9287109375,1.2841796875,-2.279296875,1.0615234375
R1156_38,A,38,0.342529296875,-1.841796875,0.62353515625,1.99609375,-1.3896484375,1.19921875,0.97900390625,-1.796875,1.1953125,1.1669921875,-1.923828125,1.1044921875,1.015625,-1.43359375,1.912109375
R1156_39,C,39,2.560546875,-1.177734375,1.17578125,1.900390625,-1.4423828125,1.6806640625,1.6376953125,-1.529296875,1.29296875,1.2041015625,-1.81640625,1.734375,1.5732421875,-1.2724609375,1.2958984375
R1156_40,C,40,1.888671875,-1.111328125,2.009765625,2.326171875,-1.6357421875,1.349609375,1.85546875,-1.4931640625,0.955078125,2.248046875,-1.28125,1.6376953125,1.9873046875,-1.326171875,1.1982421875
R1156_41,G,41,1.611328125,-1.1103515625,-0.73046875,1.5390625,-1.6669921875,0.1669921875,1.322265625,-0.95703125,-0.1947021484375,1.376953125,-0.88916015625,-0.57470703125,2.060546875,-1.2119140625,-0.8876953125
R1156_42,U,42,0.93310546875,-2.916015625,0.81396484375,1.6044921875,-2.890625,-0.443115234375,0.91015625,-3.51953125,1.0361328125,0.83837890625,-2.962890625,0.546875,1.1591796875,-2.337890625,0.474609375
R1156_43,U,43,1.3046875,-2.513671875,-0.599609375,1.541015625,-3.16796875,0.01953125,1.0146484375,-2.515625,0.38671875,1.548828125,-2.275390625,0.1380615234375,1.4091796875,-2.921875,-0.080810546875
R1156_44,U,44,1.1943359375,-2.62109375,-0.0129547119140625,1.3203125,-2.1328125,-0.0039215087890625,1.677734375,-2.068359375,0.302001953125,1.43359375,-1.62109375,0.30615234375,1.3662109375,-2.65625,-0.037811279296875
R1156_45,C,45,1.20703125,-1.0029296875,0.395263671875,1.845703125,-1.8173828125,0.5478515625,1.259765625,-1.31640625,0.330078125,1.333984375,-1.1943359375,0.163330078125,1.775390625,-1.28125,-0.0249481201171875
R1156_46,G,46,1.1591796875,-0.54736328125,-1.05078125,0.209228515625,-1.099609375,-1.6142578125,0.89599609375,-0.42919921875,-1.0166015625,0.69775390625,-0.3623046875,-1.3212890625,1.0732421875,-0.473876953125,-1.544921875
R1156_47,U,47,0.89453125,-2.498046875,0.5869140625,0.82373046875,-2.4140625,0.2841796875,0.8740234375,-1.8701171875,0.351806640625,0.646484375,-2.46484375,0.66943359375,0.13232421875,-2.880859375,-0.06536865234375
R1156_48,C,48,1.5751953125,-1.658203125,-0.04730224609375,1.82421875,-1.861328125,0.49462890625,1.5810546875,-2.060546875,0.76171875,1.8466796875,-1.9873046875,0.259765625,1.755859375,-2.296875,0.84814453125
R1156_49,G,49,1.1142578125,-2.21484375,-0.483154296875,0.8525390625,-1.9228515625,-0.53515625,1.4150390625,-1.8232421875,-0.7333984375,1.4736328125,-2.65625,-0.5869140625,1.2529296875,-1.720703125,-0.90576171875
R1156_50,G,50,1.4677734375,-2.6015625,-0.495361328125,1.3955078125,-2.05859375,-0.60693359375,1.4873046875,-1.5322265625,0.288330078125,1.388671875,-1.7197265625,-0.10260009765625,1.166015625,-1.9765625,0.371826171875
R1156_51,G,51,1.0908203125,-1.68359375,0.19287109375,1.3916015625,-1.9287109375,0.880859375,1.9541015625,-2.19140625,0.438720703125,1.2763671875,-1.7109375,0.2308349609375,1.44140625,-2.6015625,0.414306640625
R1156_52,U,52,1.4736328125,-3.71875,2.01953125,1.29296875,-3.248046875,1.923828125,1.6025390625,-3.32421875,2.21875,1.3408203125,-2.951171875,1.15234375,0.95361328125,-2.912109375,2.07421875
R1156_53,G,53,1.2265625,-1.375,0.279052734375,0.94677734375,-1.904296875,0.33740234375,1.306640625,-2.310546875,0.8466796875,1.287109375,-2.240234375,0.0166168212890625,1.123046875,-2.064453125,1.1435546875
R1156_54,C,54,1.751953125,-2.138671875,1.6015625,0.95751953125,-1.6796875,1.5009765625,1.9970703125,-2.09765625,2.123046875,1.505859375,-2.439453125,1.6943359375,2.240234375,-1.51953125,1.845703125
R1156_55,G,55,0.94921875,-2.140625,0.28662109375,1.12109375,-1.712890625,0.019866943359375,1.0986328125,-2.423828125,0.83056640625,1.0029296875,-1.8974609375,0.489990234375,0.85986328125,-2.060546875,-0.1300048828125
R1156_56,U,56,1.3037109375,-3.556640625,1.28515625,1.3564453125,-3.197265625,0.7705078125,0.92431640625,-3.568359375,1.17578125,1.2255859375,-3.630859375,1.5009765625,1.177734375,-3.0546875,1.193359375
R1156_57,G,57,1.080078125,-2.263671875,0.132568359375,0.9423828125,-2.029296875,-0.40478515625,0.9892578125,-1.8427734375,0.328369140625,1.044921875,-1.599609375,0.33251953125,0.94580078125,-2.34765625,-0.294677734375
R1156_58,G,58,0.62841796875,-2.490234375,0.70556640625,0.142578125,-1.7861328125,-0.052398681640625,0.162353515625,-2.232421875,0.6513671875,0.37255859375,-2.109375,-0.1939697265625,0.27880859375,-2.34765625,0.52001953125
R1156_59,C,59,1.5546875,-1.8955078125,2.138671875,1.6318359375,-2.23046875,2.16015625,1.521484375,-2.265625,2.0,1.34765625,-2.703125,2.287109375,1.455078125,-1.09375,2.68359375
R1156_60,A,60,-0.176513671875,-1.9345703125,0.12744140625,-0.1461181640625,-2.97265625,-0.300048828125,-0.1405029296875,-1.666015625,-0.0032062530517578125,0.14697265625,-1.9072265625,0.2347412109375,0.25,-1.8466796875,0.5673828125
R1156_61,A,61,0.52490234375,-3.25390625,0.751953125,-0.155029296875,-2.6640625,0.412841796875,0.7490234375,-3.095703125,-0.443359375,-0.265625,-1.9892578125,0.319580078125,-0.411376953125,-3.3125,0.45751953125
R1156_62,U,62,0.7841796875,-3.578125,1.8115234375,0.7451171875,-3.359375,1.82421875,0.650390625,-3.97265625,2.0,0.56005859375,-2.986328125,1.498046875,0.5615234375,-3.51953125,1.5576171875
R1156_63,U,63,0.67333984375,-4.27734375,1.970703125,0.77099609375,-3.197265625,1.181640625,1.3603515625,-3.779296875,1.787109375,0.92041015625,-3.875,1.435546875,1.458984375,-3.578125,2.068359375
R1156_64,C,64,1.732421875,-3.021484375,2.369140625,2.150390625,-3.23828125,2.162109375,1.7861328125,-3.880859375,2.22265625,1.607421875,-2.9375,2.359375,1.90234375,-2.708984375,2.34375
R1156_65,G,65,0.97705078125,-2.033203125,0.62548828125,0.8154296875,-1.7724609375,0.462890625,0.459228515625,-1.7197265625,0.5830078125,1.0703125,-2.53515625,0.481201171875,0.92724609375,-1.7802734375,0.468994140625
R1156_66,G,66,0.56982421875,-2.625,0.802734375,1.1396484375,-1.849609375,0.44140625,0.57421875,-2.28125,0.7333984375,0.99755859375,-1.890625,0.7587890625,0.74462890625,-1.681640625,0.830078125
R1156_67,U,67,0.8583984375,-3.5390625,1.771484375,1.0888671875,-3.26171875,1.8369140625,1.09375,-3.416015625,1.46875,1.076171875,-3.4140625,1.7822265625,0.93310546875,-3.62109375,2.060546875
R1156_68,G,68,0.96630859375,-1.9853515625,0.53857421875,0.90576171875,-1.900390625,-0.1453857421875,0.2257080078125,-2.11328125,0.024658203125,0.578125,-1.953125,0.0087432861328125,0.98486328125,-1.921875,0.6552734375
R1156_69,C,69,1.900390625,-2.912109375,1.18359375,1.201171875,-2.47265625,0.9609375,1.64453125,-2.373046875,1.2861328125,2.125,-2.701171875,1.775390625,1.802734375,-1.7939453125,1.5185546875
R1156_70,A,70,0.185791015625,-1.6513671875,-0.105712890625,-0.01331329345703125,-2.677734375,0.0198516845703125,0.097412109375,-2.91796875,-0.310791015625,-0.04278564453125,-1.875,0.07476806640625,-0.06158447265625,-2.349609375,-0.60888671875
R1156_71,C,71,1.140625,-2.173828125,1.109375,1.1201171875,-2.029296875,0.76220703125,1.2578125,-2.125,0.6689453125,1.3369140625,-1.755859375,1.158203125,1.140625,-1.61328125,1.0244140625
R1156_72,A,72,0.399169921875,-1.5361328125,-0.323486328125,-0.2359619140625,-2.283203125,-0.68115234375,0.0166778564453125,-1.5888671875,-0.91455078125,0.1986083984375,-1.140625,-0.164794921875,-0.12164306640625,-1.5927734375,0.152587890625
R1156_73,U,73,0.802734375,-2.310546875,1.4482421875,0.98291015625,-2.41015625,1.3212890625,0.59716796875,-1.79296875,1.427734375,0.76513671875,-2.421875,1.037109375,1.404296875,-1.9892578125,1.279296875
R1156_74,C,74,1.3466796875,-1.083984375,1.375,1.3486328125,-0.89794921875,1.8935546875,1.279296875,-0.9921875,1.0537109375,1.09375,-1.05859375,0.517578125,1.3271484375,-1.5439453125,1.9931640625
R1156_75,A,75,0.81982421875,-3.029296875,1.23046875,0.7060546875,-2.427734375,0.6806640625,0.47216796875,-2.4609375,-0.0609130859375,0.025299072265625,-1.826171875,0.27587890625,0.64306640625,-2.326171875,0.1893310546875
R1156_76,U,76,1.2744140625,-3.02734375,0.348876953125,1.5009765625,-2.640625,1.0361328125,1.474609375,-3.03515625,0.87841796875,1.765625,-2.962890625,0.57861328125,1.6279296875,-2.841796875,0.5341796875
R1156_77,G,77,0.95458984375,-1.6494140625,0.274169921875,0.70947265625,-1.564453125,-0.00749969482421875,0.8232421875,-1.71484375,0.038421630859375,1.02734375,-1.775390625,-0.407470703125,0.8046875,-1.8076171875,-0.340576171875
R1156_78,U,78,1.0908203125,-3.115234375,1.541015625,0.521484375,-2.994140625,0.9033203125,0.65478515625,-3.2734375,1.5810546875,1.28515625,-2.49609375,0.734375,1.173828125,-2.7578125,1.5009765625
R1156_79,C,79,1.3212890625,-1.3125,0.87255859375,1.2900390625,-1.3388671875,0.7783203125,1.2119140625,-1.6767578125,0.5791015625,0.5048828125,-1.67578125,-0.2445068359375,0.78369140625,-1.310546875,0.149658203125
R1156_80,U,80,1.41796875,-2.470703125,0.50634765625,1.6689453125,-2.6171875,0.8505859375,1.2607421875,-2.244140625,0.99609375,1.3125,-2.5,0.76953125,2.0546875,-2.90625,1.015625
R1156_81,U,81,1.5302734375,-2.3515625,0.93798828125,1.8876953125,-2.546875,1.2548828125,2.0390625,-1.8955078125,1.0732421875,2.333984375,-1.7138671875,1.6005859375,1.6376953125,-2.353515625,1.68359375
R1156_82,U,82,2.51953125,-2.673828125,1.326171875,2.623046875,-2.345703125,1.3955078125,1.875,-2.533203125,1.4208984375,2.140625,-2.033203125,1.724609375,2.615234375,-2.611328125,1.8984375
R1156_83,C,83,3.00390625,-2.451171875,2.439453125,3.44921875,-1.5283203125,1.2001953125,2.671875,-1.0419921875,1.6962890625,3.189453125,-1.263671875,1.541015625,3.591796875,-1.802734375,1.66015625
R1156_84,G,84,2.47265625,-1.1318359375,0.51513671875,2.14453125,-1.6162109375,0.1868896484375,2.064453125,-1.31640625,-0.23291015625,2.361328125,-1.11328125,-0.29931640625,1.62109375,-0.90478515625,-0.466552734375
R1156_85,U,85,2.2109375,-2.34375,0.56201171875,2.677734375,-2.7890625,1.041015625,2.453125,-2.4921875,1.642578125,2.166015625,-1.9375,1.2529296875,2.23828125,-3.373046875,1.7197265625
R1156_86,G,86,0.97265625,-1.6171875,0.49462890625,1.37890625,-1.765625,0.7900390625,1.8251953125,-1.5888671875,0.73876953125,1.3857421875,-1.408203125,0.53173828125,1.4853515625,-1.8984375,0.8779296875
R1156_87,G,87,1.0693359375,-1.451171875,0.50830078125,1.310546875,-1.9521484375,1.044921875,1.08203125,-1.5947265625,0.358642578125,1.4970703125,-1.966796875,0.6591796875,1.8271484375,-2.08984375,0.650390625
R1156_88,C,88,2.009765625,-1.900390625,2.2421875,1.7119140625,-2.595703125,2.291015625,1.8896484375,-2.38671875,2.048828125,1.88671875,-1.9326171875,2.23828125,1.5703125,-2.1484375,2.107421875
R1156_89,U,89,0.365234375,-3.068359375,1.9453125,1.6708984375,-3.32421875,2.48046875,0.5234375,-3.271484375,1.5078125,1.2880859375,-3.599609375,2.37109375,1.0400390625,-3.05859375,2.50390625
R1156_90,G,90,1.2900390625,-1.3486328125,0.98486328125,1.3720703125,-1.2138671875,2.046875,1.26171875,-1.974609375,1.5380859375,0.96142578125,-1.5927734375,0.4765625,1.4013671875,-2.044921875,1.1474609375
R1156_91,G,91,1.330078125,-1.02734375,1.2392578125,0.76953125,-1.6875,0.6533203125,0.86328125,-1.087890625,1.224609375,1.0849609375,-1.693359375,1.0693359375,0.97509765625,-1.9091796875,1.1220703125
R1156_92,U,92,1.94921875,-3.134765625,3.09375,1.4208984375,-3.474609375,2.822265625,1.7275390625,-2.859375,2.35546875,1.521484375,-3.341796875,2.154296875,0.708984375,-3.1328125,2.208984375
R1156_93,G,93,1.2578125,-1.25390625,0.8974609375,1.0966796875,-1.5,1.001953125,1.5791015625,-1.4091796875,1.0107421875,0.89306640625,-1.232421875,0.430419921875,1.2412109375,-1.7900390625,0.70166015625
R1156_94,U,94,1.6845703125,-3.0859375,2.748046875,1.5751953125,-2.490234375,2.88671875,0.951171875,-3.0546875,2.1953125,1.3779296875,-2.931640625,2.07421875,1.0322265625,-2.376953125,2.68359375
R1156_95,G,95,1.34765625,-1.08984375,0.61572265625,0.97265625,-0.7685546875,0.5625,1.6005859375,-1.2119140625,0.75390625,1.6474609375,-1.16796875,0.6181640625,0.8251953125,-1.3564453125,1.05859375
R1156_96,G,96,1.3935546875,-0.76806640625,-0.1307373046875,1.029296875,-1.287109375,0.29931640625,1.306640625,-0.7841796875,0.6669921875,0.86376953125,-1.2099609375,0.88232421875,1.1806640625,-0.658203125,0.685546875
R1156_97,C,97,2.0078125,-1.4150390625,1.9072265625,1.7451171875,-1.251953125,2.203125,2.095703125,-1.1845703125,2.41796875,1.5048828125,-1.9384765625,2.119140625,1.7890625,-1.5244140625,2.236328125
R1156_98,U,98,1.0302734375,-2.52734375,1.9189453125,0.87109375,-2.84375,1.091796875,0.81982421875,-2.353515625,1.720703125,1.0517578125,-2.95703125,1.2841796875,0.497802734375,-2.90625,1.640625
R1156_99,C,99,1.26171875,-2.06640625,2.06640625,2.46875,-2.177734375,2.0078125,1.4921875,-2.216796875,2.322265625,1.79296875,-2.21875,2.126953125,1.8408203125,-2.08203125,2.400390625
R1156_100,C,100,1.4501953125,-2.44140625,1.283203125,2.21875,-2.5703125,2.263671875,1.2509765625,-2.091796875,1.9990234375,1.5751953125,-2.21484375,2.03515625,1.58203125,-2.482421875,2.0234375
R1156_101,U,101,0.54052734375,-3.828125,2.375,0.98095703125,-3.2265625,2.12890625,0.5556640625,-3.53515625,2.205078125,0.7880859375,-3.76171875,2.2265625,1.1318359375,-3.98046875,2.40625
R1156_102,C,102,1.6748046875,-2.328125,2.64453125,1.6279296875,-2.09765625,2.427734375,1.873046875,-2.544921875,2.7421875,1.484375,-1.3837890625,2.259765625,1.3876953125,-1.8095703125,1.755859375
R1156_103,A,103,0.662109375,-2.060546875,0.26953125,0.6640625,-1.265625,0.03240966796875,0.935546875,-1.927734375,0.35205078125,-0.347900390625,-1.4453125,0.26806640625,1.4150390625,-2.22265625,0.9814453125
R1156_104,A,104,1.083984375,-2.083984375,0.77978515625,0.6455078125,-1.93359375,0.96435546875,0.68359375,-1.845703125,0.57861328125,1.1943359375,-1.88671875,0.673828125,0.1392822265625,-1.9208984375,0.61767578125
R1156_105,G,105,1.111328125,-1.029296875,-0.00463104248046875,1.083984375,-1.3603515625,0.459716796875,1.326171875,-0.8779296875,0.042694091796875,0.89599609375,-0.9326171875,0.446533203125,0.76953125,-1.0400390625,0.2314453125
R1156_106,G,106,0.66162109375,-0.95166015625,0.023834228515625,0.66748046875,-1.4521484375,-0.01505279541015625,1.3837890625,-1.42578125,-0.12310791015625,1.21875,-0.95458984375,0.1507568359375,1.25,-1.2587890625,0.422119140625
R1156_107,U,107,1.837890625,-3.1171875,1.205078125,1.974609375,-2.5390625,1.357421875,1.8046875,-2.744140625,1.75390625,1.625,-2.677734375,1.5302734375,1.416015625,-2.52734375,1.2607421875
R1156_108,G,108,1.4013671875,-0.53369140625,-0.130615234375,1.6728515625,-1.552734375,-1.193359375,1.556640625,-0.7958984375,-0.00556182861328125,1.6640625,-0.6396484375,0.494873046875,1.84765625,-1.103515625,-0.310546875
R1156_109,C,109,2.6640625,-1.50390625,1.4287109375,2.287109375,-1.09765625,1.431640625,2.693359375,-1.0791015625,1.5576171875,2.44140625,-1.7333984375,1.3427734375,2.328125,-1.5322265625,0.759765625
R1156_110,G,110,0.9658203125,-1.0595703125,1.099609375,0.60546875,-1.37109375,1.05078125,1.017578125,-1.0009765625,0.57177734375,0.88232421875,-1.2060546875,0.806640625,0.85693359375,-1.1845703125,1.16796875
R1156_111,A,111,0.17626953125,-1.3984375,0.74560546875,-0.06549072265625,-1.5595703125,0.8017578125,-0.2305908203125,-1.0146484375,0.5751953125,-0.1409912109375,-1.3935546875,0.572265625,0.2235107421875,-1.3173828125,0.145263671875
R1156_112,G,112,0.63232421875,-1.6875,1.1708984375,1.1181640625,-1.408203125,0.335693359375,0.6474609375,-1.3515625,0.77490234375,0.60791015625,-1.177734375,0.63427734375,0.73193359375,-1.236328125,0.345703125
R1156_113,G,113,1.08203125,-0.06451416015625,0.623046875,1.009765625,-0.73291015625,1.0400390625,1.60546875,-1.111328125,1.1435546875,1.0849609375,-0.99853515625,1.2001953125,0.67919921875,-0.779296875,0.9169921875
R1156_114,G,114,0.982421875,-0.5673828125,0.69775390625,1.3916015625,-1.2646484375,1.015625,0.56005859375,-1.298828125,0.81201171875,0.5703125,-0.77099609375,-0.05303955078125,1.1357421875,-1.201171875,0.5517578125
R1156_115,G,115,0.92236328125,-0.87890625,1.17578125,1.21484375,-0.319091796875,0.129150390625,1.10546875,-1.1416015625,0.23974609375,1.466796875,-1.072265625,0.76513671875,1.048828125,-1.2666015625,0.583984375
R1156_116,C,116,2.390625,-1.6328125,2.0859375,2.19921875,-1.8310546875,1.630859375,1.7724609375,-1.37890625,1.93359375,1.7802734375,-1.400390625,1.572265625,1.6962890625,-2.16015625,2.53515625
R1156_117,A,117,0.58447265625,-1.341796875,0.1839599609375,0.38671875,-0.79443359375,-0.02197265625,0.86962890625,-0.56103515625,0.63134765625,0.3505859375,-1.6025390625,0.35498046875,0.939453125,-1.5087890625,0.587890625
R1156_118,A,118,0.88916015625,-1.4052734375,1.05859375,0.248779296875,-1.841796875,1.83984375,0.340576171875,-1.6357421875,1.31640625,-0.1591796875,-0.93359375,0.7197265625,0.5859375,-1.0322265625,0.712890625
R1156_119,G,119,0.86962890625,-1.3642578125,0.3447265625,1.052734375,-1.3115234375,0.5673828125,0.81396484375,-1.5791015625,0.751953125,0.32470703125,-1.3564453125,0.48291015625,1.3154296875,-1.787109375,0.703125
R1156_120,U,120,0.81640625,-2.990234375,1.25,1.591796875,-3.337890625,1.4033203125,1.6494140625,-3.45703125,1.599609375,1.115234375,-3.18359375,1.9814453125,1.01171875,-2.646484375,1.24609375
R1156_121,A,121,0.51904296875,-1.1201171875,0.56494140625,0.212646484375,-1.34375,-0.4501953125,0.99267578125,-1.181640625,-0.367919921875,0.272705078125,-1.15234375,-1.2138671875,1.0703125,-1.8759765625,0.265869140625
R1156_122,U,122,0.053436279296875,-2.013671875,0.84228515625,0.94677734375,-3.0390625,1.1865234375,0.371337890625,-2.845703125,0.95703125,0.5615234375,-2.521484375,0.5673828125,1.93359375,-2.640625,0.654296875
R1156_123,A,123,-1.009765625,-0.472900390625,-1.7900390625,-0.498291015625,-0.755859375,-0.541015625,0.138671875,-0.306396484375,-0.84619140625,-0.44482421875,0.1624755859375,-0.92626953125,-0.4150390625,-0.7080078125,-1.2509765625
R1156_124,G,124,0.12286376953125,-0.9833984375,-0.2169189453125,0.11077880859375,-1.177734375,-0.39599609375,0.268310546875,-0.7880859375,-0.299072265625,0.11553955078125,-0.89453125,-0.43994140625,-0.09161376953125,-1.212890625,-0.09747314453125
R1156_125,A,125,0.453369140625,-0.99951171875,0.2861328125,-0.36279296875,-1.779296875,0.1949462890625,-0.2237548828125,-1.541015625,0.48779296875,-0.3486328125,-1.9482421875,-0.1292724609375,-0.39453125,-0.6328125,0.70458984375
R1156_126,G,126,0.7060546875,-0.90966796875,-0.2080078125,0.8046875,-1.646484375,-0.0278778076171875,1.216796875,-1.119140625,-0.6494140625,0.4365234375,-1.837890625,-0.53857421875,1.0576171875,-1.6083984375,0.191162109375
R1156_127,C,127,1.9404296875,-2.42578125,1.1220703125,2.255859375,-2.240234375,0.90673828125,2.658203125,-1.9384765625,0.78173828125,2.0,-1.462890625,1.1640625,1.9912109375,-2.34765625,1.39453125
R1156_128,A,128,-0.1978759765625,-1.875,0.424560546875,0.43701171875,-1.7373046875,0.137939453125,-0.124755859375,-1.361328125,-0.301025390625,0.67724609375,-2.2890625,0.04345703125,0.053253173828125,-2.234375,-0.1517333984375
R1156_129,G,129,0.85498046875,-1.4033203125,-0.4033203125,0.79345703125,-1.4765625,0.332275390625,1.455078125,-2.12109375,-0.416259765625,1.05078125,-1.7744140625,-0.4814453125,0.68310546875,-1.84765625,-0.474853515625
R1156_130,A,130,0.09246826171875,-1.8408203125,0.2347412109375,0.189208984375,-2.052734375,-0.217041015625,-0.286376953125,-0.92626953125,-0.6396484375,-0.338623046875,-1.224609375,0.175537109375,0.429931640625,-2.2265625,1.0146484375
R1156_131,G,131,0.7431640625,-1.6533203125,-0.222412109375,1.0693359375,-2.07421875,0.16357421875,0.84765625,-1.94140625,0.361572265625,0.8251953125,-1.2080078125,0.314697265625,0.143310546875,-2.04296875,-0.059814453125
R1156_132,C,132,1.78125,-1.470703125,1.0029296875,1.810546875,-1.677734375,1.0224609375,1.8974609375,-1.7705078125,1.3251953125,2.115234375,-2.31640625,1.705078125,1.626953125,-1.8125,1.234375
R1156_133,U,133,0.74755859375,-2.984375,0.6982421875,1.099609375,-3.46484375,1.30859375,0.4091796875,-3.744140625,0.97119140625,0.401611328125,-3.67578125,1.0751953125,0.484375,-2.791015625,0.92626953125
R1156_134,C,134,1.291015625,-2.837890625,1.6416015625,1.216796875,-2.2734375,0.90869140625,2.16015625,-2.57421875,0.97802734375,1.4560546875,-2.111328125,0.677734375,1.7763671875,-2.373046875,0.41845703125
R1156_135,C,135,1.291015625,-2.423828125,0.7314453125,1.46875,-1.9384765625,0.6142578125,1.7470703125,-2.08984375,0.5185546875,1.484375,-2.24609375,0.402587890625,1.1806640625,-2.68359375,0.5732421875
R1189_1,G,1,0.80126953125,-1.78125,-0.313720703125,1.2509765625,-1.728515625,0.2939453125,1.4013671875,-1.025390625,0.5859375,1.8056640625,-1.98046875,0.36376953125,1.009765625,-1.5791015625,0.85498046875
R1189_2,C,2,2.103515625,-2.484375,2.12890625,2.373046875,-1.49609375,1.1767578125,1.900390625,-2.595703125,2.509765625,2.177734375,-1.4580078125,2.24609375,1.93359375,-2.103515625,1.7705078125
R1189_3,G,3,1.6865234375,-1.4423828125,-0.20751953125,1.2900390625,-0.7412109375,-0.20263671875,1.5341796875,-1.05859375,0.12322998046875,1.119140625,-1.365234375,0.28076171875,1.6259765625,-1.4248046875,-0.0225982666015625
R1189_4,U,4,1.818359375,-3.025390625,2.14453125,0.853515625,-2.427734375,1.828125,1.6279296875,-2.8984375,1.6826171875,1.6328125,-2.875,1.87109375,0.58447265625,-2.650390625,1.919921875
R1189_5,A,5,1.708984375,-1.6181640625,0.57763671875,1.0478515625,-1.62890625,0.3466796875,1.2822265625,-1.66015625,0.09686279296875,1.81640625,-1.9150390625,0.322265625,1.806640625,-1.3115234375,0.173583984375
R1189_6,C,6,3.05859375,-2.205078125,1.8642578125,3.044921875,-2.0703125,1.7880859375,2.884765625,-2.84375,1.962890625,3.16796875,-2.08203125,1.765625,3.029296875,-2.623046875,1.9619140625
R1189_7,A,7,1.6884765625,-2.345703125,-0.51318359375,1.4189453125,-2.748046875,0.5498046875,1.4638671875,-2.580078125,0.67138671875,1.5908203125,-2.498046875,0.174072265625,1.4072265625,-2.36328125,1.3720703125
R1189_8,G,8,1.681640625,-2.291015625,0.46044921875,1.783203125,-2.609375,0.49951171875,2.212890625,-2.466796875,0.720703125,2.14453125,-2.103515625,0.7734375,1.9794921875,-2.5625,0.228759765625
R1189_9,G,9,2.044921875,-2.595703125,1.0546875,1.6064453125,-2.748046875,0.87890625,2.125,-2.845703125,0.453125,1.40625,-2.2890625,0.88330078125,1.57421875,-2.955078125,0.347900390625
R1189_10,G,10,1.0234375,-2.19140625,-0.43310546875,1.4443359375,-2.79296875,-0.1976318359375,1.78125,-2.787109375,0.458740234375,1.7548828125,-2.642578125,-0.06890869140625,1.720703125,-2.96484375,0.5712890625
R1189_11,A,11,1.248046875,-3.1640625,-0.66064453125,1.435546875,-3.865234375,-0.374755859375,1.0302734375,-3.228515625,0.890625,1.0498046875,-3.4453125,0.0138397216796875,0.646484375,-2.564453125,-0.023956298828125
R1189_12,A,12,2.271484375,-3.908203125,0.2003173828125,1.3486328125,-3.068359375,-0.253173828125,1.9189453125,-4.20703125,-0.1405029296875,2.3984375,-2.99609375,0.99853515625,1.9921875,-3.09765625,-0.353759765625
R1189_13,C,13,3.19921875,-3.44921875,0.8359375,3.173828125,-3.13671875,1.5322265625,3.4296875,-2.416015625,1.08984375,3.478515625,-2.791015625,0.476318359375,3.203125,-2.67578125,0.8759765625
R1189_14,A,14,1.904296875,-2.97265625,-0.22412109375,1.5673828125,-2.94140625,-0.0250244140625,1.6005859375,-3.22265625,-0.1373291015625,1.552734375,-3.3203125,-0.2376708984375,1.6875,-2.005859375,-0.65771484375
R1189_15,C,15,3.79296875,-3.24609375,2.185546875,3.001953125,-3.171875,2.140625,2.87890625,-2.95703125,1.591796875,3.203125,-2.716796875,1.4208984375,3.625,-3.283203125,0.433837890625
R1189_16,G,16,1.6669921875,-3.15625,-0.10174560546875,2.138671875,-2.72265625,-0.05255126953125,2.044921875,-2.171875,-1.0009765625,2.21484375,-2.294921875,-0.912109375,2.59765625,-2.25,0.135498046875
R1189_17,C,17,3.13671875,-3.279296875,2.45703125,3.29296875,-3.412109375,1.4580078125,3.3828125,-3.087890625,1.453125,3.18359375,-2.640625,0.8173828125,3.181640625,-3.091796875,2.0859375
R1189_18,A,18,1.8193359375,-2.73046875,-0.81201171875,1.923828125,-2.93359375,-1.4638671875,2.267578125,-2.919921875,-1.0791015625,1.8173828125,-2.51171875,-1.1962890625,2.11328125,-3.52734375,-0.66943359375
R1189_19,A,19,2.01953125,-3.07421875,-0.95703125,2.87890625,-2.451171875,-0.267578125,2.470703125,-3.21875,-0.9267578125,2.857421875,-3.220703125,-0.61376953125,3.052734375,-2.85546875,-0.79150390625
R1189_20,C,20,3.25390625,-3.2265625,1.021484375,4.03125,-2.46875,1.37109375,3.068359375,-2.638671875,1.7529296875,3.314453125,-3.3515625,1.4560546875,3.841796875,-3.18359375,0.75146484375
R1189_21,C,21,3.2265625,-2.087890625,0.7177734375,2.685546875,-2.68359375,1.578125,3.158203125,-1.740234375,1.0234375,3.072265625,-2.798828125,0.443603515625,2.625,-2.728515625,1.44921875
R1189_22,C,22,3.041015625,-1.9609375,1.4462890625,3.095703125,-1.798828125,0.95556640625,2.9296875,-2.25390625,1.150390625,2.70703125,-1.6494140625,0.607421875,2.583984375,-1.8935546875,1.1650390625
R1189_23,C,23,2.494140625,-1.2333984375,1.2646484375,2.07421875,-1.7392578125,1.5087890625,2.955078125,-1.6552734375,1.724609375,2.455078125,-1.3720703125,1.115234375,2.708984375,-1.703125,1.3564453125
R1189_24,G,24,2.423828125,-1.7685546875,-0.156494140625,2.4921875,-1.9111328125,0.75439453125,2.185546875,-1.6845703125,0.8896484375,2.06640625,-1.3359375,0.2066650390625,2.6875,-1.2626953125,0.3603515625
R1189_25,A,25,2.021484375,-2.400390625,0.006305694580078125,2.24609375,-2.287109375,0.50341796875,1.7373046875,-2.365234375,0.1773681640625,1.986328125,-1.6943359375,0.177978515625,1.9677734375,-2.423828125,0.73095703125
R1189_26,A,26,2.123046875,-2.56640625,-0.0775146484375,2.666015625,-2.208984375,-0.2030029296875,2.36328125,-2.115234375,-0.345458984375,2.658203125,-2.74609375,0.10430908203125,1.5986328125,-1.9638671875,0.046356201171875
R1189_27,G,27,2.6875,-1.654296875,-0.814453125,2.765625,-1.2294921875,-0.005527496337890625,3.353515625,-1.9814453125,-0.517578125,3.0,-2.294921875,-0.68505859375,3.47265625,-1.6953125,-0.86865234375
R1189_28,G,28,2.515625,-1.8046875,-0.59912109375,3.056640625,-2.01171875,-1.017578125,2.79296875,-1.896484375,-0.7744140625,2.37890625,-2.005859375,-0.91259765625,2.66015625,-1.4345703125,-0.4892578125
R1189_29,A,29,0.7822265625,-2.001953125,-0.87939453125,1.14453125,-2.64453125,-0.7041015625,1.521484375,-1.5732421875,-0.75830078125,0.78515625,-1.44140625,-0.66796875,1.6123046875,-1.9775390625,-0.50537109375
R1189_30,U,30,0.365234375,-3.158203125,1.02734375,1.04296875,-2.9140625,1.26953125,0.422119140625,-2.318359375,0.83203125,1.275390625,-3.298828125,1.4912109375,0.7841796875,-3.587890625,1.6142578125
R1189_31,C,31,2.10546875,-2.654296875,0.5263671875,2.0703125,-2.056640625,1.537109375,1.91015625,-1.33203125,1.376953125,2.216796875,-2.458984375,1.583984375,1.96484375,-2.064453125,1.3896484375
R1189_32,G,32,1.7958984375,-1.80078125,-0.830078125,1.6396484375,-1.509765625,-0.388427734375,1.6708984375,-1.740234375,-0.68798828125,1.99609375,-1.9404296875,-0.10406494140625,1.703125,-2.2421875,0.38916015625
R1189_33,G,33,1.705078125,-1.8056640625,-0.58642578125,1.59375,-1.7646484375,-0.104248046875,1.8759765625,-1.62109375,-0.2003173828125,1.646484375,-1.7314453125,-0.9033203125,2.01171875,-1.55859375,-0.5546875
R1189_34,G,34,1.0576171875,-1.3125,-0.07550048828125,0.93212890625,-1.70703125,-0.11395263671875,0.92041015625,-1.7890625,-0.03167724609375,2.23046875,-1.4404296875,-0.71630859375,1.841796875,-1.69140625,-0.60791015625
R1189_35,G,35,0.80126953125,-1.357421875,-0.50439453125,1.3935546875,-1.6142578125,-0.65966796875,1.48046875,-1.732421875,-0.90380859375,1.2373046875,-1.3515625,-1.04296875,1.126953125,-1.818359375,-0.412109375
R1189_36,A,36,1.04296875,-1.39453125,0.20068359375,0.6953125,-1.095703125,-1.27734375,1.103515625,-1.357421875,0.3525390625,0.5859375,-1.9921875,-0.1160888671875,0.76318359375,-1.5283203125,-0.1875
R1189_37,A,37,0.5126953125,-1.103515625,1.259765625,0.361572265625,-1.2294921875,0.467041015625,0.47412109375,-1.2451171875,0.1761474609375,0.8662109375,-1.0888671875,0.35400390625,0.381103515625,-1.2783203125,-0.111083984375
R1189_38,G,38,1.5458984375,-1.46484375,0.359375,1.640625,-1.0302734375,0.36328125,1.39453125,-1.3369140625,0.85205078125,1.908203125,-1.123046875,0.281494140625,1.716796875,-1.2587890625,0.58251953125
R1189_39,G,39,1.919921875,-1.095703125,0.0697021484375,1.751953125,-1.1982421875,0.9091796875,1.4697265625,-1.16015625,0.347412109375,1.513671875,-0.974609375,0.032440185546875,2.107421875,-1.2802734375,0.81884765625
R1189_40,G,40,1.509765625,-1.01171875,-0.44482421875,1.2392578125,-1.48046875,-0.7509765625,1.89453125,-1.0234375,-0.54833984375,1.7568359375,-1.4443359375,0.05712890625,1.6240234375,-0.52783203125,-0.1904296875
R1189_41,A,41,0.876953125,-1.6142578125,-1.056640625,0.92138671875,-1.2646484375,-0.53076171875,0.68408203125,-1.271484375,-0.79150390625,0.490966796875,-1.6708984375,-0.66748046875,0.505859375,-1.2353515625,-1.013671875
R1189_42,C,42,2.40625,-1.6220703125,0.69140625,1.8330078125,-1.9443359375,0.42724609375,2.541015625,-1.55859375,0.69970703125,2.61328125,-1.4033203125,-0.14892578125,2.427734375,-1.216796875,0.370361328125
R1189_43,G,43,1.072265625,-1.8720703125,-0.1412353515625,1.6279296875,-1.6044921875,-0.7177734375,1.3232421875,-1.484375,-0.81689453125,1.9248046875,-1.6669921875,-0.4404296875,1.38671875,-0.7998046875,-0.09417724609375
R1189_44,U,44,0.424560546875,-2.453125,0.412353515625,0.8330078125,-2.701171875,0.96240234375,0.73583984375,-2.6953125,0.373291015625,0.39404296875,-2.09765625,1.083984375,1.009765625,-2.681640625,0.89990234375
R1189_45,C,45,1.369140625,-0.9619140625,0.445556640625,0.873046875,-1.53125,0.9814453125,2.1640625,-1.21484375,0.5380859375,1.6982421875,-1.3896484375,0.1021728515625,1.6943359375,-1.4833984375,0.486572265625
R1189_46,G,46,1.048828125,-1.3125,-1.255859375,1.3857421875,-0.712890625,-1.5517578125,1.0703125,-0.55810546875,-1.84375,1.115234375,-0.8603515625,-1.3916015625,1.162109375,-0.476806640625,-1.17578125
R1189_47,C,47,1.57421875,-1.4326171875,0.0765380859375,1.5888671875,-1.4921875,-0.462890625,1.9365234375,-1.015625,0.66748046875,2.078125,-0.865234375,-0.058807373046875,0.73095703125,-1.2607421875,0.159423828125
R1189_48,C,48,1.6064453125,-2.125,0.78369140625,2.068359375,-2.189453125,-0.233642578125,1.392578125,-1.970703125,0.515625,1.1376953125,-1.5712890625,0.281005859375,1.9931640625,-2.173828125,0.841796875
R1189_49,A,49,0.55615234375,-1.7421875,-0.51513671875,0.3642578125,-1.669921875,-1.3349609375,1.0751953125,-1.568359375,-0.468017578125,0.58154296875,-1.53125,-0.6806640625,0.294921875,-1.580078125,-0.82568359375
R1189_50,G,50,1.822265625,-1.80859375,-0.397216796875,1.8212890625,-1.8798828125,-0.70068359375,1.6591796875,-2.123046875,0.20263671875,2.078125,-1.9296875,0.201416015625,2.41015625,-2.2265625,0.004077911376953125
R1189_51,G,51,2.19140625,-2.7734375,0.56298828125,1.4375,-2.119140625,-0.411865234375,2.162109375,-2.099609375,0.89404296875,2.263671875,-1.7822265625,0.2371826171875,2.05078125,-2.3125,0.298583984375
R1189_52,G,52,1.826171875,-1.5732421875,0.88232421875,2.20703125,-2.564453125,1.1806640625,2.451171875,-1.904296875,0.521484375,1.81640625,-2.240234375,-0.1614990234375,1.578125,-1.6455078125,0.175537109375
R1189_53,A,53,0.427734375,-2.4140625,0.177490234375,1.056640625,-1.740234375,1.2470703125,0.87158203125,-2.60546875,1.5849609375,0.673828125,-2.138671875,0.529296875,0.74755859375,-2.064453125,0.73974609375
R1189_54,G,54,0.80029296875,-1.5791015625,0.9130859375,1.2939453125,-1.91796875,1.068359375,1.46484375,-1.60546875,1.0419921875,0.919921875,-2.1953125,0.66259765625,0.74169921875,-1.9384765625,0.8291015625
R1189_55,G,55,0.2890625,-2.154296875,0.437744140625,0.47216796875,-1.7763671875,0.0811767578125,0.9287109375,-2.294921875,0.20849609375,0.57568359375,-2.16015625,1.603515625,0.943359375,-2.515625,0.6318359375
R1189_56,C,56,2.10546875,-2.40234375,2.27734375,2.26953125,-2.828125,1.9638671875,1.962890625,-2.451171875,2.2109375,2.0078125,-2.3671875,2.087890625,1.91796875,-2.6171875,1.9736328125
R1189_57,G,57,0.59619140625,-2.541015625,0.047149658203125,0.402099609375,-2.25,-0.415283203125,0.9208984375,-1.927734375,0.953125,0.6787109375,-1.982421875,0.271484375,0.8154296875,-1.5859375,0.5693359375
R1189_58,A,58,0.11785888671875,-2.197265625,0.66015625,0.271728515625,-1.8408203125,-0.1956787109375,0.84375,-2.78125,1.287109375,0.208251953125,-2.171875,0.544921875,-0.2364501953125,-2.23828125,-0.29345703125
R1189_59,U,59,0.8134765625,-3.26171875,1.77734375,0.7548828125,-3.287109375,2.015625,0.75048828125,-2.91015625,1.962890625,0.712890625,-2.671875,1.7255859375,0.40771484375,-2.802734375,1.984375
R1189_60,U,60,0.09307861328125,-3.337890625,2.275390625,0.4697265625,-2.349609375,1.4921875,0.58544921875,-2.87890625,1.748046875,0.1846923828125,-2.529296875,1.5234375,0.45849609375,-2.171875,1.8232421875
R1189_61,C,61,1.88671875,-3.158203125,3.052734375,1.65234375,-1.912109375,2.046875,1.3583984375,-2.677734375,2.166015625,1.5703125,-2.45703125,2.22265625,1.068359375,-2.35546875,1.7021484375
R1189_62,C,62,1.458984375,-2.734375,2.158203125,1.8427734375,-2.462890625,1.419921875,1.4150390625,-2.7109375,2.03125,1.552734375,-3.126953125,2.783203125,1.2880859375,-3.083984375,2.453125
R1189_63,A,63,0.70556640625,-2.103515625,0.341796875,1.0556640625,-2.857421875,0.70849609375,1.0322265625,-2.185546875,0.2587890625,0.345458984375,-2.69140625,0.66748046875,1.01171875,-2.322265625,0.6484375
R1189_64,U,64,0.9443359375,-3.298828125,1.5986328125,1.2509765625,-3.30078125,1.5400390625,1.3173828125,-3.45703125,2.10546875,0.66943359375,-3.216796875,1.67578125,0.73828125,-3.62109375,1.9677734375
R1189_65,C,65,1.7060546875,-2.87109375,2.5,1.5166015625,-2.86328125,1.9345703125,1.5654296875,-2.50390625,2.23828125,1.564453125,-2.291015625,2.4140625,2.48046875,-2.55859375,2.595703125
R1189_66,A,66,-0.59716796875,-2.01953125,-0.09063720703125,-0.471923828125,-2.447265625,-0.017852783203125,0.52685546875,-1.5595703125,0.489501953125,0.27685546875,-2.81640625,1.0341796875,-0.1650390625,-2.291015625,0.484619140625
R1189_67,G,67,0.491455078125,-1.845703125,0.368408203125,0.5224609375,-2.255859375,0.52490234375,0.178955078125,-1.447265625,0.537109375,0.32666015625,-2.5390625,1.1669921875,0.82080078125,-2.1796875,0.89501953125
R1189_68,G,68,0.7861328125,-1.927734375,0.298828125,0.70166015625,-1.83203125,0.4853515625,0.97998046875,-2.392578125,0.8779296875,0.63623046875,-1.5029296875,0.248291015625,0.93408203125,-1.83203125,1.1259765625
R1189_69,A,69,0.27197265625,-2.34765625,0.390869140625,0.0767822265625,-2.091796875,0.497314453125,0.499755859375,-2.38671875,-0.1658935546875,0.3544921875,-1.90234375,0.007671356201171875,0.10125732421875,-2.048828125,-0.036590576171875
R1189_70,U,70,1.251953125,-2.58203125,0.599609375,1.169921875,-2.94921875,0.94140625,1.51171875,-2.3671875,1.4990234375,1.5224609375,-3.654296875,1.4384765625,1.400390625,-3.037109375,0.71826171875
R1189_71,G,71,1.2080078125,-1.673828125,-1.521484375,1.4306640625,-1.73046875,-1.33984375,1.361328125,-2.185546875,-0.5283203125,1.5771484375,-1.8701171875,-1.4326171875,1.3642578125,-1.2900390625,-0.69580078125
R1189_72,A,72,0.0849609375,-1.2080078125,-1.0556640625,0.42236328125,-1.65234375,-0.927734375,0.251953125,-1.0029296875,-0.177734375,0.42529296875,-0.9755859375,-0.6328125,0.52880859375,-0.304443359375,-0.650390625
R1189_73,U,73,1.6435546875,-1.8447265625,1.208984375,1.685546875,-1.978515625,1.6650390625,1.421875,-1.7646484375,0.89599609375,0.6435546875,-2.439453125,1.013671875,1.2646484375,-2.5390625,0.68798828125
R1189_74,G,74,1.6025390625,-0.79931640625,0.2423095703125,1.7490234375,-1.1796875,0.1597900390625,1.6171875,-0.701171875,0.65234375,1.103515625,-1.314453125,0.2900390625,1.0927734375,-0.943359375,-0.015106201171875
R1189_75,A,75,0.927734375,-1.1826171875,0.300537109375,0.0596923828125,-0.53662109375,0.16650390625,0.482421875,-1.8603515625,-0.1666259765625,0.19921875,-0.978515625,0.06329345703125,0.309814453125,-0.72119140625,0.310791015625
R1189_76,C,76,2.0234375,-1.6337890625,0.99365234375,2.193359375,-1.8505859375,1.4287109375,2.279296875,-2.30859375,1.0185546875,2.576171875,-1.4365234375,0.783203125,2.244140625,-1.357421875,1.501953125
R1189_77,G,77,2.26953125,-1.30859375,-0.8740234375,1.443359375,-0.9853515625,-0.433349609375,1.51171875,-1.451171875,-1.0419921875,1.1884765625,-1.6728515625,-1.1474609375,1.0625,-1.2666015625,-0.8896484375
R1189_78,A,78,0.388916015625,-1.1552734375,-0.8515625,0.7734375,-1.271484375,-0.75830078125,0.38037109375,-1.8525390625,-0.30419921875,0.97314453125,-1.6474609375,-0.77197265625,-0.064208984375,-1.5185546875,-1.03125
R1189_79,G,79,1.5224609375,-1.16796875,-0.6259765625,1.83984375,-0.8154296875,-0.916015625,1.56640625,-0.74462890625,-0.321533203125,1.58984375,-1.4404296875,-0.6669921875,1.2080078125,-1.333984375,-0.41357421875
R1189_80,G,80,1.6083984375,-0.97314453125,-0.59375,1.3076171875,-1.2666015625,-0.432373046875,1.7158203125,-1.2734375,-1.0419921875,1.8984375,-0.87548828125,-0.1387939453125,1.966796875,-1.62109375,-1.009765625
R1189_81,G,81,1.876953125,-1.31640625,0.141845703125,2.201171875,-1.525390625,-0.33203125,1.9150390625,-1.0068359375,0.35205078125,2.470703125,-0.857421875,0.5283203125,1.6279296875,-1.0927734375,-0.31396484375
R1189_82,A,82,1.23828125,-1.033203125,0.6103515625,0.80712890625,-1.2998046875,0.478759765625,0.6435546875,-1.0625,0.57861328125,0.69921875,-0.86767578125,0.424072265625,0.444091796875,0.11871337890625,-0.460205078125
R1189_83,C,83,3.4921875,-1.9580078125,2.79296875,2.62890625,-1.7685546875,2.271484375,3.697265625,-2.017578125,2.88671875,2.763671875,-2.1953125,2.0703125,2.640625,-1.306640625,2.171875
R1189_84,U,84,2.97265625,-3.44921875,1.7177734375,2.154296875,-3.267578125,1.3271484375,2.16796875,-3.05859375,1.8330078125,2.365234375,-2.73046875,1.310546875,2.7890625,-2.87890625,1.900390625
R1189_85,G,85,2.0546875,-1.369140625,0.441650390625,1.83984375,-0.90625,-0.0736083984375,1.7880859375,-0.9267578125,0.7744140625,1.919921875,-1.703125,-0.4189453125,1.873046875,-1.599609375,0.252685546875
R1189_86,A,86,0.95654296875,-2.005859375,0.50634765625,0.484375,-2.181640625,0.0164642333984375,0.5703125,-2.55859375,0.1495361328125,1.4267578125,-2.060546875,0.970703125,0.23193359375,-1.5498046875,0.4765625
R1189_87,A,87,0.908203125,-2.33203125,1.97265625,0.78515625,-2.4453125,1.3681640625,0.83984375,-2.91015625,0.259765625,-0.426025390625,-1.740234375,0.53662109375,0.515625,-2.115234375,0.1807861328125
R1189_88,G,88,0.49951171875,-1.685546875,0.611328125,1.064453125,-1.5283203125,1.1396484375,1.564453125,-2.583984375,1.2607421875,1.3525390625,-1.8173828125,0.43408203125,1.814453125,-2.30078125,1.033203125
R1189_89,A,89,0.306396484375,-2.53125,2.0078125,0.0161590576171875,-2.423828125,1.25,0.0265960693359375,-1.498046875,0.85498046875,0.7333984375,-3.16015625,1.681640625,0.708984375,-2.0546875,0.78076171875
R1189_90,G,90,1.4814453125,-1.154296875,0.98095703125,1.0595703125,-1.6923828125,0.9345703125,1.6689453125,-1.6416015625,1.4892578125,1.025390625,-1.703125,0.67529296875,0.95263671875,-1.7080078125,1.0009765625
R1189_91,U,91,1.908203125,-3.38671875,2.375,1.873046875,-2.890625,1.40625,1.78125,-2.57421875,1.5107421875,2.283203125,-2.810546875,1.9677734375,1.7314453125,-2.9140625,1.9228515625
R1189_92,G,92,0.9384765625,-1.3291015625,0.430908203125,1.6875,-1.708984375,1.01953125,1.2041015625,-1.17578125,0.87109375,1.5908203125,-1.3349609375,1.1630859375,1.5302734375,-1.2451171875,0.9755859375
R1189_93,G,93,1.0625,-1.75,1.24609375,1.5361328125,-1.7021484375,2.119140625,1.408203125,-1.359375,0.94482421875,1.478515625,-1.26171875,1.376953125,1.619140625,-1.220703125,1.7236328125
R1189_94,G,94,1.0146484375,-1.4287109375,0.66796875,1.26171875,-1.9404296875,0.79296875,1.431640625,-1.3818359375,1.2333984375,1.8642578125,-1.23828125,1.3818359375,1.0810546875,-1.7001953125,1.5380859375
R1189_95,C,95,2.04296875,-1.2294921875,3.44140625,2.15234375,-1.5263671875,2.88671875,1.8701171875,-1.8779296875,3.28515625,2.4453125,-1.5361328125,3.00390625,2.43359375,-1.734375,2.759765625
R1189_96,G,96,0.445068359375,-0.79443359375,0.93603515625,1.2939453125,-1.748046875,0.80712890625,0.73046875,-0.841796875,0.927734375,0.67578125,-1.041015625,0.1644287109375,1.10546875,-0.63037109375,0.0013914108276367188
R1189_97,G,97,0.927734375,-1.4873046875,0.6064453125,1.1064453125,-0.92041015625,0.407470703125,1.4697265625,-1.5888671875,0.70361328125,1.4423828125,-1.24609375,1.5693359375,1.2275390625,-0.75830078125,0.85107421875
R1189_98,G,98,1.515625,-1.384765625,0.6611328125,0.73828125,-1.869140625,1.42578125,1.025390625,-0.93359375,0.4990234375,0.71826171875,-1.48046875,0.671875,1.1513671875,-1.6103515625,0.8232421875
R1189_99,G,99,1.1630859375,-1.8701171875,1.1787109375,1.396484375,-1.681640625,1.4052734375,1.0244140625,-2.197265625,1.45703125,0.87158203125,-1.7607421875,0.70166015625,0.78369140625,-1.7099609375,1.166015625
R1189_100,U,100,0.57861328125,-3.61328125,1.951171875,0.6201171875,-4.60546875,2.609375,0.962890625,-3.3828125,1.9951171875,0.78857421875,-4.4609375,2.2890625,0.5947265625,-3.90234375,2.654296875
R1189_101,A,101,0.0743408203125,-2.052734375,-0.1170654296875,0.32470703125,-1.677734375,0.69140625,0.72021484375,-2.435546875,1.1142578125,0.1578369140625,-2.236328125,0.52685546875,0.50830078125,-2.04296875,1.337890625
R1189_102,A,102,0.11553955078125,-1.1337890625,0.7265625,0.42724609375,-1.69140625,1.123046875,0.4814453125,-2.1953125,0.334228515625,0.603515625,-2.0234375,0.166015625,0.0711669921875,-1.3994140625,0.2220458984375
R1189_103,U,103,1.3916015625,-3.078125,1.58984375,1.57421875,-3.5234375,2.232421875,1.701171875,-3.11328125,2.087890625,1.3623046875,-3.603515625,2.326171875,1.966796875,-2.71484375,1.5703125
R1189_104,A,104,0.9541015625,-2.22265625,0.9853515625,0.334716796875,-1.4013671875,1.3837890625,0.86962890625,-2.392578125,1.2939453125,0.31494140625,-1.0380859375,0.493896484375,0.6884765625,-2.15234375,0.55078125
R1189_105,C,105,1.12890625,-1.5224609375,1.9365234375,1.466796875,-1.767578125,1.6064453125,1.11328125,-2.083984375,2.171875,1.265625,-1.9033203125,2.142578125,1.37109375,-1.8974609375,1.7568359375
R1189_106,C,106,2.150390625,-1.884765625,1.822265625,1.6923828125,-1.9228515625,1.9443359375,1.6728515625,-1.7138671875,2.021484375,1.6201171875,-1.9111328125,2.390625,1.63671875,-1.6357421875,1.4208984375
R1189_107,C,107,2.177734375,-1.9228515625,2.001953125,1.783203125,-1.6279296875,1.6943359375,2.177734375,-1.9111328125,2.05859375,2.037109375,-1.4609375,1.5947265625,1.802734375,-1.2900390625,1.470703125
R1189_108,C,108,2.126953125,-1.537109375,1.7900390625,2.2734375,-1.166015625,1.7646484375,2.0703125,-1.68359375,2.18359375,2.560546875,-2.212890625,2.70703125,2.154296875,-1.30078125,1.5556640625
R1189_109,G,109,1.1318359375,-1.416015625,0.69921875,1.5595703125,-1.1474609375,0.84716796875,1.244140625,-1.6435546875,1.0859375,0.7939453125,-1.4853515625,0.87255859375,1.4794921875,-2.00390625,0.7763671875
R1189_110,C,110,1.4599609375,-1.0400390625,2.3125,1.2822265625,-1.0029296875,2.341796875,1.2294921875,-0.578125,1.3681640625,1.5859375,-1.30859375,2.177734375,1.619140625,-0.861328125,1.7841796875
R1189_111,C,111,1.5654296875,-1.046875,2.0625,2.052734375,-1.203125,1.994140625,1.6650390625,-0.94677734375,1.9677734375,1.6513671875,-0.9287109375,1.9619140625,1.4560546875,-0.51611328125,2.3125
R1189_112,C,112,1.72265625,-1.005859375,2.283203125,1.8798828125,-1.279296875,2.037109375,1.75390625,-0.493408203125,1.8291015625,1.7666015625,-1.3125,1.58984375,2.251953125,-1.0703125,1.6484375
R1189_113,C,113,1.5380859375,-1.384765625,1.892578125,2.09765625,-1.1474609375,1.7529296875,2.302734375,-1.5390625,1.6796875,2.431640625,-0.57080078125,1.615234375,2.197265625,-1.5146484375,1.4658203125
R1189_114,U,114,1.53125,-2.466796875,2.25,1.521484375,-3.115234375,2.07421875,1.05078125,-2.34375,2.2578125,0.64111328125,-2.21484375,1.5673828125,1.34375,-3.1875,2.490234375
R1189_115,U,115,1.275390625,-2.919921875,2.236328125,1.2158203125,-2.64453125,1.0263671875,1.580078125,-2.34375,2.14453125,1.197265625,-2.71875,1.75,0.464111328125,-2.9453125,2.328125
R1189_116,U,116,1.23046875,-2.93359375,2.330078125,1.484375,-2.779296875,2.1484375,1.5458984375,-2.716796875,2.125,1.654296875,-3.390625,2.037109375,2.18359375,-3.408203125,2.40625
R1189_117,U,117,2.146484375,-2.75,2.09765625,1.232421875,-3.376953125,1.26171875,1.5087890625,-2.98828125,2.03515625,1.2216796875,-2.681640625,1.5869140625,2.037109375,-3.408203125,1.8671875
R1189_118,U,118,1.5673828125,-3.6484375,2.26953125,1.5478515625,-3.1015625,1.5517578125,1.166015625,-3.783203125,2.396484375,1.6767578125,-3.029296875,2.34765625,0.79248046875,-2.783203125,2.310546875
R1190_1,G,1,1.5283203125,-1.650390625,-0.21484375,1.0703125,-1.765625,0.88916015625,1.7705078125,-1.7568359375,0.65380859375,0.81396484375,-2.072265625,0.8134765625,1.3115234375,-1.3603515625,0.1861572265625
R1190_2,C,2,1.4970703125,-2.31640625,2.0859375,2.2578125,-1.61328125,1.77734375,1.2734375,-1.736328125,2.43359375,1.5478515625,-1.4345703125,1.06640625,1.4814453125,-1.455078125,2.232421875
R1190_3,G,3,1.0185546875,-0.7197265625,0.38818359375,1.671875,-1.2392578125,0.748046875,1.7705078125,-0.83056640625,0.251220703125,1.25,-0.5322265625,-0.06683349609375,1.6484375,-1.189453125,0.25048828125
R1190_4,U,4,1.4111328125,-2.873046875,1.5810546875,1.0625,-2.427734375,1.314453125,0.70654296875,-2.681640625,1.7587890625,1.0556640625,-2.87890625,2.103515625,1.3818359375,-3.2578125,2.0234375
R1190_5,A,5,1.69921875,-2.119140625,0.053466796875,1.8369140625,-1.6923828125,0.07763671875,1.8720703125,-1.91796875,0.126708984375,1.65625,-1.5859375,0.260986328125,2.029296875,-2.037109375,0.319580078125
R1190_6,C,6,3.00390625,-1.5400390625,1.1220703125,3.056640625,-2.5390625,1.95703125,3.248046875,-3.1875,2.283203125,2.958984375,-2.490234375,1.5791015625,3.23046875,-1.71484375,1.4091796875
R1190_7,A,7,0.95751953125,-1.904296875,0.623046875,1.234375,-1.890625,0.55712890625,1.7578125,-2.3359375,1.3857421875,1.30078125,-1.9599609375,0.324462890625,1.60546875,-2.2578125,1.0595703125
R1190_8,G,8,1.5859375,-1.771484375,-0.10015869140625,1.8623046875,-2.0703125,0.939453125,1.9921875,-2.0859375,0.57666015625,1.7724609375,-2.259765625,0.274169921875,2.052734375,-2.208984375,0.129638671875
R1190_9,G,9,1.916015625,-2.95703125,0.84228515625,1.693359375,-2.357421875,0.494140625,1.7822265625,-2.38671875,-0.1495361328125,1.84375,-2.3515625,-0.03997802734375,1.5458984375,-2.2890625,1.0546875
R1190_10,G,10,1.9794921875,-2.310546875,0.202880859375,1.5478515625,-1.9267578125,-0.333984375,1.2890625,-3.150390625,0.1090087890625,1.8017578125,-2.16796875,-0.986328125,1.4296875,-2.39453125,-0.032379150390625
R1190_11,A,11,1.4052734375,-4.21484375,-0.19677734375,1.3515625,-4.3515625,-0.71435546875,0.98876953125,-3.1875,0.185302734375,1.2431640625,-3.8984375,0.46923828125,1.31640625,-3.025390625,0.2342529296875
R1190_12,A,12,1.53125,-4.30078125,0.196533203125,2.185546875,-3.421875,-0.2215576171875,1.025390625,-3.734375,-0.62939453125,1.0849609375,-3.46875,-0.8505859375,1.6064453125,-3.158203125,-0.54296875
R1190_13,C,13,3.08984375,-2.703125,1.2939453125,3.4453125,-3.310546875,0.5703125,3.193359375,-3.150390625,1.4521484375,3.853515625,-2.908203125,0.634765625,2.9140625,-3.1171875,0.88525390625
R1190_14,A,14,1.875,-3.556640625,-0.2332763671875,1.6318359375,-3.015625,-0.1671142578125,1.8349609375,-2.86328125,-0.006038665771484375,2.2421875,-4.09375,-0.266845703125,1.6943359375,-3.30859375,-0.380126953125
R1190_15,C,15,2.748046875,-3.15625,1.2724609375,2.953125,-3.271484375,1.3994140625,2.91796875,-3.125,2.375,2.37890625,-2.923828125,2.037109375,3.576171875,-2.822265625,1.095703125
R1190_16,G,16,1.9501953125,-2.22265625,0.2392578125,1.9453125,-1.7294921875,-0.95947265625,2.08203125,-2.998046875,-0.410888671875,1.7568359375,-2.646484375,0.1317138671875,1.818359375,-2.41796875,0.114990234375
R1190_17,C,17,3.625,-2.6328125,1.380859375,3.830078125,-3.3359375,1.9296875,3.4921875,-2.759765625,2.314453125,3.03125,-3.373046875,1.9365234375,2.978515625,-3.314453125,1.3935546875
R1190_18,A,18,2.185546875,-3.138671875,-1.77734375,2.240234375,-2.759765625,-0.400634765625,2.40625,-2.939453125,-0.6103515625,2.326171875,-3.00390625,-0.734375,2.337890625,-2.189453125,-0.51806640625
R1190_19,A,19,2.294921875,-3.154296875,-0.91748046875,2.041015625,-2.62109375,-0.8740234375,2.486328125,-2.4453125,-0.57666015625,2.76171875,-3.388671875,-0.90283203125,2.55078125,-3.0078125,-0.3837890625
R1190_20,C,20,4.06640625,-3.0703125,0.638671875,2.974609375,-2.84375,0.57080078125,3.763671875,-2.73046875,1.107421875,3.5546875,-2.8828125,0.5703125,4.3515625,-2.94140625,1.0234375
R1190_21,C,21,3.08984375,-2.36328125,1.392578125,2.8359375,-2.20703125,0.7333984375,3.513671875,-2.3671875,0.93896484375,2.75,-2.203125,0.48876953125,3.255859375,-2.80078125,1.421875
R1190_22,C,22,2.63671875,-2.1875,0.41162109375,2.5703125,-1.7470703125,0.78662109375,2.8359375,-1.7607421875,1.09765625,3.173828125,-1.771484375,1.3935546875,1.8916015625,-2.041015625,1.240234375
R1190_23,C,23,2.82421875,-2.076171875,2.53125,2.6171875,-1.4306640625,1.76171875,2.564453125,-1.8994140625,1.3388671875,2.75390625,-1.7900390625,2.275390625,1.958984375,-1.4677734375,1.6201171875
R1190_24,G,24,2.447265625,-1.1064453125,0.81396484375,2.09765625,-1.314453125,0.7109375,1.7978515625,-1.658203125,0.259033203125,2.32421875,-0.9052734375,0.51953125,2.34765625,-1.6005859375,-0.137451171875
R1190_25,A,25,2.029296875,-2.9375,1.04296875,1.9931640625,-2.814453125,0.259033203125,2.16015625,-2.580078125,0.302490234375,1.0576171875,-2.298828125,0.58935546875,2.36328125,-2.759765625,0.2381591796875
R1190_26,A,26,2.10546875,-2.38671875,0.058990478515625,2.37890625,-2.205078125,0.0989990234375,2.056640625,-2.279296875,-0.8369140625,1.73046875,-2.341796875,0.71142578125,2.0390625,-1.0048828125,-0.7529296875
R1190_27,G,27,2.7734375,-1.2744140625,0.041656494140625,2.474609375,-1.326171875,-0.40234375,2.802734375,-1.9072265625,-0.89794921875,2.49609375,-1.9091796875,-1.1708984375,2.650390625,-1.728515625,-0.83349609375
R1190_28,G,28,3.119140625,-1.876953125,-0.81689453125,2.240234375,-2.041015625,-0.79345703125,2.302734375,-1.923828125,-1.4931640625,2.58984375,-2.126953125,-1.119140625,2.75390625,-1.9365234375,-1.2275390625
R1190_29,A,29,1.1845703125,-2.01953125,-0.46142578125,1.1533203125,-1.4814453125,-0.64208984375,1.095703125,-2.765625,-0.48193359375,1.5546875,-1.9931640625,-0.6708984375,0.5654296875,-1.5087890625,-1.1474609375
R1190_30,U,30,0.73388671875,-3.09765625,1.189453125,0.61376953125,-2.5390625,1.228515625,1.013671875,-3.685546875,1.5810546875,0.61572265625,-3.236328125,1.212890625,0.94140625,-2.97265625,1.111328125
R1190_31,C,31,2.404296875,-1.82421875,2.072265625,1.8212890625,-3.068359375,1.353515625,2.166015625,-2.546875,1.4150390625,1.9033203125,-2.72265625,1.6005859375,2.728515625,-2.599609375,2.021484375
R1190_32,G,32,1.5751953125,-2.22265625,-0.0259246826171875,1.392578125,-2.1875,0.029083251953125,1.986328125,-2.328125,0.348388671875,1.77734375,-1.7294921875,-0.3359375,1.5615234375,-1.5263671875,-0.178466796875
R1190_33,G,33,1.8046875,-1.109375,-0.084228515625,1.75,-2.361328125,-0.60009765625,1.4990234375,-2.025390625,-0.62451171875,1.9677734375,-1.8369140625,0.1578369140625,1.6357421875,-1.529296875,-0.262939453125
R1190_34,G,34,1.4560546875,-1.6533203125,-0.32958984375,1.1826171875,-1.7373046875,-0.85986328125,1.857421875,-1.642578125,0.1104736328125,0.7783203125,-1.5966796875,-0.5859375,1.4892578125,-1.62890625,-1.2734375
R1190_35,G,35,1.5322265625,-1.48828125,-0.1934814453125,1.31640625,-1.60546875,-0.65234375,0.70263671875,-1.5322265625,-0.61962890625,1.771484375,-1.4873046875,-0.40576171875,1.291015625,-1.2900390625,-0.412109375
R1190_36,A,36,0.495849609375,-0.92578125,-0.6640625,1.330078125,-1.0908203125,-0.08441162109375,0.291259765625,-1.4033203125,-0.5263671875,0.3349609375,-1.1572265625,-0.421142578125,0.344970703125,-1.03515625,-0.5966796875
R1190_37,A,37,0.276611328125,-0.60791015625,0.04327392578125,0.9443359375,-1.3994140625,0.94482421875,0.97998046875,-1.2099609375,0.55615234375,0.84423828125,-1.2783203125,1.0517578125,1.486328125,-2.41015625,0.35009765625
R1190_38,G,38,1.12890625,-1.5322265625,-0.15869140625,1.2275390625,-0.88720703125,0.3037109375,0.8310546875,-0.67529296875,0.66796875,1.2373046875,-0.5771484375,0.49462890625,1.5791015625,-1.09765625,0.6298828125
R1190_39,G,39,1.4423828125,-1.45703125,0.356689453125,1.3681640625,-1.03125,0.63671875,1.298828125,-1.5908203125,-0.0404052734375,1.8115234375,-1.376953125,0.101806640625,1.5673828125,-1.583984375,1.2197265625
R1190_40,G,40,1.6806640625,-1.3818359375,0.46337890625,1.388671875,-0.93310546875,0.048095703125,1.912109375,-0.93896484375,-1.078125,1.3740234375,-1.408203125,-0.11737060546875,1.96484375,-0.87060546875,0.78369140625
R1190_41,A,41,0.6416015625,-1.4326171875,-0.81884765625,0.9775390625,-1.5419921875,0.03240966796875,0.041229248046875,-0.6982421875,-0.873046875,0.611328125,-1.06640625,-1.2275390625,1.2578125,-1.4365234375,-0.7021484375
R1190_42,C,42,2.60546875,-1.7939453125,0.3173828125,2.80078125,-1.498046875,0.5224609375,2.51171875,-1.462890625,0.1756591796875,2.314453125,-1.4326171875,-0.10235595703125,2.921875,-1.326171875,0.5615234375
R1190_43,G,43,1.123046875,-1.1435546875,-0.28515625,1.275390625,-1.0361328125,-0.5224609375,1.5517578125,-1.4384765625,-0.1024169921875,1.453125,-1.2138671875,0.01433563232421875,1.6669921875,-1.615234375,-0.29150390625
R1190_44,U,44,1.0634765625,-2.546875,1.15234375,1.4248046875,-3.021484375,0.9326171875,1.166015625,-2.673828125,0.90771484375,0.83447265625,-2.56640625,0.853515625,0.60009765625,-2.72265625,0.59375
R1190_45,C,45,1.5,-0.8310546875,0.30419921875,1.2763671875,-0.79248046875,0.492919921875,1.2783203125,-0.740234375,0.23681640625,1.24609375,-1.34765625,0.08343505859375,1.4658203125,-1.044921875,0.60205078125
R1190_46,G,46,0.72216796875,-0.9609375,-0.8017578125,1.1728515625,-1.00390625,-1.1611328125,1.2412109375,-0.461181640625,-1.587890625,1.0234375,-1.2158203125,-1.794921875,0.50537109375,-0.323486328125,-1.240234375
R1190_47,C,47,1.0537109375,-1.841796875,0.603515625,1.8896484375,-2.298828125,0.60595703125,1.388671875,-2.345703125,-0.103759765625,1.7255859375,-1.6845703125,0.37548828125,1.2373046875,-1.7109375,0.248046875
R1190_48,C,48,2.392578125,-2.13671875,0.77197265625,1.6162109375,-2.0703125,0.312744140625,1.634765625,-2.0546875,0.69287109375,1.78125,-1.673828125,0.09002685546875,1.5859375,-2.287109375,0.6845703125
R1190_49,A,49,0.2484130859375,-1.8447265625,-0.9677734375,1.0009765625,-2.150390625,0.19287109375,0.447998046875,-1.6015625,-0.46826171875,0.65087890625,-1.8359375,-1.1845703125,0.467529296875,-1.89453125,-0.50341796875
R1190_50,G,50,2.181640625,-2.296875,0.07501220703125,1.669921875,-2.005859375,0.0987548828125,1.5732421875,-2.638671875,-0.43310546875,2.197265625,-2.8515625,0.1654052734375,2.419921875,-1.5341796875,-0.1043701171875
R1190_51,G,51,1.7509765625,-1.9365234375,0.67236328125,2.2890625,-2.23828125,0.340576171875,1.9716796875,-2.06640625,0.7587890625,2.396484375,-1.9775390625,0.78857421875,1.5029296875,-1.900390625,0.0506591796875
R1190_52,G,52,1.814453125,-2.0625,-0.5302734375,2.25,-1.8935546875,0.415771484375,1.966796875,-1.9716796875,-0.069580078125,1.3076171875,-2.359375,0.297607421875,1.5791015625,-2.484375,0.68115234375
R1190_53,A,53,0.51611328125,-2.08984375,0.25927734375,0.1878662109375,-1.8115234375,0.53125,0.71484375,-1.76953125,0.8623046875,0.4775390625,-1.7734375,0.060302734375,0.77685546875,-2.400390625,1.4951171875
R1190_54,G,54,0.9140625,-1.5185546875,0.82861328125,0.5322265625,-1.787109375,1.0888671875,1.025390625,-2.41796875,0.491943359375,1.0302734375,-1.12109375,1.314453125,0.98388671875,-1.994140625,0.3876953125
R1190_55,G,55,0.29638671875,-1.8408203125,0.270751953125,0.6923828125,-1.9033203125,0.366455078125,1.1181640625,-1.708984375,0.314697265625,0.7314453125,-2.603515625,0.89013671875,0.779296875,-2.134765625,0.244384765625
R1190_56,C,56,1.658203125,-2.296875,1.7294921875,1.56640625,-2.294921875,1.9365234375,1.9404296875,-2.193359375,2.287109375,2.318359375,-2.35546875,1.8681640625,1.625,-2.439453125,2.0625
R1190_57,G,57,0.951171875,-2.595703125,-0.1549072265625,1.4521484375,-2.20703125,0.474853515625,1.27734375,-1.9599609375,-0.2978515625,0.81591796875,-2.078125,0.13623046875,0.67236328125,-2.501953125,0.533203125
R1190_58,A,58,0.366455078125,-2.703125,0.73193359375,-0.54833984375,-2.216796875,0.33740234375,0.1478271484375,-2.337890625,0.70751953125,0.11553955078125,-2.42578125,0.166748046875,0.1258544921875,-2.818359375,0.2454833984375
R1190_59,U,59,0.9755859375,-2.552734375,1.59375,0.22314453125,-3.01953125,1.3212890625,0.95166015625,-3.73046875,1.7958984375,0.7685546875,-2.517578125,2.095703125,1.1318359375,-3.412109375,2.1640625
R1190_60,U,60,0.66796875,-3.140625,1.8193359375,0.426025390625,-2.955078125,1.5244140625,0.5166015625,-3.62109375,2.666015625,0.450927734375,-2.607421875,1.6923828125,0.67529296875,-3.015625,1.9521484375
R1190_61,C,61,1.2998046875,-2.189453125,2.23046875,1.498046875,-2.5546875,2.28515625,1.3837890625,-2.365234375,2.623046875,1.6650390625,-2.41015625,2.548828125,1.609375,-2.08203125,2.158203125
R1190_62,C,62,1.4462890625,-3.33203125,2.568359375,1.90234375,-2.787109375,2.53515625,1.1103515625,-2.55078125,2.021484375,1.833984375,-2.701171875,2.353515625,0.83935546875,-2.2734375,1.7265625
R1190_63,A,63,0.69775390625,-1.9697265625,0.0247344970703125,0.263671875,-2.58984375,0.14599609375,0.421630859375,-2.96484375,1.1005859375,0.5166015625,-2.6484375,-0.140625,0.6875,-2.951171875,0.8896484375
R1190_64,U,64,0.86865234375,-3.21484375,2.021484375,1.220703125,-3.359375,2.431640625,1.2978515625,-3.462890625,2.693359375,1.091796875,-3.19921875,2.064453125,1.3974609375,-2.900390625,1.7744140625
R1190_65,C,65,1.66796875,-2.458984375,2.3984375,1.6455078125,-3.08984375,3.28125,1.666015625,-2.845703125,2.92578125,1.4599609375,-2.01171875,2.115234375,1.5947265625,-2.80078125,2.6796875
R1190_66,A,66,0.08648681640625,-2.125,0.80517578125,-0.020050048828125,-1.9736328125,0.6376953125,0.1812744140625,-2.283203125,0.8291015625,0.337890625,-2.458984375,0.74951171875,0.0004425048828125,-2.228515625,0.75390625
R1190_67,G,67,0.556640625,-1.490234375,0.65478515625,0.65576171875,-1.974609375,1.513671875,0.383056640625,-2.021484375,0.94873046875,0.7373046875,-1.6435546875,0.818359375,0.625,-1.921875,1.060546875
R1190_68,G,68,0.90869140625,-2.291015625,0.50244140625,1.158203125,-1.45703125,0.5908203125,0.70068359375,-2.07421875,0.810546875,1.078125,-2.07421875,0.1331787109375,0.69482421875,-1.958984375,0.1689453125
R1190_69,A,69,-0.318115234375,-1.6904296875,-0.8544921875,-0.197265625,-2.205078125,-0.31005859375,0.06524658203125,-2.05859375,-0.455322265625,0.1329345703125,-1.7734375,-0.039031982421875,0.05767822265625,-2.673828125,-0.35693359375
R1190_70,U,70,1.1494140625,-2.337890625,1.0,0.5869140625,-3.02734375,0.53759765625,1.5634765625,-2.744140625,0.67626953125,1.1728515625,-2.912109375,0.489013671875,1.4921875,-2.81640625,0.94287109375
R1190_71,G,71,1.26953125,-1.2822265625,-0.7568359375,1.611328125,-1.5048828125,-1.2080078125,1.28125,-1.6953125,-1.0615234375,1.3408203125,-1.5380859375,-1.1982421875,1.0830078125,-2.3359375,-0.17138671875
R1190_72,A,72,-0.035491943359375,-1.119140625,-0.28955078125,0.7294921875,-1.701171875,-0.3408203125,0.303466796875,-1.2607421875,-0.341064453125,0.161865234375,-0.98779296875,-0.8447265625,0.2161865234375,-1.3232421875,-0.57373046875
R1190_73,U,73,1.220703125,-2.19921875,0.84375,1.3408203125,-1.736328125,0.412353515625,1.2548828125,-2.59765625,1.0849609375,0.85009765625,-2.0625,0.98193359375,1.90625,-2.212890625,1.4560546875
R1190_74,G,74,1.2802734375,-1.5986328125,-0.73828125,1.861328125,-1.0849609375,0.1761474609375,0.89599609375,-0.9169921875,-0.384521484375,1.1650390625,-1.4736328125,-0.0034656524658203125,1.2099609375,-0.83154296875,-0.154541015625
R1190_75,A,75,0.1680908203125,-1.498046875,-0.11822509765625,0.26953125,-1.09375,0.04376220703125,0.3076171875,-1.216796875,0.1043701171875,0.396728515625,-1.9072265625,-0.072021484375,0.450439453125,-1.6591796875,0.1712646484375
R1190_76,C,76,2.419921875,-2.2421875,1.224609375,2.55859375,-2.1953125,1.3212890625,2.17578125,-2.095703125,1.283203125,1.8115234375,-1.6826171875,1.4677734375,2.673828125,-2.05078125,1.080078125
R1190_77,G,77,1.3251953125,-1.3955078125,-0.89501953125,1.26171875,-0.80224609375,-0.68798828125,1.8876953125,-1.03125,0.06689453125,1.4501953125,-1.7080078125,-0.24169921875,1.669921875,-1.2119140625,-0.4970703125
R1190_78,A,78,0.326416015625,-1.2900390625,-0.796875,0.43798828125,-1.2470703125,-0.8642578125,1.0205078125,-1.33984375,-0.8046875,0.74365234375,-1.5478515625,-0.52734375,0.68310546875,-1.61328125,-0.3671875
R1190_79,G,79,1.3125,-1.3134765625,-0.77099609375,1.6005859375,-1.3369140625,-1.0185546875,1.9306640625,-1.30859375,-0.5400390625,1.3935546875,-1.30859375,-1.1435546875,1.3037109375,-0.7099609375,-1.1171875
R1190_80,G,80,2.052734375,-1.4443359375,-0.371826171875,1.8046875,-1.1875,-0.305908203125,1.7265625,-1.1923828125,-0.63623046875,1.453125,-1.240234375,-0.04840087890625,1.2373046875,-0.74267578125,-0.2110595703125
R1190_81,G,81,2.41015625,-1.220703125,0.87939453125,1.525390625,-1.2578125,-0.219970703125,1.6591796875,-0.60205078125,-0.57470703125,1.5478515625,-0.76513671875,-0.385986328125,1.86328125,-0.6572265625,-0.2333984375
R1190_82,A,82,0.373779296875,-1.4716796875,0.08135986328125,-0.07452392578125,-1.0751953125,0.1390380859375,0.1365966796875,-0.953125,-0.431884765625,0.2210693359375,-1.1064453125,0.386962890625,0.74658203125,-2.087890625,0.7744140625
R1190_83,C,83,3.572265625,-1.84375,2.099609375,3.111328125,-1.759765625,2.5546875,2.9765625,-1.5810546875,2.30859375,3.662109375,-1.6171875,2.0,3.201171875,-1.9619140625,2.376953125
R1190_84,U,84,2.458984375,-2.91015625,1.962890625,2.40625,-2.6953125,2.03125,2.609375,-3.365234375,1.55859375,2.076171875,-2.72265625,1.171875,1.7529296875,-2.794921875,2.00390625
R1190_85,G,85,1.2490234375,-1.41015625,0.038360595703125,1.716796875,-1.181640625,-0.0687255859375,2.052734375,-1.82421875,0.3974609375,1.744140625,-1.28515625,0.53271484375,1.6796875,-1.3759765625,-0.369873046875
R1190_86,A,86,1.701171875,-2.451171875,1.083984375,0.08514404296875,-2.626953125,0.7958984375,0.671875,-2.607421875,0.57080078125,0.1712646484375,-2.076171875,-0.410888671875,0.65087890625,-2.41015625,0.26318359375
R1190_87,A,87,1.1640625,-3.322265625,1.814453125,0.6123046875,-3.5390625,1.5810546875,1.107421875,-2.904296875,1.4091796875,0.66455078125,-2.416015625,0.53515625,0.92578125,-3.080078125,0.63818359375
R1190_88,G,88,0.8115234375,-1.873046875,0.91943359375,0.970703125,-2.0703125,0.77197265625,1.47265625,-1.9326171875,1.12109375,1.25390625,-1.9033203125,0.6279296875,1.349609375,-1.9228515625,1.0126953125
R1190_89,A,89,0.66455078125,-2.009765625,1.57421875,0.677734375,-2.44921875,2.203125,0.736328125,-2.560546875,1.74609375,0.326904296875,-2.806640625,1.4541015625,0.62841796875,-2.64453125,1.8955078125
R1190_90,G,90,1.1435546875,-1.3896484375,1.2998046875,1.228515625,-1.3798828125,1.74609375,1.75,-1.998046875,0.673828125,1.62890625,-1.4814453125,1.03515625,1.28125,-1.599609375,0.68505859375
R1190_91,U,91,1.72265625,-3.375,2.10546875,1.3740234375,-2.646484375,2.224609375,2.02734375,-2.671875,2.232421875,2.341796875,-2.94921875,1.9951171875,1.6474609375,-2.53125,2.2109375
R1190_92,G,92,0.806640625,-1.48046875,1.4599609375,1.49609375,-1.478515625,1.4921875,0.45263671875,-1.0791015625,1.2392578125,1.0517578125,-1.1318359375,1.7314453125,1.1259765625,-1.61328125,0.95458984375
R1190_93,G,93,1.66796875,-2.208984375,0.91357421875,1.6708984375,-1.4384765625,1.1142578125,1.9140625,-2.4375,1.21484375,1.6240234375,-1.1796875,1.1640625,1.662109375,-1.5537109375,0.9033203125
R1190_94,G,94,0.9384765625,-1.166015625,1.064453125,0.97265625,-1.8076171875,0.78076171875,1.2509765625,-1.30859375,0.53076171875,1.80859375,-2.046875,0.798828125,1.412109375,-1.3173828125,1.2646484375
R1190_95,C,95,2.185546875,-2.2265625,2.193359375,2.29296875,-1.7109375,3.328125,2.01171875,-1.2822265625,2.646484375,2.01953125,-1.453125,2.892578125,2.275390625,-1.521484375,3.015625
R1190_96,G,96,1.29296875,-1.525390625,1.38671875,1.3681640625,-0.78564453125,0.7060546875,1.0927734375,-1.478515625,1.5576171875,1.232421875,-1.2265625,1.2763671875,1.29296875,-1.1044921875,1.3505859375
R1190_97,G,97,1.14453125,-1.2529296875,0.7275390625,0.94580078125,-1.0009765625,0.398193359375,0.546875,-0.7158203125,0.84619140625,0.83935546875,-1.486328125,1.0439453125,1.66015625,-1.4384765625,1.287109375
R1190_98,G,98,0.97119140625,-2.0703125,0.6181640625,0.958984375,-1.7255859375,0.4755859375,1.0693359375,-1.46875,0.8544921875,1.1005859375,-1.94921875,1.490234375,1.453125,-1.5537109375,1.2890625
R1190_99,G,99,0.86767578125,-1.728515625,1.2734375,0.9375,-1.71484375,0.626953125,0.8671875,-2.013671875,0.99658203125,1.3310546875,-1.703125,0.43603515625,1.0380859375,-1.4248046875,0.74169921875
R1190_100,U,100,0.284912109375,-3.56640625,2.390625,0.73828125,-4.390625,2.400390625,0.68603515625,-3.814453125,2.525390625,0.80517578125,-4.09375,2.81640625,0.74609375,-4.421875,2.54296875
R1190_101,A,101,0.1920166015625,-1.6435546875,0.67529296875,0.759765625,-2.759765625,0.469970703125,0.6611328125,-3.0546875,1.3203125,0.61669921875,-2.5703125,0.96435546875,0.0870361328125,-1.4580078125,-0.290771484375
R1190_102,A,102,0.5556640625,-1.525390625,0.386474609375,0.4501953125,-1.935546875,0.477783203125,-0.1536865234375,-1.3037109375,0.491943359375,0.2056884765625,-1.9443359375,0.3876953125,-0.2271728515625,-2.3125,-0.0921630859375
R1190_103,U,103,2.111328125,-3.82421875,2.4375,1.64453125,-3.443359375,2.37109375,1.3642578125,-2.873046875,2.203125,1.474609375,-3.17578125,1.53515625,1.4736328125,-3.279296875,2.259765625
R1190_104,A,104,0.80224609375,-1.943359375,1.15625,1.2626953125,-2.4453125,1.205078125,1.1044921875,-2.21484375,0.9453125,1.365234375,-2.455078125,1.234375,1.318359375,-1.9072265625,0.888671875
R1190_105,C,105,1.62890625,-1.3046875,1.904296875,1.3427734375,-1.8203125,1.6611328125,1.634765625,-1.845703125,2.21875,1.033203125,-1.2685546875,1.623046875,1.517578125,-2.0546875,2.4453125
R1190_106,C,106,2.095703125,-1.8271484375,1.69921875,2.099609375,-2.283203125,2.037109375,1.328125,-1.63671875,1.5908203125,1.392578125,-2.30859375,2.677734375,1.728515625,-1.5009765625,2.48828125
R1190_107,C,107,1.96875,-1.0888671875,1.53515625,2.115234375,-1.9375,2.2578125,1.5224609375,-1.7119140625,2.068359375,1.806640625,-1.5341796875,1.533203125,2.013671875,-2.05859375,1.654296875
R1190_108,C,108,2.2109375,-1.28125,1.8759765625,1.912109375,-1.548828125,2.810546875,2.244140625,-1.794921875,2.072265625,1.388671875,-1.6240234375,1.9541015625,1.958984375,-1.5546875,2.677734375
R1190_109,G,109,1.119140625,-1.0634765625,1.3974609375,0.83642578125,-1.466796875,0.46875,1.2314453125,-1.4521484375,0.72314453125,0.91845703125,-1.876953125,0.75146484375,1.3154296875,-0.5048828125,0.65966796875
R1190_110,C,110,1.7177734375,-0.70654296875,1.7890625,1.71484375,-1.0234375,2.34375,1.84765625,-0.79296875,2.587890625,1.8857421875,-1.236328125,2.419921875,1.544921875,-1.1474609375,1.8994140625
R1190_111,C,111,1.3203125,-0.82763671875,2.318359375,1.5361328125,-1.4208984375,2.1484375,1.4404296875,-0.4990234375,2.07421875,1.7744140625,-1.0810546875,2.107421875,2.09765625,-0.78662109375,2.498046875
R1190_112,C,112,1.3759765625,-0.66162109375,1.8310546875,1.328125,-0.68798828125,1.1240234375,1.7314453125,-0.69482421875,2.083984375,2.216796875,-0.75244140625,2.4609375,1.6142578125,-0.68310546875,1.83984375
R1190_113,C,113,2.12890625,-1.7578125,2.38671875,1.7216796875,-0.9951171875,1.751953125,2.126953125,-1.3486328125,1.6015625,1.5927734375,-1.0166015625,1.8212890625,2.4921875,-0.61279296875,1.7744140625
R1190_114,U,114,0.7451171875,-3.08984375,2.185546875,1.091796875,-2.49609375,1.611328125,1.15234375,-2.232421875,1.236328125,1.736328125,-2.888671875,2.337890625,1.0341796875,-3.0859375,2.21875
R1190_115,U,115,0.9423828125,-3.4453125,2.162109375,0.994140625,-3.236328125,1.7802734375,1.3876953125,-3.177734375,1.7353515625,0.92333984375,-2.833984375,1.5595703125,1.2099609375,-3.55078125,2.572265625
R1190_116,U,116,1.25390625,-3.30859375,1.9306640625,0.98095703125,-3.521484375,2.0703125,1.302734375,-3.35546875,2.166015625,1.556640625,-3.20703125,1.5615234375,1.0419921875,-3.0078125,2.208984375
R1190_117,U,117,1.5791015625,-2.912109375,1.5048828125,1.341796875,-2.751953125,1.6357421875,1.9521484375,-3.607421875,2.01953125,1.3095703125,-2.861328125,1.9306640625,1.234375,-2.455078125,1.8857421875
R1190_118,U,118,1.5029296875,-3.029296875,2.80078125,1.1611328125,-2.962890625,1.7333984375,0.76953125,-3.01171875,1.9931640625,1.87890625,-2.931640625,1.9716796875,1.6484375,-2.970703125,2.62109375
